state,year,race6,state_code,year_code,race6_code,births,births_status,ds_cp,ds_cp_status
Alabama,2016,American Indian or Alaska Native,01,2016,1002-5,133,observed,0,zero
Alabama,2016,Asian,01,2016,A,1041,observed,0,zero
Alabama,2016,Black or African American,01,2016,2054-5,18181,observed,Suppressed,suppressed
Alabama,2016,More than one race,01,2016,M,875,observed,0,zero
Alabama,2016,Native Hawaiian or Other Pacific Islander,01,2016,NHOPI,143,observed,0,zero
Alabama,2016,White,01,2016,2106-3,38778,observed,20,observed
Alabama,2017,American Indian or Alaska Native,01,2017,1002-5,150,observed,0,zero
Alabama,2017,Asian,01,2017,A,1005,observed,Suppressed,suppressed
Alabama,2017,Black or African American,01,2017,2054-5,18467,observed,Suppressed,suppressed
Alabama,2017,More than one race,01,2017,M,958,observed,0,zero
Alabama,2017,Native Hawaiian or Other Pacific Islander,01,2017,NHOPI,76,observed,0,zero
Alabama,2017,White,01,2017,2106-3,38285,observed,18,observed
Alabama,2018,American Indian or Alaska Native,01,2018,1002-5,175,observed,0,zero
Alabama,2018,Asian,01,2018,A,946,observed,Suppressed,suppressed
Alabama,2018,Black or African American,01,2018,2054-5,17738,observed,Suppressed,suppressed
Alabama,2018,More than one race,01,2018,M,915,observed,Suppressed,suppressed
Alabama,2018,Native Hawaiian or Other Pacific Islander,01,2018,NHOPI,122,observed,0,zero
Alabama,2018,White,01,2018,2106-3,37865,observed,20,observed
Alabama,2019,American Indian or Alaska Native,01,2019,1002-5,189,observed,0,zero
Alabama,2019,Asian,01,2019,A,930,observed,0,zero
Alabama,2019,Black or African American,01,2019,2054-5,18401,observed,Suppressed,suppressed
Alabama,2019,More than one race,01,2019,M,1087,observed,0,zero
Alabama,2019,Native Hawaiian or Other Pacific Islander,01,2019,NHOPI,76,observed,0,zero
Alabama,2019,White,01,2019,2106-3,37932,observed,28,observed
Alabama,2020,American Indian or Alaska Native,01,2020,1002-5,185,observed,0,zero
Alabama,2020,Asian,01,2020,A,899,observed,0,zero
Alabama,2020,Black or African American,01,2020,2054-5,18016,observed,Suppressed,suppressed
Alabama,2020,More than one race,01,2020,M,1033,observed,0,zero
Alabama,2020,Native Hawaiian or Other Pacific Islander,01,2020,NHOPI,93,observed,0,zero
Alabama,2020,White,01,2020,2106-3,37421,observed,22,observed
Alabama,2021,American Indian or Alaska Native,01,2021,1002-5,214,observed,0,zero
Alabama,2021,Asian,01,2021,A,892,observed,0,zero
Alabama,2021,Black or African American,01,2021,2054-5,16793,observed,Suppressed,suppressed
Alabama,2021,More than one race,01,2021,M,1127,observed,Suppressed,suppressed
Alabama,2021,Native Hawaiian or Other Pacific Islander,01,2021,NHOPI,94,observed,0,zero
Alabama,2021,White,01,2021,2106-3,38934,observed,21,observed
Alabama,2022,American Indian or Alaska Native,01,2022,1002-5,170,observed,0,zero
Alabama,2022,Asian,01,2022,A,824,observed,Suppressed,suppressed
Alabama,2022,Black or African American,01,2022,2054-5,16390,observed,Suppressed,suppressed
Alabama,2022,More than one race,01,2022,M,1213,observed,0,zero
Alabama,2022,Native Hawaiian or Other Pacific Islander,01,2022,NHOPI,106,observed,Suppressed,suppressed
Alabama,2022,White,01,2022,2106-3,39446,observed,21,observed
Alabama,2023,American Indian or Alaska Native,01,2023,1002-5,194,observed,0,zero
Alabama,2023,Asian,01,2023,A,870,observed,Suppressed,suppressed
Alabama,2023,Black or African American,01,2023,2054-5,15764,observed,Suppressed,suppressed
Alabama,2023,More than one race,01,2023,M,1228,observed,0,zero
Alabama,2023,Native Hawaiian or Other Pacific Islander,01,2023,NHOPI,112,observed,0,zero
Alabama,2023,White,01,2023,2106-3,39690,observed,23,observed
Alabama,2024,American Indian or Alaska Native,01,2024,1002-5,235,observed,0,zero
Alabama,2024,Asian,01,2024,A,984,observed,Suppressed,suppressed
Alabama,2024,Black or African American,01,2024,2054-5,14932,observed,Suppressed,suppressed
Alabama,2024,More than one race,01,2024,M,1224,observed,0,zero
Alabama,2024,Native Hawaiian or Other Pacific Islander,01,2024,NHOPI,144,observed,0,zero
Alabama,2024,White,01,2024,2106-3,40415,observed,18,observed
Alaska,2016,American Indian or Alaska Native,02,2016,1002-5,2195,observed,Suppressed,suppressed
Alaska,2016,Asian,02,2016,A,729,observed,Suppressed,suppressed
Alaska,2016,Black or African American,02,2016,2054-5,356,observed,0,zero
Alaska,2016,More than one race,02,2016,M,1164,observed,0,zero
Alaska,2016,Native Hawaiian or Other Pacific Islander,02,2016,NHOPI,298,observed,0,zero
Alaska,2016,White,02,2016,2106-3,6467,observed,Suppressed,suppressed
Alaska,2017,American Indian or Alaska Native,02,2017,1002-5,1985,observed,0,zero
Alaska,2017,Asian,02,2017,A,720,observed,Suppressed,suppressed
Alaska,2017,Black or African American,02,2017,2054-5,377,observed,0,zero
Alaska,2017,More than one race,02,2017,M,1107,observed,0,zero
Alaska,2017,Native Hawaiian or Other Pacific Islander,02,2017,NHOPI,326,observed,Suppressed,suppressed
Alaska,2017,White,02,2017,2106-3,5930,observed,Suppressed,suppressed
Alaska,2018,American Indian or Alaska Native,02,2018,1002-5,1956,observed,Suppressed,suppressed
Alaska,2018,Asian,02,2018,A,659,observed,Suppressed,suppressed
Alaska,2018,Black or African American,02,2018,2054-5,330,observed,Suppressed,suppressed
Alaska,2018,More than one race,02,2018,M,1106,observed,Suppressed,suppressed
Alaska,2018,Native Hawaiian or Other Pacific Islander,02,2018,NHOPI,312,observed,Suppressed,suppressed
Alaska,2018,White,02,2018,2106-3,5723,observed,Suppressed,suppressed
Alaska,2019,American Indian or Alaska Native,02,2019,1002-5,1949,observed,Suppressed,suppressed
Alaska,2019,Asian,02,2019,A,613,observed,Suppressed,suppressed
Alaska,2019,Black or African American,02,2019,2054-5,341,observed,Suppressed,suppressed
Alaska,2019,More than one race,02,2019,M,1048,observed,Suppressed,suppressed
Alaska,2019,Native Hawaiian or Other Pacific Islander,02,2019,NHOPI,321,observed,0,zero
Alaska,2019,White,02,2019,2106-3,5550,observed,Suppressed,suppressed
Alaska,2020,American Indian or Alaska Native,02,2020,1002-5,1852,observed,Suppressed,suppressed
Alaska,2020,Asian,02,2020,A,546,observed,Suppressed,suppressed
Alaska,2020,Black or African American,02,2020,2054-5,318,observed,Suppressed,suppressed
Alaska,2020,More than one race,02,2020,M,1041,observed,Suppressed,suppressed
Alaska,2020,Native Hawaiian or Other Pacific Islander,02,2020,NHOPI,334,observed,0,zero
Alaska,2020,White,02,2020,2106-3,5378,observed,Suppressed,suppressed
Alaska,2021,American Indian or Alaska Native,02,2021,1002-5,1826,observed,0,zero
Alaska,2021,Asian,02,2021,A,544,observed,Suppressed,suppressed
Alaska,2021,Black or African American,02,2021,2054-5,297,observed,0,zero
Alaska,2021,More than one race,02,2021,M,992,observed,0,zero
Alaska,2021,Native Hawaiian or Other Pacific Islander,02,2021,NHOPI,310,observed,Suppressed,suppressed
Alaska,2021,White,02,2021,2106-3,5398,observed,Suppressed,suppressed
Alaska,2022,American Indian or Alaska Native,02,2022,1002-5,1818,observed,0,zero
Alaska,2022,Asian,02,2022,A,594,observed,Suppressed,suppressed
Alaska,2022,Black or African American,02,2022,2054-5,320,observed,0,zero
Alaska,2022,More than one race,02,2022,M,1027,observed,Suppressed,suppressed
Alaska,2022,Native Hawaiian or Other Pacific Islander,02,2022,NHOPI,329,observed,0,zero
Alaska,2022,White,02,2022,2106-3,5271,observed,Suppressed,suppressed
Alaska,2023,American Indian or Alaska Native,02,2023,1002-5,1803,observed,Suppressed,suppressed
Alaska,2023,Asian,02,2023,A,530,observed,Suppressed,suppressed
Alaska,2023,Black or African American,02,2023,2054-5,287,observed,Suppressed,suppressed
Alaska,2023,More than one race,02,2023,M,993,observed,Suppressed,suppressed
Alaska,2023,Native Hawaiian or Other Pacific Islander,02,2023,NHOPI,329,observed,0,zero
Alaska,2023,White,02,2023,2106-3,5073,observed,Suppressed,suppressed
Alaska,2024,American Indian or Alaska Native,02,2024,1002-5,1643,observed,0,zero
Alaska,2024,Asian,02,2024,A,508,observed,0,zero
Alaska,2024,Black or African American,02,2024,2054-5,272,observed,0,zero
Alaska,2024,More than one race,02,2024,M,989,observed,Suppressed,suppressed
Alaska,2024,Native Hawaiian or Other Pacific Islander,02,2024,NHOPI,326,observed,0,zero
Alaska,2024,White,02,2024,2106-3,5205,observed,Suppressed,suppressed
Arizona,2016,American Indian or Alaska Native,04,2016,1002-5,5075,observed,Suppressed,suppressed
Arizona,2016,Asian,04,2016,A,3163,observed,Suppressed,suppressed
Arizona,2016,Black or African American,04,2016,2054-5,4568,observed,Suppressed,suppressed
Arizona,2016,More than one race,04,2016,M,2229,observed,Suppressed,suppressed
Arizona,2016,Native Hawaiian or Other Pacific Islander,04,2016,NHOPI,244,observed,0,zero
Arizona,2016,White,04,2016,2106-3,69241,observed,43,observed
Arizona,2017,American Indian or Alaska Native,04,2017,1002-5,4868,observed,Suppressed,suppressed
Arizona,2017,Asian,04,2017,A,3124,observed,0,zero
Arizona,2017,Black or African American,04,2017,2054-5,4747,observed,Suppressed,suppressed
Arizona,2017,More than one race,04,2017,M,2099,observed,Suppressed,suppressed
Arizona,2017,Native Hawaiian or Other Pacific Islander,04,2017,NHOPI,244,observed,0,zero
Arizona,2017,White,04,2017,2106-3,66790,observed,39,observed
Arizona,2018,American Indian or Alaska Native,04,2018,1002-5,4667,observed,Suppressed,suppressed
Arizona,2018,Asian,04,2018,A,3016,observed,0,zero
Arizona,2018,Black or African American,04,2018,2054-5,4793,observed,0,zero
Arizona,2018,More than one race,04,2018,M,2353,observed,Suppressed,suppressed
Arizona,2018,Native Hawaiian or Other Pacific Islander,04,2018,NHOPI,288,observed,0,zero
Arizona,2018,White,04,2018,2106-3,65606,observed,31,observed
Arizona,2019,American Indian or Alaska Native,04,2019,1002-5,4474,observed,Suppressed,suppressed
Arizona,2019,Asian,04,2019,A,2961,observed,Suppressed,suppressed
Arizona,2019,Black or African American,04,2019,2054-5,5043,observed,Suppressed,suppressed
Arizona,2019,More than one race,04,2019,M,2431,observed,Suppressed,suppressed
Arizona,2019,Native Hawaiian or Other Pacific Islander,04,2019,NHOPI,274,observed,Suppressed,suppressed
Arizona,2019,White,04,2019,2106-3,64192,observed,46,observed
Arizona,2020,American Indian or Alaska Native,04,2020,1002-5,4091,observed,Suppressed,suppressed
Arizona,2020,Asian,04,2020,A,2782,observed,0,zero
Arizona,2020,Black or African American,04,2020,2054-5,4917,observed,Suppressed,suppressed
Arizona,2020,More than one race,04,2020,M,2500,observed,0,zero
Arizona,2020,Native Hawaiian or Other Pacific Islander,04,2020,NHOPI,243,observed,0,zero
Arizona,2020,White,04,2020,2106-3,62414,observed,40,observed
Arizona,2021,American Indian or Alaska Native,04,2021,1002-5,3904,observed,Suppressed,suppressed
Arizona,2021,Asian,04,2021,A,2803,observed,0,zero
Arizona,2021,Black or African American,04,2021,2054-5,4965,observed,Suppressed,suppressed
Arizona,2021,More than one race,04,2021,M,2519,observed,Suppressed,suppressed
Arizona,2021,Native Hawaiian or Other Pacific Islander,04,2021,NHOPI,268,observed,Suppressed,suppressed
Arizona,2021,White,04,2021,2106-3,63457,observed,52,observed
Arizona,2022,American Indian or Alaska Native,04,2022,1002-5,3998,observed,Suppressed,suppressed
Arizona,2022,Asian,04,2022,A,2915,observed,Suppressed,suppressed
Arizona,2022,Black or African American,04,2022,2054-5,5027,observed,Suppressed,suppressed
Arizona,2022,More than one race,04,2022,M,2540,observed,0,zero
Arizona,2022,Native Hawaiian or Other Pacific Islander,04,2022,NHOPI,243,observed,0,zero
Arizona,2022,White,04,2022,2106-3,63824,observed,48,observed
Arizona,2023,American Indian or Alaska Native,04,2023,1002-5,3937,observed,Suppressed,suppressed
Arizona,2023,Asian,04,2023,A,3046,observed,Suppressed,suppressed
Arizona,2023,Black or African American,04,2023,2054-5,4992,observed,Suppressed,suppressed
Arizona,2023,More than one race,04,2023,M,2522,observed,0,zero
Arizona,2023,Native Hawaiian or Other Pacific Islander,04,2023,NHOPI,274,observed,0,zero
Arizona,2023,White,04,2023,2106-3,63325,observed,43,observed
Arizona,2024,American Indian or Alaska Native,04,2024,1002-5,3841,observed,Suppressed,suppressed
Arizona,2024,Asian,04,2024,A,3022,observed,0,zero
Arizona,2024,Black or African American,04,2024,2054-5,5065,observed,Suppressed,suppressed
Arizona,2024,More than one race,04,2024,M,2594,observed,0,zero
Arizona,2024,Native Hawaiian or Other Pacific Islander,04,2024,NHOPI,276,observed,0,zero
Arizona,2024,White,04,2024,2106-3,63913,observed,46,observed
Arkansas,2016,American Indian or Alaska Native,05,2016,1002-5,270,observed,Suppressed,suppressed
Arkansas,2016,Asian,05,2016,A,866,observed,0,zero
Arkansas,2016,Black or African American,05,2016,2054-5,7462,observed,Suppressed,suppressed
Arkansas,2016,More than one race,05,2016,M,624,observed,0,zero
Arkansas,2016,Native Hawaiian or Other Pacific Islander,05,2016,NHOPI,469,observed,0,zero
Arkansas,2016,White,05,2016,2106-3,28583,observed,19,observed
Arkansas,2017,American Indian or Alaska Native,05,2017,1002-5,290,observed,0,zero
Arkansas,2017,Asian,05,2017,A,870,observed,Suppressed,suppressed
Arkansas,2017,Black or African American,05,2017,2054-5,7536,observed,Suppressed,suppressed
Arkansas,2017,More than one race,05,2017,M,705,observed,0,zero
Arkansas,2017,Native Hawaiian or Other Pacific Islander,05,2017,NHOPI,538,observed,0,zero
Arkansas,2017,White,05,2017,2106-3,27581,observed,10,observed
Arkansas,2018,American Indian or Alaska Native,05,2018,1002-5,264,observed,0,zero
Arkansas,2018,Asian,05,2018,A,825,observed,0,zero
Arkansas,2018,Black or African American,05,2018,2054-5,7271,observed,0,zero
Arkansas,2018,More than one race,05,2018,M,683,observed,0,zero
Arkansas,2018,Native Hawaiian or Other Pacific Islander,05,2018,NHOPI,556,observed,Suppressed,suppressed
Arkansas,2018,White,05,2018,2106-3,27419,observed,10,observed
Arkansas,2019,American Indian or Alaska Native,05,2019,1002-5,253,observed,0,zero
Arkansas,2019,Asian,05,2019,A,761,observed,0,zero
Arkansas,2019,Black or African American,05,2019,2054-5,7362,observed,Suppressed,suppressed
Arkansas,2019,More than one race,05,2019,M,693,observed,0,zero
Arkansas,2019,Native Hawaiian or Other Pacific Islander,05,2019,NHOPI,617,observed,0,zero
Arkansas,2019,White,05,2019,2106-3,26878,observed,14,observed
Arkansas,2020,American Indian or Alaska Native,05,2020,1002-5,252,observed,0,zero
Arkansas,2020,Asian,05,2020,A,858,observed,0,zero
Arkansas,2020,Black or African American,05,2020,2054-5,7194,observed,Suppressed,suppressed
Arkansas,2020,More than one race,05,2020,M,670,observed,0,zero
Arkansas,2020,Native Hawaiian or Other Pacific Islander,05,2020,NHOPI,573,observed,0,zero
Arkansas,2020,White,05,2020,2106-3,25704,observed,Suppressed,suppressed
Arkansas,2021,American Indian or Alaska Native,05,2021,1002-5,266,observed,0,zero
Arkansas,2021,Asian,05,2021,A,855,observed,0,zero
Arkansas,2021,Black or African American,05,2021,2054-5,6890,observed,Suppressed,suppressed
Arkansas,2021,More than one race,05,2021,M,735,observed,0,zero
Arkansas,2021,Native Hawaiian or Other Pacific Islander,05,2021,NHOPI,597,observed,0,zero
Arkansas,2021,White,05,2021,2106-3,26622,observed,Suppressed,suppressed
Arkansas,2022,American Indian or Alaska Native,05,2022,1002-5,285,observed,Suppressed,suppressed
Arkansas,2022,Asian,05,2022,A,831,observed,Suppressed,suppressed
Arkansas,2022,Black or African American,05,2022,2054-5,6511,observed,0,zero
Arkansas,2022,More than one race,05,2022,M,763,observed,0,zero
Arkansas,2022,Native Hawaiian or Other Pacific Islander,05,2022,NHOPI,636,observed,Suppressed,suppressed
Arkansas,2022,White,05,2022,2106-3,26445,observed,13,observed
Arkansas,2023,American Indian or Alaska Native,05,2023,1002-5,257,observed,0,zero
Arkansas,2023,Asian,05,2023,A,848,observed,Suppressed,suppressed
Arkansas,2023,Black or African American,05,2023,2054-5,6597,observed,Suppressed,suppressed
Arkansas,2023,More than one race,05,2023,M,868,observed,0,zero
Arkansas,2023,Native Hawaiian or Other Pacific Islander,05,2023,NHOPI,594,observed,0,zero
Arkansas,2023,White,05,2023,2106-3,26100,observed,12,observed
Arkansas,2024,American Indian or Alaska Native,05,2024,1002-5,221,observed,0,zero
Arkansas,2024,Asian,05,2024,A,917,observed,0,zero
Arkansas,2024,Black or African American,05,2024,2054-5,5868,observed,Suppressed,suppressed
Arkansas,2024,More than one race,05,2024,M,920,observed,0,zero
Arkansas,2024,Native Hawaiian or Other Pacific Islander,05,2024,NHOPI,542,observed,Suppressed,suppressed
Arkansas,2024,White,05,2024,2106-3,26927,observed,23,observed
California,2016,American Indian or Alaska Native,06,2016,1002-5,2336,observed,0,zero
California,2016,Asian,06,2016,A,78683,observed,18,observed
California,2016,Black or African American,06,2016,2054-5,26466,observed,Suppressed,suppressed
California,2016,More than one race,06,2016,M,17220,observed,Suppressed,suppressed
California,2016,Native Hawaiian or Other Pacific Islander,06,2016,NHOPI,2101,observed,Suppressed,suppressed
California,2016,White,06,2016,2106-3,362021,observed,129,observed
California,2017,American Indian or Alaska Native,06,2017,1002-5,2261,observed,Suppressed,suppressed
California,2017,Asian,06,2017,A,77274,observed,12,observed
California,2017,Black or African American,06,2017,2054-5,26013,observed,Suppressed,suppressed
California,2017,More than one race,06,2017,M,16962,observed,Suppressed,suppressed
California,2017,Native Hawaiian or Other Pacific Islander,06,2017,NHOPI,2019,observed,0,zero
California,2017,White,06,2017,2106-3,347129,observed,130,observed
California,2018,American Indian or Alaska Native,06,2018,1002-5,2272,observed,Suppressed,suppressed
California,2018,Asian,06,2018,A,73760,observed,19,observed
California,2018,Black or African American,06,2018,2054-5,24665,observed,Suppressed,suppressed
California,2018,More than one race,06,2018,M,17034,observed,Suppressed,suppressed
California,2018,Native Hawaiian or Other Pacific Islander,06,2018,NHOPI,1963,observed,0,zero
California,2018,White,06,2018,2106-3,335226,observed,131,observed
California,2019,American Indian or Alaska Native,06,2019,1002-5,2372,observed,Suppressed,suppressed
California,2019,Asian,06,2019,A,74102,observed,14,observed
California,2019,Black or African American,06,2019,2054-5,25605,observed,Suppressed,suppressed
California,2019,More than one race,06,2019,M,15756,observed,Suppressed,suppressed
California,2019,Native Hawaiian or Other Pacific Islander,06,2019,NHOPI,2003,observed,Suppressed,suppressed
California,2019,White,06,2019,2106-3,326641,observed,153,observed
California,2020,American Indian or Alaska Native,06,2020,1002-5,2329,observed,Suppressed,suppressed
California,2020,Asian,06,2020,A,64524,observed,11,observed
California,2020,Black or African American,06,2020,2054-5,25138,observed,Suppressed,suppressed
California,2020,More than one race,06,2020,M,15098,observed,Suppressed,suppressed
California,2020,Native Hawaiian or Other Pacific Islander,06,2020,NHOPI,1923,observed,0,zero
California,2020,White,06,2020,2106-3,311247,observed,133,observed
California,2021,American Indian or Alaska Native,06,2021,1002-5,2229,observed,Suppressed,suppressed
California,2021,Asian,06,2021,A,61888,observed,15,observed
California,2021,Black or African American,06,2021,2054-5,25110,observed,Suppressed,suppressed
California,2021,More than one race,06,2021,M,15527,observed,Suppressed,suppressed
California,2021,Native Hawaiian or Other Pacific Islander,06,2021,NHOPI,1994,observed,0,zero
California,2021,White,06,2021,2106-3,313860,observed,133,observed
California,2022,American Indian or Alaska Native,06,2022,1002-5,2254,observed,0,zero
California,2022,Asian,06,2022,A,62559,observed,13,observed
California,2022,Black or African American,06,2022,2054-5,23625,observed,Suppressed,suppressed
California,2022,More than one race,06,2022,M,15247,observed,Suppressed,suppressed
California,2022,Native Hawaiian or Other Pacific Islander,06,2022,NHOPI,1927,observed,Suppressed,suppressed
California,2022,White,06,2022,2106-3,313492,observed,115,observed
California,2023,American Indian or Alaska Native,06,2023,1002-5,2121,observed,0,zero
California,2023,Asian,06,2023,A,61164,observed,12,observed
California,2023,Black or African American,06,2023,2054-5,21643,observed,Suppressed,suppressed
California,2023,More than one race,06,2023,M,14983,observed,Suppressed,suppressed
California,2023,Native Hawaiian or Other Pacific Islander,06,2023,NHOPI,1753,observed,0,zero
California,2023,White,06,2023,2106-3,298444,observed,144,observed
California,2024,American Indian or Alaska Native,06,2024,1002-5,2207,observed,0,zero
California,2024,Asian,06,2024,A,64205,observed,Suppressed,suppressed
California,2024,Black or African American,06,2024,2054-5,21065,observed,Suppressed,suppressed
California,2024,More than one race,06,2024,M,15126,observed,Suppressed,suppressed
California,2024,Native Hawaiian or Other Pacific Islander,06,2024,NHOPI,1709,observed,0,zero
California,2024,White,06,2024,2106-3,297763,observed,128,observed
Colorado,2016,American Indian or Alaska Native,08,2016,1002-5,705,observed,Suppressed,suppressed
Colorado,2016,Asian,08,2016,A,2880,observed,Suppressed,suppressed
Colorado,2016,Black or African American,08,2016,2054-5,3638,observed,Suppressed,suppressed
Colorado,2016,More than one race,08,2016,M,1834,observed,Suppressed,suppressed
Colorado,2016,Native Hawaiian or Other Pacific Islander,08,2016,NHOPI,189,observed,0,zero
Colorado,2016,White,08,2016,2106-3,57367,observed,52,observed
Colorado,2017,American Indian or Alaska Native,08,2017,1002-5,749,observed,Suppressed,suppressed
Colorado,2017,Asian,08,2017,A,2887,observed,Suppressed,suppressed
Colorado,2017,Black or African American,08,2017,2054-5,3742,observed,Suppressed,suppressed
Colorado,2017,More than one race,08,2017,M,1880,observed,Suppressed,suppressed
Colorado,2017,Native Hawaiian or Other Pacific Islander,08,2017,NHOPI,192,observed,0,zero
Colorado,2017,White,08,2017,2106-3,54932,observed,43,observed
Colorado,2018,American Indian or Alaska Native,08,2018,1002-5,733,observed,0,zero
Colorado,2018,Asian,08,2018,A,2704,observed,Suppressed,suppressed
Colorado,2018,Black or African American,08,2018,2054-5,3696,observed,Suppressed,suppressed
Colorado,2018,More than one race,08,2018,M,1940,observed,0,zero
Colorado,2018,Native Hawaiian or Other Pacific Islander,08,2018,NHOPI,210,observed,0,zero
Colorado,2018,White,08,2018,2106-3,53602,observed,48,observed
Colorado,2019,American Indian or Alaska Native,08,2019,1002-5,699,observed,0,zero
Colorado,2019,Asian,08,2019,A,2714,observed,Suppressed,suppressed
Colorado,2019,Black or African American,08,2019,2054-5,3620,observed,Suppressed,suppressed
Colorado,2019,More than one race,08,2019,M,1913,observed,Suppressed,suppressed
Colorado,2019,Native Hawaiian or Other Pacific Islander,08,2019,NHOPI,226,observed,0,zero
Colorado,2019,White,08,2019,2106-3,53697,observed,51,observed
Colorado,2020,American Indian or Alaska Native,08,2020,1002-5,707,observed,Suppressed,suppressed
Colorado,2020,Asian,08,2020,A,2704,observed,Suppressed,suppressed
Colorado,2020,Black or African American,08,2020,2054-5,3742,observed,Suppressed,suppressed
Colorado,2020,More than one race,08,2020,M,1989,observed,Suppressed,suppressed
Colorado,2020,Native Hawaiian or Other Pacific Islander,08,2020,NHOPI,216,observed,0,zero
Colorado,2020,White,08,2020,2106-3,52136,observed,42,observed
Colorado,2021,American Indian or Alaska Native,08,2021,1002-5,652,observed,Suppressed,suppressed
Colorado,2021,Asian,08,2021,A,2637,observed,Suppressed,suppressed
Colorado,2021,Black or African American,08,2021,2054-5,3501,observed,Suppressed,suppressed
Colorado,2021,More than one race,08,2021,M,2089,observed,Suppressed,suppressed
Colorado,2021,Native Hawaiian or Other Pacific Islander,08,2021,NHOPI,240,observed,0,zero
Colorado,2021,White,08,2021,2106-3,53830,observed,38,observed
Colorado,2022,American Indian or Alaska Native,08,2022,1002-5,704,observed,0,zero
Colorado,2022,Asian,08,2022,A,2629,observed,0,zero
Colorado,2022,Black or African American,08,2022,2054-5,3530,observed,Suppressed,suppressed
Colorado,2022,More than one race,08,2022,M,2097,observed,Suppressed,suppressed
Colorado,2022,Native Hawaiian or Other Pacific Islander,08,2022,NHOPI,264,observed,0,zero
Colorado,2022,White,08,2022,2106-3,53159,observed,36,observed
Colorado,2023,American Indian or Alaska Native,08,2023,1002-5,766,observed,Suppressed,suppressed
Colorado,2023,Asian,08,2023,A,2687,observed,Suppressed,suppressed
Colorado,2023,Black or African American,08,2023,2054-5,3571,observed,Suppressed,suppressed
Colorado,2023,More than one race,08,2023,M,2105,observed,Suppressed,suppressed
Colorado,2023,Native Hawaiian or Other Pacific Islander,08,2023,NHOPI,310,observed,0,zero
Colorado,2023,White,08,2023,2106-3,52055,observed,39,observed
Colorado,2024,American Indian or Alaska Native,08,2024,1002-5,799,observed,0,zero
Colorado,2024,Asian,08,2024,A,2910,observed,0,zero
Colorado,2024,Black or African American,08,2024,2054-5,3637,observed,Suppressed,suppressed
Colorado,2024,More than one race,08,2024,M,2179,observed,Suppressed,suppressed
Colorado,2024,Native Hawaiian or Other Pacific Islander,08,2024,NHOPI,332,observed,0,zero
Colorado,2024,White,08,2024,2106-3,54411,observed,40,observed
Connecticut,2016,American Indian or Alaska Native,09,2016,1002-5,142,observed,0,zero
Connecticut,2016,Asian,09,2016,A,2758,observed,Suppressed,suppressed
Connecticut,2016,Black or African American,09,2016,2054-5,5355,observed,Suppressed,suppressed
Connecticut,2016,More than one race,09,2016,M,841,observed,Suppressed,suppressed
Connecticut,2016,Native Hawaiian or Other Pacific Islander,09,2016,NHOPI,22,observed,0,zero
Connecticut,2016,White,09,2016,2106-3,26897,observed,12,observed
Connecticut,2017,American Indian or Alaska Native,09,2017,1002-5,165,observed,0,zero
Connecticut,2017,Asian,09,2017,A,2648,observed,Suppressed,suppressed
Connecticut,2017,Black or African American,09,2017,2054-5,5236,observed,Suppressed,suppressed
Connecticut,2017,More than one race,09,2017,M,861,observed,0,zero
Connecticut,2017,Native Hawaiian or Other Pacific Islander,09,2017,NHOPI,19,observed,Suppressed,suppressed
Connecticut,2017,White,09,2017,2106-3,26292,observed,Suppressed,suppressed
Connecticut,2018,American Indian or Alaska Native,09,2018,1002-5,210,observed,0,zero
Connecticut,2018,Asian,09,2018,A,2280,observed,Suppressed,suppressed
Connecticut,2018,Black or African American,09,2018,2054-5,5291,observed,Suppressed,suppressed
Connecticut,2018,More than one race,09,2018,M,911,observed,Suppressed,suppressed
Connecticut,2018,Native Hawaiian or Other Pacific Islander,09,2018,NHOPI,16,observed,0,zero
Connecticut,2018,White,09,2018,2106-3,26017,observed,13,observed
Connecticut,2019,American Indian or Alaska Native,09,2019,1002-5,264,observed,0,zero
Connecticut,2019,Asian,09,2019,A,2248,observed,0,zero
Connecticut,2019,Black or African American,09,2019,2054-5,5209,observed,Suppressed,suppressed
Connecticut,2019,More than one race,09,2019,M,880,observed,0,zero
Connecticut,2019,Native Hawaiian or Other Pacific Islander,09,2019,NHOPI,18,observed,0,zero
Connecticut,2019,White,09,2019,2106-3,25639,observed,Suppressed,suppressed
Connecticut,2020,American Indian or Alaska Native,09,2020,1002-5,269,observed,Suppressed,suppressed
Connecticut,2020,Asian,09,2020,A,2030,observed,0,zero
Connecticut,2020,Black or African American,09,2020,2054-5,5065,observed,Suppressed,suppressed
Connecticut,2020,More than one race,09,2020,M,872,observed,0,zero
Connecticut,2020,Native Hawaiian or Other Pacific Islander,09,2020,NHOPI,14,observed,0,zero
Connecticut,2020,White,09,2020,2106-3,25210,observed,11,observed
Connecticut,2021,American Indian or Alaska Native,09,2021,1002-5,283,observed,0,zero
Connecticut,2021,Asian,09,2021,A,1981,observed,0,zero
Connecticut,2021,Black or African American,09,2021,2054-5,5581,observed,Suppressed,suppressed
Connecticut,2021,More than one race,09,2021,M,922,observed,0,zero
Connecticut,2021,Native Hawaiian or Other Pacific Islander,09,2021,NHOPI,24,observed,0,zero
Connecticut,2021,White,09,2021,2106-3,26879,observed,12,observed
Connecticut,2022,American Indian or Alaska Native,09,2022,1002-5,310,observed,0,zero
Connecticut,2022,Asian,09,2022,A,1925,observed,Suppressed,suppressed
Connecticut,2022,Black or African American,09,2022,2054-5,5619,observed,Suppressed,suppressed
Connecticut,2022,More than one race,09,2022,M,1051,observed,0,zero
Connecticut,2022,Native Hawaiian or Other Pacific Islander,09,2022,NHOPI,29,observed,0,zero
Connecticut,2022,White,09,2022,2106-3,26398,observed,18,observed
Connecticut,2023,American Indian or Alaska Native,09,2023,1002-5,296,observed,Suppressed,suppressed
Connecticut,2023,Asian,09,2023,A,1915,observed,0,zero
Connecticut,2023,Black or African American,09,2023,2054-5,5344,observed,Suppressed,suppressed
Connecticut,2023,More than one race,09,2023,M,1189,observed,0,zero
Connecticut,2023,Native Hawaiian or Other Pacific Islander,09,2023,NHOPI,31,observed,0,zero
Connecticut,2023,White,09,2023,2106-3,25784,observed,11,observed
Connecticut,2024,American Indian or Alaska Native,09,2024,1002-5,249,observed,0,zero
Connecticut,2024,Asian,09,2024,A,1980,observed,0,zero
Connecticut,2024,Black or African American,09,2024,2054-5,5221,observed,Suppressed,suppressed
Connecticut,2024,More than one race,09,2024,M,1043,observed,0,zero
Connecticut,2024,Native Hawaiian or Other Pacific Islander,09,2024,NHOPI,19,observed,0,zero
Connecticut,2024,White,09,2024,2106-3,26087,observed,19,observed
Delaware,2016,American Indian or Alaska Native,10,2016,1002-5,19,observed,0,zero
Delaware,2016,Asian,10,2016,A,663,observed,0,zero
Delaware,2016,Black or African American,10,2016,2054-5,3075,observed,Suppressed,suppressed
Delaware,2016,More than one race,10,2016,M,281,observed,Suppressed,suppressed
Delaware,2016,Native Hawaiian or Other Pacific Islander,10,2016,NHOPI,12,observed,0,zero
Delaware,2016,White,10,2016,2106-3,6942,observed,Suppressed,suppressed
Delaware,2017,American Indian or Alaska Native,10,2017,1002-5,33,observed,0,zero
Delaware,2017,Asian,10,2017,A,695,observed,0,zero
Delaware,2017,Black or African American,10,2017,2054-5,3117,observed,Suppressed,suppressed
Delaware,2017,More than one race,10,2017,M,333,observed,0,zero
Delaware,2017,Native Hawaiian or Other Pacific Islander,10,2017,NHOPI,Suppressed,suppressed,0,zero
Delaware,2017,White,10,2017,2106-3,6669,observed,14,observed
Delaware,2018,American Indian or Alaska Native,10,2018,1002-5,19,observed,0,zero
Delaware,2018,Asian,10,2018,A,651,observed,Suppressed,suppressed
Delaware,2018,Black or African American,10,2018,2054-5,3033,observed,Suppressed,suppressed
Delaware,2018,More than one race,10,2018,M,314,observed,0,zero
Delaware,2018,Native Hawaiian or Other Pacific Islander,10,2018,NHOPI,Suppressed,suppressed,0,zero
Delaware,2018,White,10,2018,2106-3,6597,observed,11,observed
Delaware,2019,American Indian or Alaska Native,10,2019,1002-5,25,observed,0,zero
Delaware,2019,Asian,10,2019,A,640,observed,0,zero
Delaware,2019,Black or African American,10,2019,2054-5,3064,observed,Suppressed,suppressed
Delaware,2019,More than one race,10,2019,M,373,observed,0,zero
Delaware,2019,Native Hawaiian or Other Pacific Islander,10,2019,NHOPI,27,observed,0,zero
Delaware,2019,White,10,2019,2106-3,6433,observed,Suppressed,suppressed
Delaware,2020,American Indian or Alaska Native,10,2020,1002-5,32,observed,0,zero
Delaware,2020,Asian,10,2020,A,624,observed,0,zero
Delaware,2020,Black or African American,10,2020,2054-5,2989,observed,Suppressed,suppressed
Delaware,2020,More than one race,10,2020,M,321,observed,0,zero
Delaware,2020,Native Hawaiian or Other Pacific Islander,10,2020,NHOPI,18,observed,0,zero
Delaware,2020,White,10,2020,2106-3,6408,observed,Suppressed,suppressed
Delaware,2021,American Indian or Alaska Native,10,2021,1002-5,17,observed,0,zero
Delaware,2021,Asian,10,2021,A,548,observed,0,zero
Delaware,2021,Black or African American,10,2021,2054-5,2966,observed,0,zero
Delaware,2021,More than one race,10,2021,M,353,observed,0,zero
Delaware,2021,Native Hawaiian or Other Pacific Islander,10,2021,NHOPI,13,observed,0,zero
Delaware,2021,White,10,2021,2106-3,6585,observed,Suppressed,suppressed
Delaware,2022,American Indian or Alaska Native,10,2022,1002-5,22,observed,0,zero
Delaware,2022,Asian,10,2022,A,568,observed,0,zero
Delaware,2022,Black or African American,10,2022,2054-5,3145,observed,Suppressed,suppressed
Delaware,2022,More than one race,10,2022,M,348,observed,Suppressed,suppressed
Delaware,2022,Native Hawaiian or Other Pacific Islander,10,2022,NHOPI,32,observed,Suppressed,suppressed
Delaware,2022,White,10,2022,2106-3,6701,observed,Suppressed,suppressed
Delaware,2023,American Indian or Alaska Native,10,2023,1002-5,32,observed,0,zero
Delaware,2023,Asian,10,2023,A,642,observed,0,zero
Delaware,2023,Black or African American,10,2023,2054-5,2987,observed,Suppressed,suppressed
Delaware,2023,More than one race,10,2023,M,360,observed,0,zero
Delaware,2023,Native Hawaiian or Other Pacific Islander,10,2023,NHOPI,16,observed,0,zero
Delaware,2023,White,10,2023,2106-3,6390,observed,Suppressed,suppressed
Delaware,2024,American Indian or Alaska Native,10,2024,1002-5,32,observed,0,zero
Delaware,2024,Asian,10,2024,A,620,observed,0,zero
Delaware,2024,Black or African American,10,2024,2054-5,3049,observed,Suppressed,suppressed
Delaware,2024,More than one race,10,2024,M,385,observed,0,zero
Delaware,2024,Native Hawaiian or Other Pacific Islander,10,2024,NHOPI,34,observed,0,zero
Delaware,2024,White,10,2024,2106-3,6430,observed,Suppressed,suppressed
District of Columbia,2016,American Indian or Alaska Native,11,2016,1002-5,16,observed,0,zero
District of Columbia,2016,Asian,11,2016,A,497,observed,0,zero
District of Columbia,2016,Black or African American,11,2016,2054-5,5480,observed,Suppressed,suppressed
District of Columbia,2016,More than one race,11,2016,M,189,observed,0,zero
District of Columbia,2016,Native Hawaiian or Other Pacific Islander,11,2016,NHOPI,19,observed,0,zero
District of Columbia,2016,White,11,2016,2106-3,3657,observed,0,zero
District of Columbia,2017,American Indian or Alaska Native,11,2017,1002-5,15,observed,Suppressed,suppressed
District of Columbia,2017,Asian,11,2017,A,473,observed,0,zero
District of Columbia,2017,Black or African American,11,2017,2054-5,5202,observed,Suppressed,suppressed
District of Columbia,2017,More than one race,11,2017,M,207,observed,Suppressed,suppressed
District of Columbia,2017,Native Hawaiian or Other Pacific Islander,11,2017,NHOPI,26,observed,0,zero
District of Columbia,2017,White,11,2017,2106-3,3637,observed,Suppressed,suppressed
District of Columbia,2018,American Indian or Alaska Native,11,2018,1002-5,25,observed,0,zero
District of Columbia,2018,Asian,11,2018,A,476,observed,0,zero
District of Columbia,2018,Black or African American,11,2018,2054-5,4509,observed,Suppressed,suppressed
District of Columbia,2018,More than one race,11,2018,M,182,observed,0,zero
District of Columbia,2018,Native Hawaiian or Other Pacific Islander,11,2018,NHOPI,49,observed,0,zero
District of Columbia,2018,White,11,2018,2106-3,3971,observed,0,zero
District of Columbia,2019,American Indian or Alaska Native,11,2019,1002-5,25,observed,0,zero
District of Columbia,2019,Asian,11,2019,A,422,observed,0,zero
District of Columbia,2019,Black or African American,11,2019,2054-5,4417,observed,Suppressed,suppressed
District of Columbia,2019,More than one race,11,2019,M,217,observed,0,zero
District of Columbia,2019,Native Hawaiian or Other Pacific Islander,11,2019,NHOPI,23,observed,0,zero
District of Columbia,2019,White,11,2019,2106-3,3975,observed,Suppressed,suppressed
District of Columbia,2020,American Indian or Alaska Native,11,2020,1002-5,67,observed,0,zero
District of Columbia,2020,Asian,11,2020,A,429,observed,0,zero
District of Columbia,2020,Black or African American,11,2020,2054-5,4266,observed,Suppressed,suppressed
District of Columbia,2020,More than one race,11,2020,M,197,observed,0,zero
District of Columbia,2020,Native Hawaiian or Other Pacific Islander,11,2020,NHOPI,Suppressed,suppressed,0,zero
District of Columbia,2020,White,11,2020,2106-3,3910,observed,Suppressed,suppressed
District of Columbia,2021,American Indian or Alaska Native,11,2021,1002-5,37,observed,0,zero
District of Columbia,2021,Asian,11,2021,A,446,observed,Suppressed,suppressed
District of Columbia,2021,Black or African American,11,2021,2054-5,3869,observed,Suppressed,suppressed
District of Columbia,2021,More than one race,11,2021,M,352,observed,0,zero
District of Columbia,2021,Native Hawaiian or Other Pacific Islander,11,2021,NHOPI,13,observed,0,zero
District of Columbia,2021,White,11,2021,2106-3,3943,observed,Suppressed,suppressed
District of Columbia,2022,American Indian or Alaska Native,11,2022,1002-5,26,observed,0,zero
District of Columbia,2022,Asian,11,2022,A,434,observed,0,zero
District of Columbia,2022,Black or African American,11,2022,2054-5,3744,observed,Suppressed,suppressed
District of Columbia,2022,More than one race,11,2022,M,224,observed,0,zero
District of Columbia,2022,Native Hawaiian or Other Pacific Islander,11,2022,NHOPI,15,observed,0,zero
District of Columbia,2022,White,11,2022,2106-3,3632,observed,Suppressed,suppressed
District of Columbia,2023,American Indian or Alaska Native,11,2023,1002-5,52,observed,0,zero
District of Columbia,2023,Asian,11,2023,A,376,observed,0,zero
District of Columbia,2023,Black or African American,11,2023,2054-5,3626,observed,Suppressed,suppressed
District of Columbia,2023,More than one race,11,2023,M,192,observed,0,zero
District of Columbia,2023,Native Hawaiian or Other Pacific Islander,11,2023,NHOPI,30,observed,0,zero
District of Columbia,2023,White,11,2023,2106-3,3620,observed,Suppressed,suppressed
District of Columbia,2024,American Indian or Alaska Native,11,2024,1002-5,45,observed,0,zero
District of Columbia,2024,Asian,11,2024,A,387,observed,0,zero
District of Columbia,2024,Black or African American,11,2024,2054-5,3460,observed,0,zero
District of Columbia,2024,More than one race,11,2024,M,199,observed,0,zero
District of Columbia,2024,Native Hawaiian or Other Pacific Islander,11,2024,NHOPI,Suppressed,suppressed,0,zero
District of Columbia,2024,White,11,2024,2106-3,3522,observed,Suppressed,suppressed
Florida,2016,American Indian or Alaska Native,12,2016,1002-5,318,observed,0,zero
Florida,2016,Asian,12,2016,A,8086,observed,Suppressed,suppressed
Florida,2016,Black or African American,12,2016,2054-5,56594,observed,11,observed
Florida,2016,More than one race,12,2016,M,2828,observed,Suppressed,suppressed
Florida,2016,Native Hawaiian or Other Pacific Islander,12,2016,NHOPI,190,observed,0,zero
Florida,2016,White,12,2016,2106-3,157006,observed,37,observed
Florida,2017,American Indian or Alaska Native,12,2017,1002-5,393,observed,0,zero
Florida,2017,Asian,12,2017,A,7915,observed,Suppressed,suppressed
Florida,2017,Black or African American,12,2017,2054-5,57319,observed,Suppressed,suppressed
Florida,2017,More than one race,12,2017,M,3276,observed,Suppressed,suppressed
Florida,2017,Native Hawaiian or Other Pacific Islander,12,2017,NHOPI,223,observed,0,zero
Florida,2017,White,12,2017,2106-3,154504,observed,34,observed
Florida,2018,American Indian or Alaska Native,12,2018,1002-5,472,observed,0,zero
Florida,2018,Asian,12,2018,A,7394,observed,Suppressed,suppressed
Florida,2018,Black or African American,12,2018,2054-5,52349,observed,12,observed
Florida,2018,More than one race,12,2018,M,3174,observed,0,zero
Florida,2018,Native Hawaiian or Other Pacific Islander,12,2018,NHOPI,208,observed,0,zero
Florida,2018,White,12,2018,2106-3,157945,observed,40,observed
Florida,2019,American Indian or Alaska Native,12,2019,1002-5,401,observed,0,zero
Florida,2019,Asian,12,2019,A,7441,observed,0,zero
Florida,2019,Black or African American,12,2019,2054-5,52202,observed,Suppressed,suppressed
Florida,2019,More than one race,12,2019,M,3297,observed,Suppressed,suppressed
Florida,2019,Native Hawaiian or Other Pacific Islander,12,2019,NHOPI,198,observed,0,zero
Florida,2019,White,12,2019,2106-3,156463,observed,38,observed
Florida,2020,American Indian or Alaska Native,12,2020,1002-5,339,observed,0,zero
Florida,2020,Asian,12,2020,A,6922,observed,0,zero
Florida,2020,Black or African American,12,2020,2054-5,50272,observed,11,observed
Florida,2020,More than one race,12,2020,M,3276,observed,0,zero
Florida,2020,Native Hawaiian or Other Pacific Islander,12,2020,NHOPI,201,observed,0,zero
Florida,2020,White,12,2020,2106-3,148661,observed,36,observed
Florida,2021,American Indian or Alaska Native,12,2021,1002-5,392,observed,0,zero
Florida,2021,Asian,12,2021,A,6926,observed,Suppressed,suppressed
Florida,2021,Black or African American,12,2021,2054-5,50567,observed,Suppressed,suppressed
Florida,2021,More than one race,12,2021,M,3385,observed,Suppressed,suppressed
Florida,2021,Native Hawaiian or Other Pacific Islander,12,2021,NHOPI,227,observed,0,zero
Florida,2021,White,12,2021,2106-3,154763,observed,48,observed
Florida,2022,American Indian or Alaska Native,12,2022,1002-5,469,observed,0,zero
Florida,2022,Asian,12,2022,A,7054,observed,Suppressed,suppressed
Florida,2022,Black or African American,12,2022,2054-5,52782,observed,11,observed
Florida,2022,More than one race,12,2022,M,3570,observed,0,zero
Florida,2022,Native Hawaiian or Other Pacific Islander,12,2022,NHOPI,252,observed,0,zero
Florida,2022,White,12,2022,2106-3,160306,observed,32,observed
Florida,2023,American Indian or Alaska Native,12,2023,1002-5,496,observed,0,zero
Florida,2023,Asian,12,2023,A,7207,observed,Suppressed,suppressed
Florida,2023,Black or African American,12,2023,2054-5,50388,observed,24,observed
Florida,2023,More than one race,12,2023,M,3588,observed,Suppressed,suppressed
Florida,2023,Native Hawaiian or Other Pacific Islander,12,2023,NHOPI,262,observed,0,zero
Florida,2023,White,12,2023,2106-3,159469,observed,57,observed
Florida,2024,American Indian or Alaska Native,12,2024,1002-5,515,observed,0,zero
Florida,2024,Asian,12,2024,A,7644,observed,Suppressed,suppressed
Florida,2024,Black or African American,12,2024,2054-5,48442,observed,19,observed
Florida,2024,More than one race,12,2024,M,3726,observed,Suppressed,suppressed
Florida,2024,Native Hawaiian or Other Pacific Islander,12,2024,NHOPI,279,observed,0,zero
Florida,2024,White,12,2024,2106-3,163783,observed,60,observed
Georgia,2016,American Indian or Alaska Native,13,2016,1002-5,213,observed,0,zero
Georgia,2016,Asian,13,2016,A,6434,observed,Suppressed,suppressed
Georgia,2016,Black or African American,13,2016,2054-5,47765,observed,19,observed
Georgia,2016,More than one race,13,2016,M,2438,observed,Suppressed,suppressed
Georgia,2016,Native Hawaiian or Other Pacific Islander,13,2016,NHOPI,178,observed,0,zero
Georgia,2016,White,13,2016,2106-3,73014,observed,46,observed
Georgia,2017,American Indian or Alaska Native,13,2017,1002-5,199,observed,0,zero
Georgia,2017,Asian,13,2017,A,6533,observed,Suppressed,suppressed
Georgia,2017,Black or African American,13,2017,2054-5,47309,observed,11,observed
Georgia,2017,More than one race,13,2017,M,2609,observed,0,zero
Georgia,2017,Native Hawaiian or Other Pacific Islander,13,2017,NHOPI,178,observed,0,zero
Georgia,2017,White,13,2017,2106-3,72415,observed,35,observed
Georgia,2018,American Indian or Alaska Native,13,2018,1002-5,177,observed,0,zero
Georgia,2018,Asian,13,2018,A,6114,observed,Suppressed,suppressed
Georgia,2018,Black or African American,13,2018,2054-5,45257,observed,11,observed
Georgia,2018,More than one race,13,2018,M,2609,observed,0,zero
Georgia,2018,Native Hawaiian or Other Pacific Islander,13,2018,NHOPI,205,observed,0,zero
Georgia,2018,White,13,2018,2106-3,71810,observed,27,observed
Georgia,2019,American Indian or Alaska Native,13,2019,1002-5,151,observed,0,zero
Georgia,2019,Asian,13,2019,A,6093,observed,0,zero
Georgia,2019,Black or African American,13,2019,2054-5,45271,observed,18,observed
Georgia,2019,More than one race,13,2019,M,2688,observed,0,zero
Georgia,2019,Native Hawaiian or Other Pacific Islander,13,2019,NHOPI,207,observed,0,zero
Georgia,2019,White,13,2019,2106-3,71961,observed,48,observed
Georgia,2020,American Indian or Alaska Native,13,2020,1002-5,216,observed,0,zero
Georgia,2020,Asian,13,2020,A,5852,observed,0,zero
Georgia,2020,Black or African American,13,2020,2054-5,43963,observed,14,observed
Georgia,2020,More than one race,13,2020,M,2698,observed,Suppressed,suppressed
Georgia,2020,Native Hawaiian or Other Pacific Islander,13,2020,NHOPI,249,observed,0,zero
Georgia,2020,White,13,2020,2106-3,69495,observed,43,observed
Georgia,2021,American Indian or Alaska Native,13,2021,1002-5,206,observed,0,zero
Georgia,2021,Asian,13,2021,A,5737,observed,Suppressed,suppressed
Georgia,2021,Black or African American,13,2021,2054-5,43457,observed,17,observed
Georgia,2021,More than one race,13,2021,M,3026,observed,0,zero
Georgia,2021,Native Hawaiian or Other Pacific Islander,13,2021,NHOPI,256,observed,0,zero
Georgia,2021,White,13,2021,2106-3,71391,observed,39,observed
Georgia,2022,American Indian or Alaska Native,13,2022,1002-5,223,observed,0,zero
Georgia,2022,Asian,13,2022,A,5947,observed,Suppressed,suppressed
Georgia,2022,Black or African American,13,2022,2054-5,43669,observed,24,observed
Georgia,2022,More than one race,13,2022,M,3071,observed,0,zero
Georgia,2022,Native Hawaiian or Other Pacific Islander,13,2022,NHOPI,278,observed,0,zero
Georgia,2022,White,13,2022,2106-3,72942,observed,37,observed
Georgia,2023,American Indian or Alaska Native,13,2023,1002-5,234,observed,0,zero
Georgia,2023,Asian,13,2023,A,6018,observed,Suppressed,suppressed
Georgia,2023,Black or African American,13,2023,2054-5,42770,observed,12,observed
Georgia,2023,More than one race,13,2023,M,3161,observed,Suppressed,suppressed
Georgia,2023,Native Hawaiian or Other Pacific Islander,13,2023,NHOPI,329,observed,0,zero
Georgia,2023,White,13,2023,2106-3,72608,observed,35,observed
Georgia,2024,American Indian or Alaska Native,13,2024,1002-5,196,observed,0,zero
Georgia,2024,Asian,13,2024,A,6316,observed,Suppressed,suppressed
Georgia,2024,Black or African American,13,2024,2054-5,40797,observed,11,observed
Georgia,2024,More than one race,13,2024,M,3301,observed,Suppressed,suppressed
Georgia,2024,Native Hawaiian or Other Pacific Islander,13,2024,NHOPI,308,observed,0,zero
Georgia,2024,White,13,2024,2106-3,75519,observed,35,observed
Hawaii,2016,American Indian or Alaska Native,15,2016,1002-5,31,observed,0,zero
Hawaii,2016,Asian,15,2016,A,4652,observed,0,zero
Hawaii,2016,Black or African American,15,2016,2054-5,472,observed,0,zero
Hawaii,2016,More than one race,15,2016,M,6431,observed,Suppressed,suppressed
Hawaii,2016,Native Hawaiian or Other Pacific Islander,15,2016,NHOPI,1767,observed,0,zero
Hawaii,2016,White,15,2016,2106-3,4706,observed,0,zero
Hawaii,2017,American Indian or Alaska Native,15,2017,1002-5,41,observed,0,zero
Hawaii,2017,Asian,15,2017,A,4689,observed,Suppressed,suppressed
Hawaii,2017,Black or African American,15,2017,2054-5,409,observed,Suppressed,suppressed
Hawaii,2017,More than one race,15,2017,M,6274,observed,0,zero
Hawaii,2017,Native Hawaiian or Other Pacific Islander,15,2017,NHOPI,1706,observed,0,zero
Hawaii,2017,White,15,2017,2106-3,4398,observed,Suppressed,suppressed
Hawaii,2018,American Indian or Alaska Native,15,2018,1002-5,37,observed,0,zero
Hawaii,2018,Asian,15,2018,A,4407,observed,0,zero
Hawaii,2018,Black or African American,15,2018,2054-5,432,observed,0,zero
Hawaii,2018,More than one race,15,2018,M,6118,observed,Suppressed,suppressed
Hawaii,2018,Native Hawaiian or Other Pacific Islander,15,2018,NHOPI,1713,observed,0,zero
Hawaii,2018,White,15,2018,2106-3,4265,observed,Suppressed,suppressed
Hawaii,2019,American Indian or Alaska Native,15,2019,1002-5,31,observed,0,zero
Hawaii,2019,Asian,15,2019,A,4373,observed,0,zero
Hawaii,2019,Black or African American,15,2019,2054-5,436,observed,0,zero
Hawaii,2019,More than one race,15,2019,M,6037,observed,0,zero
Hawaii,2019,Native Hawaiian or Other Pacific Islander,15,2019,NHOPI,1710,observed,0,zero
Hawaii,2019,White,15,2019,2106-3,4210,observed,Suppressed,suppressed
Hawaii,2020,American Indian or Alaska Native,15,2020,1002-5,26,observed,0,zero
Hawaii,2020,Asian,15,2020,A,3972,observed,0,zero
Hawaii,2020,Black or African American,15,2020,2054-5,389,observed,0,zero
Hawaii,2020,More than one race,15,2020,M,5733,observed,Suppressed,suppressed
Hawaii,2020,Native Hawaiian or Other Pacific Islander,15,2020,NHOPI,1591,observed,0,zero
Hawaii,2020,White,15,2020,2106-3,4074,observed,0,zero
Hawaii,2021,American Indian or Alaska Native,15,2021,1002-5,30,observed,0,zero
Hawaii,2021,Asian,15,2021,A,3903,observed,0,zero
Hawaii,2021,Black or African American,15,2021,2054-5,350,observed,0,zero
Hawaii,2021,More than one race,15,2021,M,5915,observed,Suppressed,suppressed
Hawaii,2021,Native Hawaiian or Other Pacific Islander,15,2021,NHOPI,1383,observed,0,zero
Hawaii,2021,White,15,2021,2106-3,4039,observed,Suppressed,suppressed
Hawaii,2022,American Indian or Alaska Native,15,2022,1002-5,33,observed,0,zero
Hawaii,2022,Asian,15,2022,A,3880,observed,0,zero
Hawaii,2022,Black or African American,15,2022,2054-5,337,observed,0,zero
Hawaii,2022,More than one race,15,2022,M,5791,observed,0,zero
Hawaii,2022,Native Hawaiian or Other Pacific Islander,15,2022,NHOPI,1503,observed,0,zero
Hawaii,2022,White,15,2022,2106-3,3991,observed,Suppressed,suppressed
Hawaii,2023,American Indian or Alaska Native,15,2023,1002-5,34,observed,0,zero
Hawaii,2023,Asian,15,2023,A,3569,observed,Suppressed,suppressed
Hawaii,2023,Black or African American,15,2023,2054-5,325,observed,0,zero
Hawaii,2023,More than one race,15,2023,M,5583,observed,0,zero
Hawaii,2023,Native Hawaiian or Other Pacific Islander,15,2023,NHOPI,1415,observed,Suppressed,suppressed
Hawaii,2023,White,15,2023,2106-3,3882,observed,Suppressed,suppressed
Hawaii,2024,American Indian or Alaska Native,15,2024,1002-5,27,observed,0,zero
Hawaii,2024,Asian,15,2024,A,3589,observed,Suppressed,suppressed
Hawaii,2024,Black or African American,15,2024,2054-5,312,observed,0,zero
Hawaii,2024,More than one race,15,2024,M,5640,observed,Suppressed,suppressed
Hawaii,2024,Native Hawaiian or Other Pacific Islander,15,2024,NHOPI,1450,observed,0,zero
Hawaii,2024,White,15,2024,2106-3,3899,observed,Suppressed,suppressed
Idaho,2016,American Indian or Alaska Native,16,2016,1002-5,366,observed,Suppressed,suppressed
Idaho,2016,Asian,16,2016,A,393,observed,0,zero
Idaho,2016,Black or African American,16,2016,2054-5,244,observed,0,zero
Idaho,2016,More than one race,16,2016,M,401,observed,Suppressed,suppressed
Idaho,2016,Native Hawaiian or Other Pacific Islander,16,2016,NHOPI,65,observed,0,zero
Idaho,2016,White,16,2016,2106-3,21013,observed,24,observed
Idaho,2017,American Indian or Alaska Native,16,2017,1002-5,367,observed,0,zero
Idaho,2017,Asian,16,2017,A,411,observed,0,zero
Idaho,2017,Black or African American,16,2017,2054-5,286,observed,Suppressed,suppressed
Idaho,2017,More than one race,16,2017,M,465,observed,Suppressed,suppressed
Idaho,2017,Native Hawaiian or Other Pacific Islander,16,2017,NHOPI,62,observed,0,zero
Idaho,2017,White,16,2017,2106-3,20590,observed,14,observed
Idaho,2018,American Indian or Alaska Native,16,2018,1002-5,313,observed,0,zero
Idaho,2018,Asian,16,2018,A,389,observed,0,zero
Idaho,2018,Black or African American,16,2018,2054-5,286,observed,0,zero
Idaho,2018,More than one race,16,2018,M,417,observed,0,zero
Idaho,2018,Native Hawaiian or Other Pacific Islander,16,2018,NHOPI,81,observed,0,zero
Idaho,2018,White,16,2018,2106-3,19917,observed,23,observed
Idaho,2019,American Indian or Alaska Native,16,2019,1002-5,346,observed,Suppressed,suppressed
Idaho,2019,Asian,16,2019,A,390,observed,0,zero
Idaho,2019,Black or African American,16,2019,2054-5,304,observed,Suppressed,suppressed
Idaho,2019,More than one race,16,2019,M,507,observed,Suppressed,suppressed
Idaho,2019,Native Hawaiian or Other Pacific Islander,16,2019,NHOPI,79,observed,0,zero
Idaho,2019,White,16,2019,2106-3,20437,observed,16,observed
Idaho,2020,American Indian or Alaska Native,16,2020,1002-5,308,observed,Suppressed,suppressed
Idaho,2020,Asian,16,2020,A,361,observed,0,zero
Idaho,2020,Black or African American,16,2020,2054-5,319,observed,Suppressed,suppressed
Idaho,2020,More than one race,16,2020,M,526,observed,0,zero
Idaho,2020,Native Hawaiian or Other Pacific Islander,16,2020,NHOPI,78,observed,0,zero
Idaho,2020,White,16,2020,2106-3,19941,observed,14,observed
Idaho,2021,American Indian or Alaska Native,16,2021,1002-5,354,observed,0,zero
Idaho,2021,Asian,16,2021,A,410,observed,0,zero
Idaho,2021,Black or African American,16,2021,2054-5,312,observed,Suppressed,suppressed
Idaho,2021,More than one race,16,2021,M,536,observed,0,zero
Idaho,2021,Native Hawaiian or Other Pacific Islander,16,2021,NHOPI,80,observed,0,zero
Idaho,2021,White,16,2021,2106-3,20735,observed,22,observed
Idaho,2022,American Indian or Alaska Native,16,2022,1002-5,330,observed,0,zero
Idaho,2022,Asian,16,2022,A,418,observed,0,zero
Idaho,2022,Black or African American,16,2022,2054-5,314,observed,Suppressed,suppressed
Idaho,2022,More than one race,16,2022,M,526,observed,0,zero
Idaho,2022,Native Hawaiian or Other Pacific Islander,16,2022,NHOPI,96,observed,0,zero
Idaho,2022,White,16,2022,2106-3,20707,observed,23,observed
Idaho,2023,American Indian or Alaska Native,16,2023,1002-5,281,observed,0,zero
Idaho,2023,Asian,16,2023,A,421,observed,Suppressed,suppressed
Idaho,2023,Black or African American,16,2023,2054-5,329,observed,Suppressed,suppressed
Idaho,2023,More than one race,16,2023,M,552,observed,Suppressed,suppressed
Idaho,2023,Native Hawaiian or Other Pacific Islander,16,2023,NHOPI,74,observed,0,zero
Idaho,2023,White,16,2023,2106-3,20740,observed,19,observed
Idaho,2024,American Indian or Alaska Native,16,2024,1002-5,314,observed,0,zero
Idaho,2024,Asian,16,2024,A,442,observed,0,zero
Idaho,2024,Black or African American,16,2024,2054-5,374,observed,0,zero
Idaho,2024,More than one race,16,2024,M,624,observed,Suppressed,suppressed
Idaho,2024,Native Hawaiian or Other Pacific Islander,16,2024,NHOPI,82,observed,0,zero
Idaho,2024,White,16,2024,2106-3,21440,observed,27,observed
Illinois,2016,American Indian or Alaska Native,17,2016,1002-5,150,observed,0,zero
Illinois,2016,Asian,17,2016,A,10403,observed,Suppressed,suppressed
Illinois,2016,Black or African American,17,2016,2054-5,27008,observed,15,observed
Illinois,2016,More than one race,17,2016,M,2118,observed,Suppressed,suppressed
Illinois,2016,Native Hawaiian or Other Pacific Islander,17,2016,NHOPI,56,observed,0,zero
Illinois,2016,White,17,2016,2106-3,114710,observed,98,observed
Illinois,2017,American Indian or Alaska Native,17,2017,1002-5,145,observed,0,zero
Illinois,2017,Asian,17,2017,A,9980,observed,Suppressed,suppressed
Illinois,2017,Black or African American,17,2017,2054-5,26874,observed,18,observed
Illinois,2017,More than one race,17,2017,M,2235,observed,Suppressed,suppressed
Illinois,2017,Native Hawaiian or Other Pacific Islander,17,2017,NHOPI,64,observed,0,zero
Illinois,2017,White,17,2017,2106-3,110092,observed,78,observed
Illinois,2018,American Indian or Alaska Native,17,2018,1002-5,150,observed,Suppressed,suppressed
Illinois,2018,Asian,17,2018,A,9628,observed,Suppressed,suppressed
Illinois,2018,Black or African American,17,2018,2054-5,25202,observed,Suppressed,suppressed
Illinois,2018,More than one race,17,2018,M,2240,observed,Suppressed,suppressed
Illinois,2018,Native Hawaiian or Other Pacific Islander,17,2018,NHOPI,54,observed,0,zero
Illinois,2018,White,17,2018,2106-3,107541,observed,84,observed
Illinois,2019,American Indian or Alaska Native,17,2019,1002-5,121,observed,0,zero
Illinois,2019,Asian,17,2019,A,9333,observed,Suppressed,suppressed
Illinois,2019,Black or African American,17,2019,2054-5,23990,observed,Suppressed,suppressed
Illinois,2019,More than one race,17,2019,M,2298,observed,Suppressed,suppressed
Illinois,2019,Native Hawaiian or Other Pacific Islander,17,2019,NHOPI,57,observed,0,zero
Illinois,2019,White,17,2019,2106-3,104329,observed,90,observed
Illinois,2020,American Indian or Alaska Native,17,2020,1002-5,157,observed,Suppressed,suppressed
Illinois,2020,Asian,17,2020,A,8670,observed,Suppressed,suppressed
Illinois,2020,Black or African American,17,2020,2054-5,23084,observed,12,observed
Illinois,2020,More than one race,17,2020,M,2348,observed,Suppressed,suppressed
Illinois,2020,Native Hawaiian or Other Pacific Islander,17,2020,NHOPI,66,observed,0,zero
Illinois,2020,White,17,2020,2106-3,98973,observed,86,observed
Illinois,2021,American Indian or Alaska Native,17,2021,1002-5,158,observed,0,zero
Illinois,2021,Asian,17,2021,A,8510,observed,Suppressed,suppressed
Illinois,2021,Black or African American,17,2021,2054-5,21536,observed,12,observed
Illinois,2021,More than one race,17,2021,M,2448,observed,Suppressed,suppressed
Illinois,2021,Native Hawaiian or Other Pacific Islander,17,2021,NHOPI,59,observed,0,zero
Illinois,2021,White,17,2021,2106-3,99478,observed,89,observed
Illinois,2022,American Indian or Alaska Native,17,2022,1002-5,179,observed,0,zero
Illinois,2022,Asian,17,2022,A,8446,observed,Suppressed,suppressed
Illinois,2022,Black or African American,17,2022,2054-5,20020,observed,12,observed
Illinois,2022,More than one race,17,2022,M,2334,observed,0,zero
Illinois,2022,Native Hawaiian or Other Pacific Islander,17,2022,NHOPI,59,observed,Suppressed,suppressed
Illinois,2022,White,17,2022,2106-3,97312,observed,67,observed
Illinois,2023,American Indian or Alaska Native,17,2023,1002-5,193,observed,0,zero
Illinois,2023,Asian,17,2023,A,8624,observed,Suppressed,suppressed
Illinois,2023,Black or African American,17,2023,2054-5,18816,observed,Suppressed,suppressed
Illinois,2023,More than one race,17,2023,M,2536,observed,Suppressed,suppressed
Illinois,2023,Native Hawaiian or Other Pacific Islander,17,2023,NHOPI,59,observed,0,zero
Illinois,2023,White,17,2023,2106-3,94592,observed,74,observed
Illinois,2024,American Indian or Alaska Native,17,2024,1002-5,197,observed,0,zero
Illinois,2024,Asian,17,2024,A,9090,observed,0,zero
Illinois,2024,Black or African American,17,2024,2054-5,18052,observed,Suppressed,suppressed
Illinois,2024,More than one race,17,2024,M,2532,observed,Suppressed,suppressed
Illinois,2024,Native Hawaiian or Other Pacific Islander,17,2024,NHOPI,66,observed,0,zero
Illinois,2024,White,17,2024,2106-3,95794,observed,73,observed
Indiana,2016,American Indian or Alaska Native,18,2016,1002-5,106,observed,0,zero
Indiana,2016,Asian,18,2016,A,2504,observed,0,zero
Indiana,2016,Black or African American,18,2016,2054-5,10202,observed,10,observed
Indiana,2016,More than one race,18,2016,M,1324,observed,Suppressed,suppressed
Indiana,2016,Native Hawaiian or Other Pacific Islander,18,2016,NHOPI,67,observed,0,zero
Indiana,2016,White,18,2016,2106-3,68888,observed,46,observed
Indiana,2017,American Indian or Alaska Native,18,2017,1002-5,93,observed,0,zero
Indiana,2017,Asian,18,2017,A,2591,observed,0,zero
Indiana,2017,Black or African American,18,2017,2054-5,10428,observed,Suppressed,suppressed
Indiana,2017,More than one race,18,2017,M,1417,observed,0,zero
Indiana,2017,Native Hawaiian or Other Pacific Islander,18,2017,NHOPI,68,observed,0,zero
Indiana,2017,White,18,2017,2106-3,67573,observed,46,observed
Indiana,2018,American Indian or Alaska Native,18,2018,1002-5,101,observed,0,zero
Indiana,2018,Asian,18,2018,A,2405,observed,Suppressed,suppressed
Indiana,2018,Black or African American,18,2018,2054-5,10619,observed,12,observed
Indiana,2018,More than one race,18,2018,M,1569,observed,Suppressed,suppressed
Indiana,2018,Native Hawaiian or Other Pacific Islander,18,2018,NHOPI,82,observed,0,zero
Indiana,2018,White,18,2018,2106-3,66870,observed,56,observed
Indiana,2019,American Indian or Alaska Native,18,2019,1002-5,88,observed,0,zero
Indiana,2019,Asian,18,2019,A,2333,observed,Suppressed,suppressed
Indiana,2019,Black or African American,18,2019,2054-5,10630,observed,Suppressed,suppressed
Indiana,2019,More than one race,18,2019,M,1650,observed,0,zero
Indiana,2019,Native Hawaiian or Other Pacific Islander,18,2019,NHOPI,87,observed,0,zero
Indiana,2019,White,18,2019,2106-3,66071,observed,41,observed
Indiana,2020,American Indian or Alaska Native,18,2020,1002-5,82,observed,0,zero
Indiana,2020,Asian,18,2020,A,2378,observed,Suppressed,suppressed
Indiana,2020,Black or African American,18,2020,2054-5,10257,observed,Suppressed,suppressed
Indiana,2020,More than one race,18,2020,M,1623,observed,Suppressed,suppressed
Indiana,2020,Native Hawaiian or Other Pacific Islander,18,2020,NHOPI,80,observed,0,zero
Indiana,2020,White,18,2020,2106-3,64196,observed,56,observed
Indiana,2021,American Indian or Alaska Native,18,2021,1002-5,107,observed,0,zero
Indiana,2021,Asian,18,2021,A,2333,observed,Suppressed,suppressed
Indiana,2021,Black or African American,18,2021,2054-5,10497,observed,Suppressed,suppressed
Indiana,2021,More than one race,18,2021,M,1850,observed,Suppressed,suppressed
Indiana,2021,Native Hawaiian or Other Pacific Islander,18,2021,NHOPI,134,observed,0,zero
Indiana,2021,White,18,2021,2106-3,65025,observed,46,observed
Indiana,2022,American Indian or Alaska Native,18,2022,1002-5,77,observed,0,zero
Indiana,2022,Asian,18,2022,A,2514,observed,Suppressed,suppressed
Indiana,2022,Black or African American,18,2022,2054-5,10614,observed,Suppressed,suppressed
Indiana,2022,More than one race,18,2022,M,1855,observed,Suppressed,suppressed
Indiana,2022,Native Hawaiian or Other Pacific Islander,18,2022,NHOPI,155,observed,0,zero
Indiana,2022,White,18,2022,2106-3,64434,observed,45,observed
Indiana,2023,American Indian or Alaska Native,18,2023,1002-5,103,observed,0,zero
Indiana,2023,Asian,18,2023,A,2516,observed,Suppressed,suppressed
Indiana,2023,Black or African American,18,2023,2054-5,10573,observed,Suppressed,suppressed
Indiana,2023,More than one race,18,2023,M,1957,observed,Suppressed,suppressed
Indiana,2023,Native Hawaiian or Other Pacific Islander,18,2023,NHOPI,148,observed,0,zero
Indiana,2023,White,18,2023,2106-3,63703,observed,30,observed
Indiana,2024,American Indian or Alaska Native,18,2024,1002-5,110,observed,0,zero
Indiana,2024,Asian,18,2024,A,2732,observed,0,zero
Indiana,2024,Black or African American,18,2024,2054-5,10703,observed,Suppressed,suppressed
Indiana,2024,More than one race,18,2024,M,1936,observed,Suppressed,suppressed
Indiana,2024,Native Hawaiian or Other Pacific Islander,18,2024,NHOPI,145,observed,0,zero
Indiana,2024,White,18,2024,2106-3,64631,observed,32,observed
Iowa,2016,American Indian or Alaska Native,19,2016,1002-5,204,observed,0,zero
Iowa,2016,Asian,19,2016,A,1319,observed,Suppressed,suppressed
Iowa,2016,Black or African American,19,2016,2054-5,2585,observed,Suppressed,suppressed
Iowa,2016,More than one race,19,2016,M,595,observed,Suppressed,suppressed
Iowa,2016,Native Hawaiian or Other Pacific Islander,19,2016,NHOPI,124,observed,0,zero
Iowa,2016,White,19,2016,2106-3,34576,observed,35,observed
Iowa,2017,American Indian or Alaska Native,19,2017,1002-5,250,observed,Suppressed,suppressed
Iowa,2017,Asian,19,2017,A,1383,observed,Suppressed,suppressed
Iowa,2017,Black or African American,19,2017,2054-5,2797,observed,Suppressed,suppressed
Iowa,2017,More than one race,19,2017,M,655,observed,0,zero
Iowa,2017,Native Hawaiian or Other Pacific Islander,19,2017,NHOPI,148,observed,0,zero
Iowa,2017,White,19,2017,2106-3,33197,observed,28,observed
Iowa,2018,American Indian or Alaska Native,19,2018,1002-5,243,observed,0,zero
Iowa,2018,Asian,19,2018,A,1215,observed,Suppressed,suppressed
Iowa,2018,Black or African American,19,2018,2054-5,2737,observed,Suppressed,suppressed
Iowa,2018,More than one race,19,2018,M,720,observed,Suppressed,suppressed
Iowa,2018,Native Hawaiian or Other Pacific Islander,19,2018,NHOPI,175,observed,Suppressed,suppressed
Iowa,2018,White,19,2018,2106-3,32695,observed,38,observed
Iowa,2019,American Indian or Alaska Native,19,2019,1002-5,231,observed,0,zero
Iowa,2019,Asian,19,2019,A,1154,observed,0,zero
Iowa,2019,Black or African American,19,2019,2054-5,2957,observed,Suppressed,suppressed
Iowa,2019,More than one race,19,2019,M,718,observed,0,zero
Iowa,2019,Native Hawaiian or Other Pacific Islander,19,2019,NHOPI,189,observed,0,zero
Iowa,2019,White,19,2019,2106-3,32400,observed,39,observed
Iowa,2020,American Indian or Alaska Native,19,2020,1002-5,241,observed,0,zero
Iowa,2020,Asian,19,2020,A,1106,observed,Suppressed,suppressed
Iowa,2020,Black or African American,19,2020,2054-5,2827,observed,Suppressed,suppressed
Iowa,2020,More than one race,19,2020,M,776,observed,0,zero
Iowa,2020,Native Hawaiian or Other Pacific Islander,19,2020,NHOPI,263,observed,Suppressed,suppressed
Iowa,2020,White,19,2020,2106-3,30901,observed,30,observed
Iowa,2021,American Indian or Alaska Native,19,2021,1002-5,201,observed,0,zero
Iowa,2021,Asian,19,2021,A,1085,observed,Suppressed,suppressed
Iowa,2021,Black or African American,19,2021,2054-5,2661,observed,Suppressed,suppressed
Iowa,2021,More than one race,19,2021,M,778,observed,0,zero
Iowa,2021,Native Hawaiian or Other Pacific Islander,19,2021,NHOPI,315,observed,0,zero
Iowa,2021,White,19,2021,2106-3,31795,observed,29,observed
Iowa,2022,American Indian or Alaska Native,19,2022,1002-5,229,observed,0,zero
Iowa,2022,Asian,19,2022,A,1078,observed,Suppressed,suppressed
Iowa,2022,Black or African American,19,2022,2054-5,2699,observed,0,zero
Iowa,2022,More than one race,19,2022,M,833,observed,Suppressed,suppressed
Iowa,2022,Native Hawaiian or Other Pacific Islander,19,2022,NHOPI,349,observed,Suppressed,suppressed
Iowa,2022,White,19,2022,2106-3,31318,observed,28,observed
Iowa,2023,American Indian or Alaska Native,19,2023,1002-5,220,observed,Suppressed,suppressed
Iowa,2023,Asian,19,2023,A,999,observed,0,zero
Iowa,2023,Black or African American,19,2023,2054-5,2741,observed,Suppressed,suppressed
Iowa,2023,More than one race,19,2023,M,818,observed,Suppressed,suppressed
Iowa,2023,Native Hawaiian or Other Pacific Islander,19,2023,NHOPI,450,observed,Suppressed,suppressed
Iowa,2023,White,19,2023,2106-3,30824,observed,22,observed
Iowa,2024,American Indian or Alaska Native,19,2024,1002-5,222,observed,0,zero
Iowa,2024,Asian,19,2024,A,1005,observed,Suppressed,suppressed
Iowa,2024,Black or African American,19,2024,2054-5,2839,observed,Suppressed,suppressed
Iowa,2024,More than one race,19,2024,M,874,observed,0,zero
Iowa,2024,Native Hawaiian or Other Pacific Islander,19,2024,NHOPI,415,observed,Suppressed,suppressed
Iowa,2024,White,19,2024,2106-3,31081,observed,25,observed
Kansas,2016,American Indian or Alaska Native,20,2016,1002-5,209,observed,0,zero
Kansas,2016,Asian,20,2016,A,1381,observed,0,zero
Kansas,2016,Black or African American,20,2016,2054-5,2790,observed,0,zero
Kansas,2016,More than one race,20,2016,M,790,observed,0,zero
Kansas,2016,Native Hawaiian or Other Pacific Islander,20,2016,NHOPI,67,observed,0,zero
Kansas,2016,White,20,2016,2106-3,32816,observed,26,observed
Kansas,2017,American Indian or Alaska Native,20,2017,1002-5,211,observed,0,zero
Kansas,2017,Asian,20,2017,A,1332,observed,0,zero
Kansas,2017,Black or African American,20,2017,2054-5,2825,observed,Suppressed,suppressed
Kansas,2017,More than one race,20,2017,M,958,observed,Suppressed,suppressed
Kansas,2017,Native Hawaiian or Other Pacific Islander,20,2017,NHOPI,99,observed,0,zero
Kansas,2017,White,20,2017,2106-3,31094,observed,22,observed
Kansas,2018,American Indian or Alaska Native,20,2018,1002-5,199,observed,0,zero
Kansas,2018,Asian,20,2018,A,1268,observed,Suppressed,suppressed
Kansas,2018,Black or African American,20,2018,2054-5,2783,observed,Suppressed,suppressed
Kansas,2018,More than one race,20,2018,M,979,observed,0,zero
Kansas,2018,Native Hawaiian or Other Pacific Islander,20,2018,NHOPI,87,observed,0,zero
Kansas,2018,White,20,2018,2106-3,30945,observed,26,observed
Kansas,2019,American Indian or Alaska Native,20,2019,1002-5,212,observed,0,zero
Kansas,2019,Asian,20,2019,A,1256,observed,Suppressed,suppressed
Kansas,2019,Black or African American,20,2019,2054-5,2636,observed,0,zero
Kansas,2019,More than one race,20,2019,M,932,observed,Suppressed,suppressed
Kansas,2019,Native Hawaiian or Other Pacific Islander,20,2019,NHOPI,83,observed,0,zero
Kansas,2019,White,20,2019,2106-3,30276,observed,21,observed
Kansas,2020,American Indian or Alaska Native,20,2020,1002-5,211,observed,Suppressed,suppressed
Kansas,2020,Asian,20,2020,A,1187,observed,0,zero
Kansas,2020,Black or African American,20,2020,2054-5,2572,observed,Suppressed,suppressed
Kansas,2020,More than one race,20,2020,M,974,observed,0,zero
Kansas,2020,Native Hawaiian or Other Pacific Islander,20,2020,NHOPI,105,observed,0,zero
Kansas,2020,White,20,2020,2106-3,29327,observed,19,observed
Kansas,2021,American Indian or Alaska Native,20,2021,1002-5,223,observed,0,zero
Kansas,2021,Asian,20,2021,A,1064,observed,0,zero
Kansas,2021,Black or African American,20,2021,2054-5,2468,observed,Suppressed,suppressed
Kansas,2021,More than one race,20,2021,M,931,observed,0,zero
Kansas,2021,Native Hawaiian or Other Pacific Islander,20,2021,NHOPI,100,observed,0,zero
Kansas,2021,White,20,2021,2106-3,29919,observed,15,observed
Kansas,2022,American Indian or Alaska Native,20,2022,1002-5,233,observed,0,zero
Kansas,2022,Asian,20,2022,A,1083,observed,0,zero
Kansas,2022,Black or African American,20,2022,2054-5,2366,observed,Suppressed,suppressed
Kansas,2022,More than one race,20,2022,M,939,observed,0,zero
Kansas,2022,Native Hawaiian or Other Pacific Islander,20,2022,NHOPI,114,observed,0,zero
Kansas,2022,White,20,2022,2106-3,29666,observed,17,observed
Kansas,2023,American Indian or Alaska Native,20,2023,1002-5,186,observed,0,zero
Kansas,2023,Asian,20,2023,A,1073,observed,0,zero
Kansas,2023,Black or African American,20,2023,2054-5,2387,observed,0,zero
Kansas,2023,More than one race,20,2023,M,998,observed,Suppressed,suppressed
Kansas,2023,Native Hawaiian or Other Pacific Islander,20,2023,NHOPI,113,observed,0,zero
Kansas,2023,White,20,2023,2106-3,29308,observed,17,observed
Kansas,2024,American Indian or Alaska Native,20,2024,1002-5,194,observed,0,zero
Kansas,2024,Asian,20,2024,A,1044,observed,0,zero
Kansas,2024,Black or African American,20,2024,2054-5,2307,observed,Suppressed,suppressed
Kansas,2024,More than one race,20,2024,M,1060,observed,0,zero
Kansas,2024,Native Hawaiian or Other Pacific Islander,20,2024,NHOPI,139,observed,0,zero
Kansas,2024,White,20,2024,2106-3,29240,observed,25,observed
Kentucky,2016,American Indian or Alaska Native,21,2016,1002-5,77,observed,0,zero
Kentucky,2016,Asian,21,2016,A,1250,observed,0,zero
Kentucky,2016,Black or African American,21,2016,2054-5,5228,observed,Suppressed,suppressed
Kentucky,2016,More than one race,21,2016,M,912,observed,0,zero
Kentucky,2016,Native Hawaiian or Other Pacific Islander,21,2016,NHOPI,90,observed,0,zero
Kentucky,2016,White,21,2016,2106-3,47892,observed,24,observed
Kentucky,2017,American Indian or Alaska Native,21,2017,1002-5,67,observed,0,zero
Kentucky,2017,Asian,21,2017,A,1241,observed,0,zero
Kentucky,2017,Black or African American,21,2017,2054-5,5322,observed,Suppressed,suppressed
Kentucky,2017,More than one race,21,2017,M,922,observed,Suppressed,suppressed
Kentucky,2017,Native Hawaiian or Other Pacific Islander,21,2017,NHOPI,102,observed,0,zero
Kentucky,2017,White,21,2017,2106-3,47098,observed,37,observed
Kentucky,2018,American Indian or Alaska Native,21,2018,1002-5,84,observed,0,zero
Kentucky,2018,Asian,21,2018,A,1178,observed,0,zero
Kentucky,2018,Black or African American,21,2018,2054-5,5219,observed,Suppressed,suppressed
Kentucky,2018,More than one race,21,2018,M,1045,observed,0,zero
Kentucky,2018,Native Hawaiian or Other Pacific Islander,21,2018,NHOPI,107,observed,0,zero
Kentucky,2018,White,21,2018,2106-3,46289,observed,24,observed
Kentucky,2019,American Indian or Alaska Native,21,2019,1002-5,96,observed,0,zero
Kentucky,2019,Asian,21,2019,A,1145,observed,Suppressed,suppressed
Kentucky,2019,Black or African American,21,2019,2054-5,5351,observed,Suppressed,suppressed
Kentucky,2019,More than one race,21,2019,M,1082,observed,Suppressed,suppressed
Kentucky,2019,Native Hawaiian or Other Pacific Islander,21,2019,NHOPI,96,observed,0,zero
Kentucky,2019,White,21,2019,2106-3,45299,observed,30,observed
Kentucky,2020,American Indian or Alaska Native,21,2020,1002-5,94,observed,0,zero
Kentucky,2020,Asian,21,2020,A,1122,observed,0,zero
Kentucky,2020,Black or African American,21,2020,2054-5,5473,observed,Suppressed,suppressed
Kentucky,2020,More than one race,21,2020,M,1055,observed,Suppressed,suppressed
Kentucky,2020,Native Hawaiian or Other Pacific Islander,21,2020,NHOPI,132,observed,0,zero
Kentucky,2020,White,21,2020,2106-3,43792,observed,23,observed
Kentucky,2021,American Indian or Alaska Native,21,2021,1002-5,88,observed,0,zero
Kentucky,2021,Asian,21,2021,A,1109,observed,0,zero
Kentucky,2021,Black or African American,21,2021,2054-5,5472,observed,Suppressed,suppressed
Kentucky,2021,More than one race,21,2021,M,1061,observed,0,zero
Kentucky,2021,Native Hawaiian or Other Pacific Islander,21,2021,NHOPI,117,observed,0,zero
Kentucky,2021,White,21,2021,2106-3,44367,observed,35,observed
Kentucky,2022,American Indian or Alaska Native,21,2022,1002-5,103,observed,0,zero
Kentucky,2022,Asian,21,2022,A,1208,observed,Suppressed,suppressed
Kentucky,2022,Black or African American,21,2022,2054-5,5429,observed,Suppressed,suppressed
Kentucky,2022,More than one race,21,2022,M,1107,observed,0,zero
Kentucky,2022,Native Hawaiian or Other Pacific Islander,21,2022,NHOPI,150,observed,0,zero
Kentucky,2022,White,21,2022,2106-3,44318,observed,23,observed
Kentucky,2023,American Indian or Alaska Native,21,2023,1002-5,118,observed,0,zero
Kentucky,2023,Asian,21,2023,A,1206,observed,0,zero
Kentucky,2023,Black or African American,21,2023,2054-5,5318,observed,Suppressed,suppressed
Kentucky,2023,More than one race,21,2023,M,1176,observed,0,zero
Kentucky,2023,Native Hawaiian or Other Pacific Islander,21,2023,NHOPI,145,observed,0,zero
Kentucky,2023,White,21,2023,2106-3,44021,observed,29,observed
Kentucky,2024,American Indian or Alaska Native,21,2024,1002-5,86,observed,0,zero
Kentucky,2024,Asian,21,2024,A,1177,observed,Suppressed,suppressed
Kentucky,2024,Black or African American,21,2024,2054-5,5344,observed,Suppressed,suppressed
Kentucky,2024,More than one race,21,2024,M,1360,observed,Suppressed,suppressed
Kentucky,2024,Native Hawaiian or Other Pacific Islander,21,2024,NHOPI,161,observed,0,zero
Kentucky,2024,White,21,2024,2106-3,44785,observed,25,observed
Louisiana,2016,American Indian or Alaska Native,22,2016,1002-5,374,observed,Suppressed,suppressed
Louisiana,2016,Asian,22,2016,A,1471,observed,0,zero
Louisiana,2016,Black or African American,22,2016,2054-5,24726,observed,15,observed
Louisiana,2016,More than one race,22,2016,M,689,observed,0,zero
Louisiana,2016,Native Hawaiian or Other Pacific Islander,22,2016,NHOPI,46,observed,0,zero
Louisiana,2016,White,22,2016,2106-3,35872,observed,15,observed
Louisiana,2017,American Indian or Alaska Native,22,2017,1002-5,326,observed,0,zero
Louisiana,2017,Asian,22,2017,A,1330,observed,0,zero
Louisiana,2017,Black or African American,22,2017,2054-5,24215,observed,Suppressed,suppressed
Louisiana,2017,More than one race,22,2017,M,794,observed,Suppressed,suppressed
Louisiana,2017,Native Hawaiian or Other Pacific Islander,22,2017,NHOPI,45,observed,0,zero
Louisiana,2017,White,22,2017,2106-3,34308,observed,19,observed
Louisiana,2018,American Indian or Alaska Native,22,2018,1002-5,347,observed,0,zero
Louisiana,2018,Asian,22,2018,A,1279,observed,Suppressed,suppressed
Louisiana,2018,Black or African American,22,2018,2054-5,23078,observed,13,observed
Louisiana,2018,More than one race,22,2018,M,833,observed,Suppressed,suppressed
Louisiana,2018,Native Hawaiian or Other Pacific Islander,22,2018,NHOPI,156,observed,0,zero
Louisiana,2018,White,22,2018,2106-3,33922,observed,20,observed
Louisiana,2019,American Indian or Alaska Native,22,2019,1002-5,344,observed,Suppressed,suppressed
Louisiana,2019,Asian,22,2019,A,1249,observed,Suppressed,suppressed
Louisiana,2019,Black or African American,22,2019,2054-5,23091,observed,Suppressed,suppressed
Louisiana,2019,More than one race,22,2019,M,789,observed,0,zero
Louisiana,2019,Native Hawaiian or Other Pacific Islander,22,2019,NHOPI,114,observed,0,zero
Louisiana,2019,White,22,2019,2106-3,33354,observed,12,observed
Louisiana,2020,American Indian or Alaska Native,22,2020,1002-5,316,observed,0,zero
Louisiana,2020,Asian,22,2020,A,1100,observed,0,zero
Louisiana,2020,Black or African American,22,2020,2054-5,22680,observed,13,observed
Louisiana,2020,More than one race,22,2020,M,833,observed,0,zero
Louisiana,2020,Native Hawaiian or Other Pacific Islander,22,2020,NHOPI,108,observed,0,zero
Louisiana,2020,White,22,2020,2106-3,32291,observed,19,observed
Louisiana,2021,American Indian or Alaska Native,22,2021,1002-5,354,observed,0,zero
Louisiana,2021,Asian,22,2021,A,1066,observed,0,zero
Louisiana,2021,Black or African American,22,2021,2054-5,21989,observed,13,observed
Louisiana,2021,More than one race,22,2021,M,822,observed,0,zero
Louisiana,2021,Native Hawaiian or Other Pacific Islander,22,2021,NHOPI,95,observed,0,zero
Louisiana,2021,White,22,2021,2106-3,33111,observed,24,observed
Louisiana,2022,American Indian or Alaska Native,22,2022,1002-5,378,observed,0,zero
Louisiana,2022,Asian,22,2022,A,1217,observed,Suppressed,suppressed
Louisiana,2022,Black or African American,22,2022,2054-5,21507,observed,Suppressed,suppressed
Louisiana,2022,More than one race,22,2022,M,850,observed,0,zero
Louisiana,2022,Native Hawaiian or Other Pacific Islander,22,2022,NHOPI,205,observed,0,zero
Louisiana,2022,White,22,2022,2106-3,32322,observed,23,observed
Louisiana,2023,American Indian or Alaska Native,22,2023,1002-5,358,observed,0,zero
Louisiana,2023,Asian,22,2023,A,1082,observed,Suppressed,suppressed
Louisiana,2023,Black or African American,22,2023,2054-5,20855,observed,15,observed
Louisiana,2023,More than one race,22,2023,M,898,observed,Suppressed,suppressed
Louisiana,2023,Native Hawaiian or Other Pacific Islander,22,2023,NHOPI,185,observed,0,zero
Louisiana,2023,White,22,2023,2106-3,31549,observed,21,observed
Louisiana,2024,American Indian or Alaska Native,22,2024,1002-5,409,observed,Suppressed,suppressed
Louisiana,2024,Asian,22,2024,A,1142,observed,Suppressed,suppressed
Louisiana,2024,Black or African American,22,2024,2054-5,19676,observed,12,observed
Louisiana,2024,More than one race,22,2024,M,876,observed,Suppressed,suppressed
Louisiana,2024,Native Hawaiian or Other Pacific Islander,22,2024,NHOPI,109,observed,0,zero
Louisiana,2024,White,22,2024,2106-3,31093,observed,14,observed
Maine,2016,American Indian or Alaska Native,23,2016,1002-5,97,observed,0,zero
Maine,2016,Asian,23,2016,A,195,observed,0,zero
Maine,2016,Black or African American,23,2016,2054-5,419,observed,Suppressed,suppressed
Maine,2016,More than one race,23,2016,M,286,observed,0,zero
Maine,2016,Native Hawaiian or Other Pacific Islander,23,2016,NHOPI,Suppressed,suppressed,0,zero
Maine,2016,White,23,2016,2106-3,11705,observed,Suppressed,suppressed
Maine,2017,American Indian or Alaska Native,23,2017,1002-5,88,observed,0,zero
Maine,2017,Asian,23,2017,A,221,observed,Suppressed,suppressed
Maine,2017,Black or African American,23,2017,2054-5,547,observed,0,zero
Maine,2017,More than one race,23,2017,M,261,observed,0,zero
Maine,2017,Native Hawaiian or Other Pacific Islander,23,2017,NHOPI,Suppressed,suppressed,0,zero
Maine,2017,White,23,2017,2106-3,11177,observed,Suppressed,suppressed
Maine,2018,American Indian or Alaska Native,23,2018,1002-5,96,observed,0,zero
Maine,2018,Asian,23,2018,A,202,observed,0,zero
Maine,2018,Black or African American,23,2018,2054-5,553,observed,0,zero
Maine,2018,More than one race,23,2018,M,220,observed,0,zero
Maine,2018,Native Hawaiian or Other Pacific Islander,23,2018,NHOPI,Suppressed,suppressed,0,zero
Maine,2018,White,23,2018,2106-3,11237,observed,Suppressed,suppressed
Maine,2019,American Indian or Alaska Native,23,2019,1002-5,96,observed,0,zero
Maine,2019,Asian,23,2019,A,218,observed,0,zero
Maine,2019,Black or African American,23,2019,2054-5,552,observed,Suppressed,suppressed
Maine,2019,More than one race,23,2019,M,263,observed,0,zero
Maine,2019,Native Hawaiian or Other Pacific Islander,23,2019,NHOPI,Suppressed,suppressed,0,zero
Maine,2019,White,23,2019,2106-3,10643,observed,Suppressed,suppressed
Maine,2020,American Indian or Alaska Native,23,2020,1002-5,86,observed,0,zero
Maine,2020,Asian,23,2020,A,197,observed,0,zero
Maine,2020,Black or African American,23,2020,2054-5,525,observed,Suppressed,suppressed
Maine,2020,More than one race,23,2020,M,259,observed,0,zero
Maine,2020,Native Hawaiian or Other Pacific Islander,23,2020,NHOPI,Suppressed,suppressed,0,zero
Maine,2020,White,23,2020,2106-3,10467,observed,Suppressed,suppressed
Maine,2021,American Indian or Alaska Native,23,2021,1002-5,79,observed,0,zero
Maine,2021,Asian,23,2021,A,211,observed,Suppressed,suppressed
Maine,2021,Black or African American,23,2021,2054-5,564,observed,Suppressed,suppressed
Maine,2021,More than one race,23,2021,M,267,observed,0,zero
Maine,2021,Native Hawaiian or Other Pacific Islander,23,2021,NHOPI,Suppressed,suppressed,0,zero
Maine,2021,White,23,2021,2106-3,10877,observed,Suppressed,suppressed
Maine,2022,American Indian or Alaska Native,23,2022,1002-5,83,observed,Suppressed,suppressed
Maine,2022,Asian,23,2022,A,167,observed,Suppressed,suppressed
Maine,2022,Black or African American,23,2022,2054-5,705,observed,0,zero
Maine,2022,More than one race,23,2022,M,196,observed,0,zero
Maine,2022,Native Hawaiian or Other Pacific Islander,23,2022,NHOPI,Suppressed,suppressed,0,zero
Maine,2022,White,23,2022,2106-3,10936,observed,Suppressed,suppressed
Maine,2023,American Indian or Alaska Native,23,2023,1002-5,72,observed,0,zero
Maine,2023,Asian,23,2023,A,204,observed,0,zero
Maine,2023,Black or African American,23,2023,2054-5,811,observed,Suppressed,suppressed
Maine,2023,More than one race,23,2023,M,223,observed,0,zero
Maine,2023,Native Hawaiian or Other Pacific Islander,23,2023,NHOPI,Suppressed,suppressed,0,zero
Maine,2023,White,23,2023,2106-3,10310,observed,Suppressed,suppressed
Maine,2024,American Indian or Alaska Native,23,2024,1002-5,85,observed,0,zero
Maine,2024,Asian,23,2024,A,202,observed,0,zero
Maine,2024,Black or African American,23,2024,2054-5,831,observed,Suppressed,suppressed
Maine,2024,More than one race,23,2024,M,220,observed,0,zero
Maine,2024,Native Hawaiian or Other Pacific Islander,23,2024,NHOPI,Suppressed,suppressed,0,zero
Maine,2024,White,23,2024,2106-3,10255,observed,11,observed
Maryland,2016,American Indian or Alaska Native,24,2016,1002-5,201,observed,Suppressed,suppressed
Maryland,2016,Asian,24,2016,A,5880,observed,Suppressed,suppressed
Maryland,2016,Black or African American,24,2016,2054-5,25641,observed,14,observed
Maryland,2016,More than one race,24,2016,M,1667,observed,Suppressed,suppressed
Maryland,2016,Native Hawaiian or Other Pacific Islander,24,2016,NHOPI,107,observed,0,zero
Maryland,2016,White,24,2016,2106-3,39640,observed,24,observed
Maryland,2017,American Indian or Alaska Native,24,2017,1002-5,179,observed,0,zero
Maryland,2017,Asian,24,2017,A,5898,observed,Suppressed,suppressed
Maryland,2017,Black or African American,24,2017,2054-5,25252,observed,Suppressed,suppressed
Maryland,2017,More than one race,24,2017,M,1878,observed,0,zero
Maryland,2017,Native Hawaiian or Other Pacific Islander,24,2017,NHOPI,116,observed,0,zero
Maryland,2017,White,24,2017,2106-3,38318,observed,29,observed
Maryland,2018,American Indian or Alaska Native,24,2018,1002-5,278,observed,0,zero
Maryland,2018,Asian,24,2018,A,5237,observed,Suppressed,suppressed
Maryland,2018,Black or African American,24,2018,2054-5,23466,observed,13,observed
Maryland,2018,More than one race,24,2018,M,1941,observed,0,zero
Maryland,2018,Native Hawaiian or Other Pacific Islander,24,2018,NHOPI,133,observed,0,zero
Maryland,2018,White,24,2018,2106-3,40025,observed,29,observed
Maryland,2019,American Indian or Alaska Native,24,2019,1002-5,416,observed,0,zero
Maryland,2019,Asian,24,2019,A,5135,observed,Suppressed,suppressed
Maryland,2019,Black or African American,24,2019,2054-5,23189,observed,Suppressed,suppressed
Maryland,2019,More than one race,24,2019,M,1886,observed,0,zero
Maryland,2019,Native Hawaiian or Other Pacific Islander,24,2019,NHOPI,121,observed,0,zero
Maryland,2019,White,24,2019,2106-3,39431,observed,20,observed
Maryland,2020,American Indian or Alaska Native,24,2020,1002-5,535,observed,0,zero
Maryland,2020,Asian,24,2020,A,4830,observed,Suppressed,suppressed
Maryland,2020,Black or African American,24,2020,2054-5,22489,observed,Suppressed,suppressed
Maryland,2020,More than one race,24,2020,M,1981,observed,Suppressed,suppressed
Maryland,2020,Native Hawaiian or Other Pacific Islander,24,2020,NHOPI,119,observed,0,zero
Maryland,2020,White,24,2020,2106-3,38600,observed,12,observed
Maryland,2021,American Indian or Alaska Native,24,2021,1002-5,379,observed,0,zero
Maryland,2021,Asian,24,2021,A,4670,observed,0,zero
Maryland,2021,Black or African American,24,2021,2054-5,22059,observed,14,observed
Maryland,2021,More than one race,24,2021,M,2038,observed,Suppressed,suppressed
Maryland,2021,Native Hawaiian or Other Pacific Islander,24,2021,NHOPI,116,observed,0,zero
Maryland,2021,White,24,2021,2106-3,39023,observed,18,observed
Maryland,2022,American Indian or Alaska Native,24,2022,1002-5,439,observed,Suppressed,suppressed
Maryland,2022,Asian,24,2022,A,4810,observed,Suppressed,suppressed
Maryland,2022,Black or African American,24,2022,2054-5,22435,observed,11,observed
Maryland,2022,More than one race,24,2022,M,2088,observed,0,zero
Maryland,2022,Native Hawaiian or Other Pacific Islander,24,2022,NHOPI,149,observed,0,zero
Maryland,2022,White,24,2022,2106-3,38861,observed,11,observed
Maryland,2023,American Indian or Alaska Native,24,2023,1002-5,488,observed,Suppressed,suppressed
Maryland,2023,Asian,24,2023,A,4608,observed,Suppressed,suppressed
Maryland,2023,Black or African American,24,2023,2054-5,20969,observed,Suppressed,suppressed
Maryland,2023,More than one race,24,2023,M,2147,observed,0,zero
Maryland,2023,Native Hawaiian or Other Pacific Islander,24,2023,NHOPI,150,observed,0,zero
Maryland,2023,White,24,2023,2106-3,37232,observed,13,observed
Maryland,2024,American Indian or Alaska Native,24,2024,1002-5,631,observed,0,zero
Maryland,2024,Asian,24,2024,A,4852,observed,Suppressed,suppressed
Maryland,2024,Black or African American,24,2024,2054-5,20445,observed,Suppressed,suppressed
Maryland,2024,More than one race,24,2024,M,2340,observed,Suppressed,suppressed
Maryland,2024,Native Hawaiian or Other Pacific Islander,24,2024,NHOPI,186,observed,0,zero
Maryland,2024,White,24,2024,2106-3,37343,observed,16,observed
Massachusetts,2016,American Indian or Alaska Native,25,2016,1002-5,93,observed,0,zero
Massachusetts,2016,Asian,25,2016,A,6685,observed,Suppressed,suppressed
Massachusetts,2016,Black or African American,25,2016,2054-5,9078,observed,Suppressed,suppressed
Massachusetts,2016,More than one race,25,2016,M,1656,observed,Suppressed,suppressed
Massachusetts,2016,Native Hawaiian or Other Pacific Islander,25,2016,NHOPI,43,observed,0,zero
Massachusetts,2016,White,25,2016,2106-3,53762,observed,32,observed
Massachusetts,2017,American Indian or Alaska Native,25,2017,1002-5,77,observed,0,zero
Massachusetts,2017,Asian,25,2017,A,6398,observed,Suppressed,suppressed
Massachusetts,2017,Black or African American,25,2017,2054-5,9479,observed,Suppressed,suppressed
Massachusetts,2017,More than one race,25,2017,M,1770,observed,Suppressed,suppressed
Massachusetts,2017,Native Hawaiian or Other Pacific Islander,25,2017,NHOPI,37,observed,Suppressed,suppressed
Massachusetts,2017,White,25,2017,2106-3,52941,observed,32,observed
Massachusetts,2018,American Indian or Alaska Native,25,2018,1002-5,68,observed,0,zero
Massachusetts,2018,Asian,25,2018,A,6324,observed,Suppressed,suppressed
Massachusetts,2018,Black or African American,25,2018,2054-5,9457,observed,10,observed
Massachusetts,2018,More than one race,25,2018,M,1840,observed,Suppressed,suppressed
Massachusetts,2018,Native Hawaiian or Other Pacific Islander,25,2018,NHOPI,30,observed,0,zero
Massachusetts,2018,White,25,2018,2106-3,51390,observed,30,observed
Massachusetts,2019,American Indian or Alaska Native,25,2019,1002-5,106,observed,0,zero
Massachusetts,2019,Asian,25,2019,A,6398,observed,Suppressed,suppressed
Massachusetts,2019,Black or African American,25,2019,2054-5,9473,observed,12,observed
Massachusetts,2019,More than one race,25,2019,M,1889,observed,0,zero
Massachusetts,2019,Native Hawaiian or Other Pacific Islander,25,2019,NHOPI,30,observed,0,zero
Massachusetts,2019,White,25,2019,2106-3,51221,observed,41,observed
Massachusetts,2020,American Indian or Alaska Native,25,2020,1002-5,84,observed,0,zero
Massachusetts,2020,Asian,25,2020,A,5969,observed,Suppressed,suppressed
Massachusetts,2020,Black or African American,25,2020,2054-5,9596,observed,Suppressed,suppressed
Massachusetts,2020,More than one race,25,2020,M,1759,observed,Suppressed,suppressed
Massachusetts,2020,Native Hawaiian or Other Pacific Islander,25,2020,NHOPI,34,observed,0,zero
Massachusetts,2020,White,25,2020,2106-3,48986,observed,25,observed
Massachusetts,2021,American Indian or Alaska Native,25,2021,1002-5,84,observed,0,zero
Massachusetts,2021,Asian,25,2021,A,5592,observed,Suppressed,suppressed
Massachusetts,2021,Black or African American,25,2021,2054-5,9734,observed,Suppressed,suppressed
Massachusetts,2021,More than one race,25,2021,M,1904,observed,Suppressed,suppressed
Massachusetts,2021,Native Hawaiian or Other Pacific Islander,25,2021,NHOPI,26,observed,0,zero
Massachusetts,2021,White,25,2021,2106-3,51797,observed,19,observed
Massachusetts,2022,American Indian or Alaska Native,25,2022,1002-5,79,observed,0,zero
Massachusetts,2022,Asian,25,2022,A,5805,observed,Suppressed,suppressed
Massachusetts,2022,Black or African American,25,2022,2054-5,10222,observed,Suppressed,suppressed
Massachusetts,2022,More than one race,25,2022,M,1979,observed,Suppressed,suppressed
Massachusetts,2022,Native Hawaiian or Other Pacific Islander,25,2022,NHOPI,40,observed,0,zero
Massachusetts,2022,White,25,2022,2106-3,50459,observed,32,observed
Massachusetts,2023,American Indian or Alaska Native,25,2023,1002-5,90,observed,0,zero
Massachusetts,2023,Asian,25,2023,A,5446,observed,Suppressed,suppressed
Massachusetts,2023,Black or African American,25,2023,2054-5,10509,observed,Suppressed,suppressed
Massachusetts,2023,More than one race,25,2023,M,1757,observed,0,zero
Massachusetts,2023,Native Hawaiian or Other Pacific Islander,25,2023,NHOPI,44,observed,0,zero
Massachusetts,2023,White,25,2023,2106-3,49247,observed,26,observed
Massachusetts,2024,American Indian or Alaska Native,25,2024,1002-5,78,observed,0,zero
Massachusetts,2024,Asian,25,2024,A,5797,observed,Suppressed,suppressed
Massachusetts,2024,Black or African American,25,2024,2054-5,11375,observed,Suppressed,suppressed
Massachusetts,2024,More than one race,25,2024,M,1917,observed,0,zero
Massachusetts,2024,Native Hawaiian or Other Pacific Islander,25,2024,NHOPI,36,observed,0,zero
Massachusetts,2024,White,25,2024,2106-3,48981,observed,35,observed
Michigan,2016,American Indian or Alaska Native,26,2016,1002-5,464,observed,Suppressed,suppressed
Michigan,2016,Asian,26,2016,A,4441,observed,Suppressed,suppressed
Michigan,2016,Black or African American,26,2016,2054-5,21327,observed,Suppressed,suppressed
Michigan,2016,More than one race,26,2016,M,2843,observed,0,zero
Michigan,2016,Native Hawaiian or Other Pacific Islander,26,2016,NHOPI,43,observed,0,zero
Michigan,2016,White,26,2016,2106-3,84197,observed,43,observed
Michigan,2017,American Indian or Alaska Native,26,2017,1002-5,438,observed,Suppressed,suppressed
Michigan,2017,Asian,26,2017,A,4602,observed,Suppressed,suppressed
Michigan,2017,Black or African American,26,2017,2054-5,21623,observed,Suppressed,suppressed
Michigan,2017,More than one race,26,2017,M,2764,observed,Suppressed,suppressed
Michigan,2017,Native Hawaiian or Other Pacific Islander,26,2017,NHOPI,46,observed,0,zero
Michigan,2017,White,26,2017,2106-3,81953,observed,44,observed
Michigan,2018,American Indian or Alaska Native,26,2018,1002-5,461,observed,0,zero
Michigan,2018,Asian,26,2018,A,4464,observed,0,zero
Michigan,2018,Black or African American,26,2018,2054-5,21083,observed,Suppressed,suppressed
Michigan,2018,More than one race,26,2018,M,2626,observed,Suppressed,suppressed
Michigan,2018,Native Hawaiian or Other Pacific Islander,26,2018,NHOPI,49,observed,0,zero
Michigan,2018,White,26,2018,2106-3,81349,observed,35,observed
Michigan,2019,American Indian or Alaska Native,26,2019,1002-5,454,observed,0,zero
Michigan,2019,Asian,26,2019,A,4352,observed,0,zero
Michigan,2019,Black or African American,26,2019,2054-5,20960,observed,Suppressed,suppressed
Michigan,2019,More than one race,26,2019,M,2613,observed,0,zero
Michigan,2019,Native Hawaiian or Other Pacific Islander,26,2019,NHOPI,43,observed,0,zero
Michigan,2019,White,26,2019,2106-3,79464,observed,34,observed
Michigan,2020,American Indian or Alaska Native,26,2020,1002-5,453,observed,0,zero
Michigan,2020,Asian,26,2020,A,4331,observed,Suppressed,suppressed
Michigan,2020,Black or African American,26,2020,2054-5,19901,observed,Suppressed,suppressed
Michigan,2020,More than one race,26,2020,M,2545,observed,0,zero
Michigan,2020,Native Hawaiian or Other Pacific Islander,26,2020,NHOPI,81,observed,Suppressed,suppressed
Michigan,2020,White,26,2020,2106-3,76763,observed,23,observed
Michigan,2021,American Indian or Alaska Native,26,2021,1002-5,508,observed,0,zero
Michigan,2021,Asian,26,2021,A,4133,observed,0,zero
Michigan,2021,Black or African American,26,2021,2054-5,18919,observed,Suppressed,suppressed
Michigan,2021,More than one race,26,2021,M,2602,observed,Suppressed,suppressed
Michigan,2021,Native Hawaiian or Other Pacific Islander,26,2021,NHOPI,92,observed,0,zero
Michigan,2021,White,26,2021,2106-3,78726,observed,41,observed
Michigan,2022,American Indian or Alaska Native,26,2022,1002-5,481,observed,0,zero
Michigan,2022,Asian,26,2022,A,4061,observed,Suppressed,suppressed
Michigan,2022,Black or African American,26,2022,2054-5,17828,observed,Suppressed,suppressed
Michigan,2022,More than one race,26,2022,M,2752,observed,Suppressed,suppressed
Michigan,2022,Native Hawaiian or Other Pacific Islander,26,2022,NHOPI,83,observed,0,zero
Michigan,2022,White,26,2022,2106-3,77116,observed,35,observed
Michigan,2023,American Indian or Alaska Native,26,2023,1002-5,403,observed,0,zero
Michigan,2023,Asian,26,2023,A,4152,observed,Suppressed,suppressed
Michigan,2023,Black or African American,26,2023,2054-5,16881,observed,Suppressed,suppressed
Michigan,2023,More than one race,26,2023,M,2732,observed,0,zero
Michigan,2023,Native Hawaiian or Other Pacific Islander,26,2023,NHOPI,80,observed,0,zero
Michigan,2023,White,26,2023,2106-3,74876,observed,27,observed
Michigan,2024,American Indian or Alaska Native,26,2024,1002-5,406,observed,0,zero
Michigan,2024,Asian,26,2024,A,4476,observed,0,zero
Michigan,2024,Black or African American,26,2024,2054-5,16067,observed,Suppressed,suppressed
Michigan,2024,More than one race,26,2024,M,2913,observed,Suppressed,suppressed
Michigan,2024,Native Hawaiian or Other Pacific Islander,26,2024,NHOPI,87,observed,0,zero
Michigan,2024,White,26,2024,2106-3,75576,observed,35,observed
Minnesota,2016,American Indian or Alaska Native,27,2016,1002-5,1205,observed,0,zero
Minnesota,2016,Asian,27,2016,A,5617,observed,Suppressed,suppressed
Minnesota,2016,Black or African American,27,2016,2054-5,8249,observed,Suppressed,suppressed
Minnesota,2016,More than one race,27,2016,M,1784,observed,Suppressed,suppressed
Minnesota,2016,Native Hawaiian or Other Pacific Islander,27,2016,NHOPI,71,observed,0,zero
Minnesota,2016,White,27,2016,2106-3,52823,observed,29,observed
Minnesota,2017,American Indian or Alaska Native,27,2017,1002-5,1179,observed,0,zero
Minnesota,2017,Asian,27,2017,A,5559,observed,Suppressed,suppressed
Minnesota,2017,Black or African American,27,2017,2054-5,8621,observed,Suppressed,suppressed
Minnesota,2017,More than one race,27,2017,M,1644,observed,Suppressed,suppressed
Minnesota,2017,Native Hawaiian or Other Pacific Islander,27,2017,NHOPI,63,observed,0,zero
Minnesota,2017,White,27,2017,2106-3,51529,observed,42,observed
Minnesota,2018,American Indian or Alaska Native,27,2018,1002-5,1115,observed,Suppressed,suppressed
Minnesota,2018,Asian,27,2018,A,5371,observed,Suppressed,suppressed
Minnesota,2018,Black or African American,27,2018,2054-5,8433,observed,Suppressed,suppressed
Minnesota,2018,More than one race,27,2018,M,1707,observed,Suppressed,suppressed
Minnesota,2018,Native Hawaiian or Other Pacific Islander,27,2018,NHOPI,88,observed,0,zero
Minnesota,2018,White,27,2018,2106-3,50630,observed,28,observed
Minnesota,2019,American Indian or Alaska Native,27,2019,1002-5,1106,observed,Suppressed,suppressed
Minnesota,2019,Asian,27,2019,A,5276,observed,Suppressed,suppressed
Minnesota,2019,Black or African American,27,2019,2054-5,8491,observed,Suppressed,suppressed
Minnesota,2019,More than one race,27,2019,M,1813,observed,0,zero
Minnesota,2019,Native Hawaiian or Other Pacific Islander,27,2019,NHOPI,72,observed,0,zero
Minnesota,2019,White,27,2019,2106-3,49269,observed,44,observed
Minnesota,2020,American Indian or Alaska Native,27,2020,1002-5,1020,observed,Suppressed,suppressed
Minnesota,2020,Asian,27,2020,A,5097,observed,Suppressed,suppressed
Minnesota,2020,Black or African American,27,2020,2054-5,8303,observed,10,observed
Minnesota,2020,More than one race,27,2020,M,1982,observed,Suppressed,suppressed
Minnesota,2020,Native Hawaiian or Other Pacific Islander,27,2020,NHOPI,87,observed,0,zero
Minnesota,2020,White,27,2020,2106-3,46954,observed,31,observed
Minnesota,2021,American Indian or Alaska Native,27,2021,1002-5,970,observed,0,zero
Minnesota,2021,Asian,27,2021,A,4929,observed,Suppressed,suppressed
Minnesota,2021,Black or African American,27,2021,2054-5,7999,observed,Suppressed,suppressed
Minnesota,2021,More than one race,27,2021,M,1981,observed,0,zero
Minnesota,2021,Native Hawaiian or Other Pacific Islander,27,2021,NHOPI,95,observed,0,zero
Minnesota,2021,White,27,2021,2106-3,48451,observed,39,observed
Minnesota,2022,American Indian or Alaska Native,27,2022,1002-5,924,observed,Suppressed,suppressed
Minnesota,2022,Asian,27,2022,A,5024,observed,Suppressed,suppressed
Minnesota,2022,Black or African American,27,2022,2054-5,8201,observed,Suppressed,suppressed
Minnesota,2022,More than one race,27,2022,M,1937,observed,0,zero
Minnesota,2022,Native Hawaiian or Other Pacific Islander,27,2022,NHOPI,122,observed,0,zero
Minnesota,2022,White,27,2022,2106-3,47807,observed,36,observed
Minnesota,2023,American Indian or Alaska Native,27,2023,1002-5,949,observed,0,zero
Minnesota,2023,Asian,27,2023,A,4748,observed,Suppressed,suppressed
Minnesota,2023,Black or African American,27,2023,2054-5,7675,observed,Suppressed,suppressed
Minnesota,2023,More than one race,27,2023,M,1883,observed,Suppressed,suppressed
Minnesota,2023,Native Hawaiian or Other Pacific Islander,27,2023,NHOPI,108,observed,0,zero
Minnesota,2023,White,27,2023,2106-3,46352,observed,31,observed
Minnesota,2024,American Indian or Alaska Native,27,2024,1002-5,897,observed,0,zero
Minnesota,2024,Asian,27,2024,A,4730,observed,Suppressed,suppressed
Minnesota,2024,Black or African American,27,2024,2054-5,7647,observed,Suppressed,suppressed
Minnesota,2024,More than one race,27,2024,M,2044,observed,Suppressed,suppressed
Minnesota,2024,Native Hawaiian or Other Pacific Islander,27,2024,NHOPI,118,observed,0,zero
Minnesota,2024,White,27,2024,2106-3,46674,observed,42,observed
Mississippi,2016,American Indian or Alaska Native,28,2016,1002-5,229,observed,0,zero
Mississippi,2016,Asian,28,2016,A,509,observed,0,zero
Mississippi,2016,Black or African American,28,2016,2054-5,16567,observed,Suppressed,suppressed
Mississippi,2016,More than one race,28,2016,M,267,observed,0,zero
Mississippi,2016,Native Hawaiian or Other Pacific Islander,28,2016,NHOPI,21,observed,0,zero
Mississippi,2016,White,28,2016,2106-3,20335,observed,Suppressed,suppressed
Mississippi,2017,American Indian or Alaska Native,28,2017,1002-5,223,observed,0,zero
Mississippi,2017,Asian,28,2017,A,538,observed,0,zero
Mississippi,2017,Black or African American,28,2017,2054-5,16738,observed,Suppressed,suppressed
Mississippi,2017,More than one race,28,2017,M,276,observed,0,zero
Mississippi,2017,Native Hawaiian or Other Pacific Islander,28,2017,NHOPI,13,observed,0,zero
Mississippi,2017,White,28,2017,2106-3,19569,observed,Suppressed,suppressed
Mississippi,2018,American Indian or Alaska Native,28,2018,1002-5,243,observed,0,zero
Mississippi,2018,Asian,28,2018,A,443,observed,0,zero
Mississippi,2018,Black or African American,28,2018,2054-5,16252,observed,0,zero
Mississippi,2018,More than one race,28,2018,M,280,observed,0,zero
Mississippi,2018,Native Hawaiian or Other Pacific Islander,28,2018,NHOPI,22,observed,0,zero
Mississippi,2018,White,28,2018,2106-3,19760,observed,Suppressed,suppressed
Mississippi,2019,American Indian or Alaska Native,28,2019,1002-5,235,observed,0,zero
Mississippi,2019,Asian,28,2019,A,487,observed,0,zero
Mississippi,2019,Black or African American,28,2019,2054-5,16071,observed,Suppressed,suppressed
Mississippi,2019,More than one race,28,2019,M,288,observed,0,zero
Mississippi,2019,Native Hawaiian or Other Pacific Islander,28,2019,NHOPI,29,observed,0,zero
Mississippi,2019,White,28,2019,2106-3,19526,observed,Suppressed,suppressed
Mississippi,2020,American Indian or Alaska Native,28,2020,1002-5,258,observed,0,zero
Mississippi,2020,Asian,28,2020,A,468,observed,0,zero
Mississippi,2020,Black or African American,28,2020,2054-5,15561,observed,Suppressed,suppressed
Mississippi,2020,More than one race,28,2020,M,282,observed,0,zero
Mississippi,2020,Native Hawaiian or Other Pacific Islander,28,2020,NHOPI,25,observed,0,zero
Mississippi,2020,White,28,2020,2106-3,18879,observed,Suppressed,suppressed
Mississippi,2021,American Indian or Alaska Native,28,2021,1002-5,248,observed,0,zero
Mississippi,2021,Asian,28,2021,A,431,observed,0,zero
Mississippi,2021,Black or African American,28,2021,2054-5,15049,observed,Suppressed,suppressed
Mississippi,2021,More than one race,28,2021,M,312,observed,0,zero
Mississippi,2021,Native Hawaiian or Other Pacific Islander,28,2021,NHOPI,32,observed,0,zero
Mississippi,2021,White,28,2021,2106-3,19084,observed,Suppressed,suppressed
Mississippi,2022,American Indian or Alaska Native,28,2022,1002-5,254,observed,0,zero
Mississippi,2022,Asian,28,2022,A,422,observed,0,zero
Mississippi,2022,Black or African American,28,2022,2054-5,14528,observed,Suppressed,suppressed
Mississippi,2022,More than one race,28,2022,M,370,observed,0,zero
Mississippi,2022,Native Hawaiian or Other Pacific Islander,28,2022,NHOPI,24,observed,0,zero
Mississippi,2022,White,28,2022,2106-3,19077,observed,Suppressed,suppressed
Mississippi,2023,American Indian or Alaska Native,28,2023,1002-5,298,observed,0,zero
Mississippi,2023,Asian,28,2023,A,483,observed,0,zero
Mississippi,2023,Black or African American,28,2023,2054-5,14381,observed,Suppressed,suppressed
Mississippi,2023,More than one race,28,2023,M,383,observed,Suppressed,suppressed
Mississippi,2023,Native Hawaiian or Other Pacific Islander,28,2023,NHOPI,27,observed,0,zero
Mississippi,2023,White,28,2023,2106-3,18887,observed,Suppressed,suppressed
Mississippi,2024,American Indian or Alaska Native,28,2024,1002-5,288,observed,0,zero
Mississippi,2024,Asian,28,2024,A,471,observed,0,zero
Mississippi,2024,Black or African American,28,2024,2054-5,13337,observed,Suppressed,suppressed
Mississippi,2024,More than one race,28,2024,M,387,observed,0,zero
Mississippi,2024,Native Hawaiian or Other Pacific Islander,28,2024,NHOPI,25,observed,0,zero
Mississippi,2024,White,28,2024,2106-3,18965,observed,Suppressed,suppressed
Missouri,2016,American Indian or Alaska Native,29,2016,1002-5,195,observed,0,zero
Missouri,2016,Asian,29,2016,A,1942,observed,0,zero
Missouri,2016,Black or African American,29,2016,2054-5,10959,observed,Suppressed,suppressed
Missouri,2016,More than one race,29,2016,M,2311,observed,Suppressed,suppressed
Missouri,2016,Native Hawaiian or Other Pacific Islander,29,2016,NHOPI,236,observed,0,zero
Missouri,2016,White,29,2016,2106-3,59062,observed,29,observed
Missouri,2017,American Indian or Alaska Native,29,2017,1002-5,227,observed,0,zero
Missouri,2017,Asian,29,2017,A,1853,observed,0,zero
Missouri,2017,Black or African American,29,2017,2054-5,11080,observed,0,zero
Missouri,2017,More than one race,29,2017,M,2313,observed,Suppressed,suppressed
Missouri,2017,Native Hawaiian or Other Pacific Islander,29,2017,NHOPI,220,observed,0,zero
Missouri,2017,White,29,2017,2106-3,57341,observed,26,observed
Missouri,2018,American Indian or Alaska Native,29,2018,1002-5,247,observed,0,zero
Missouri,2018,Asian,29,2018,A,1778,observed,0,zero
Missouri,2018,Black or African American,29,2018,2054-5,11046,observed,Suppressed,suppressed
Missouri,2018,More than one race,29,2018,M,2423,observed,Suppressed,suppressed
Missouri,2018,Native Hawaiian or Other Pacific Islander,29,2018,NHOPI,253,observed,0,zero
Missouri,2018,White,29,2018,2106-3,57522,observed,28,observed
Missouri,2019,American Indian or Alaska Native,29,2019,1002-5,220,observed,0,zero
Missouri,2019,Asian,29,2019,A,1900,observed,Suppressed,suppressed
Missouri,2019,Black or African American,29,2019,2054-5,10902,observed,Suppressed,suppressed
Missouri,2019,More than one race,29,2019,M,2433,observed,Suppressed,suppressed
Missouri,2019,Native Hawaiian or Other Pacific Islander,29,2019,NHOPI,296,observed,0,zero
Missouri,2019,White,29,2019,2106-3,56376,observed,27,observed
Missouri,2020,American Indian or Alaska Native,29,2020,1002-5,256,observed,0,zero
Missouri,2020,Asian,29,2020,A,1686,observed,Suppressed,suppressed
Missouri,2020,Black or African American,29,2020,2054-5,10614,observed,Suppressed,suppressed
Missouri,2020,More than one race,29,2020,M,2369,observed,Suppressed,suppressed
Missouri,2020,Native Hawaiian or Other Pacific Islander,29,2020,NHOPI,285,observed,Suppressed,suppressed
Missouri,2020,White,29,2020,2106-3,54075,observed,25,observed
Missouri,2021,American Indian or Alaska Native,29,2021,1002-5,251,observed,0,zero
Missouri,2021,Asian,29,2021,A,1706,observed,0,zero
Missouri,2021,Black or African American,29,2021,2054-5,9915,observed,Suppressed,suppressed
Missouri,2021,More than one race,29,2021,M,2365,observed,Suppressed,suppressed
Missouri,2021,Native Hawaiian or Other Pacific Islander,29,2021,NHOPI,301,observed,Suppressed,suppressed
Missouri,2021,White,29,2021,2106-3,54915,observed,23,observed
Missouri,2022,American Indian or Alaska Native,29,2022,1002-5,251,observed,0,zero
Missouri,2022,Asian,29,2022,A,1774,observed,Suppressed,suppressed
Missouri,2022,Black or African American,29,2022,2054-5,9627,observed,Suppressed,suppressed
Missouri,2022,More than one race,29,2022,M,2382,observed,Suppressed,suppressed
Missouri,2022,Native Hawaiian or Other Pacific Islander,29,2022,NHOPI,328,observed,0,zero
Missouri,2022,White,29,2022,2106-3,54623,observed,30,observed
Missouri,2023,American Indian or Alaska Native,29,2023,1002-5,294,observed,0,zero
Missouri,2023,Asian,29,2023,A,1612,observed,Suppressed,suppressed
Missouri,2023,Black or African American,29,2023,2054-5,9008,observed,Suppressed,suppressed
Missouri,2023,More than one race,29,2023,M,2325,observed,Suppressed,suppressed
Missouri,2023,Native Hawaiian or Other Pacific Islander,29,2023,NHOPI,329,observed,0,zero
Missouri,2023,White,29,2023,2106-3,53555,observed,28,observed
Missouri,2024,American Indian or Alaska Native,29,2024,1002-5,297,observed,Suppressed,suppressed
Missouri,2024,Asian,29,2024,A,1826,observed,0,zero
Missouri,2024,Black or African American,29,2024,2054-5,8704,observed,Suppressed,suppressed
Missouri,2024,More than one race,29,2024,M,2344,observed,0,zero
Missouri,2024,Native Hawaiian or Other Pacific Islander,29,2024,NHOPI,322,observed,0,zero
Missouri,2024,White,29,2024,2106-3,54505,observed,27,observed
Montana,2016,American Indian or Alaska Native,30,2016,1002-5,1422,observed,Suppressed,suppressed
Montana,2016,Asian,30,2016,A,136,observed,Suppressed,suppressed
Montana,2016,Black or African American,30,2016,2054-5,76,observed,0,zero
Montana,2016,More than one race,30,2016,M,405,observed,Suppressed,suppressed
Montana,2016,Native Hawaiian or Other Pacific Islander,30,2016,NHOPI,23,observed,0,zero
Montana,2016,White,30,2016,2106-3,10220,observed,Suppressed,suppressed
Montana,2017,American Indian or Alaska Native,30,2017,1002-5,1304,observed,Suppressed,suppressed
Montana,2017,Asian,30,2017,A,133,observed,0,zero
Montana,2017,Black or African American,30,2017,2054-5,76,observed,0,zero
Montana,2017,More than one race,30,2017,M,404,observed,0,zero
Montana,2017,Native Hawaiian or Other Pacific Islander,30,2017,NHOPI,21,observed,0,zero
Montana,2017,White,30,2017,2106-3,9861,observed,Suppressed,suppressed
Montana,2018,American Indian or Alaska Native,30,2018,1002-5,1223,observed,0,zero
Montana,2018,Asian,30,2018,A,118,observed,0,zero
Montana,2018,Black or African American,30,2018,2054-5,82,observed,0,zero
Montana,2018,More than one race,30,2018,M,385,observed,Suppressed,suppressed
Montana,2018,Native Hawaiian or Other Pacific Islander,30,2018,NHOPI,21,observed,0,zero
Montana,2018,White,30,2018,2106-3,9684,observed,10,observed
Montana,2019,American Indian or Alaska Native,30,2019,1002-5,1207,observed,0,zero
Montana,2019,Asian,30,2019,A,116,observed,0,zero
Montana,2019,Black or African American,30,2019,2054-5,66,observed,0,zero
Montana,2019,More than one race,30,2019,M,363,observed,0,zero
Montana,2019,Native Hawaiian or Other Pacific Islander,30,2019,NHOPI,23,observed,0,zero
Montana,2019,White,30,2019,2106-3,9304,observed,13,observed
Montana,2020,American Indian or Alaska Native,30,2020,1002-5,1124,observed,Suppressed,suppressed
Montana,2020,Asian,30,2020,A,121,observed,0,zero
Montana,2020,Black or African American,30,2020,2054-5,71,observed,0,zero
Montana,2020,More than one race,30,2020,M,356,observed,0,zero
Montana,2020,Native Hawaiian or Other Pacific Islander,30,2020,NHOPI,16,observed,0,zero
Montana,2020,White,30,2020,2106-3,9103,observed,Suppressed,suppressed
Montana,2021,American Indian or Alaska Native,30,2021,1002-5,1013,observed,Suppressed,suppressed
Montana,2021,Asian,30,2021,A,113,observed,0,zero
Montana,2021,Black or African American,30,2021,2054-5,92,observed,0,zero
Montana,2021,More than one race,30,2021,M,373,observed,0,zero
Montana,2021,Native Hawaiian or Other Pacific Islander,30,2021,NHOPI,18,observed,0,zero
Montana,2021,White,30,2021,2106-3,9622,observed,Suppressed,suppressed
Montana,2022,American Indian or Alaska Native,30,2022,1002-5,1005,observed,Suppressed,suppressed
Montana,2022,Asian,30,2022,A,142,observed,0,zero
Montana,2022,Black or African American,30,2022,2054-5,74,observed,0,zero
Montana,2022,More than one race,30,2022,M,361,observed,Suppressed,suppressed
Montana,2022,Native Hawaiian or Other Pacific Islander,30,2022,NHOPI,21,observed,0,zero
Montana,2022,White,30,2022,2106-3,9572,observed,Suppressed,suppressed
Montana,2023,American Indian or Alaska Native,30,2023,1002-5,968,observed,0,zero
Montana,2023,Asian,30,2023,A,119,observed,0,zero
Montana,2023,Black or African American,30,2023,2054-5,70,observed,Suppressed,suppressed
Montana,2023,More than one race,30,2023,M,388,observed,Suppressed,suppressed
Montana,2023,Native Hawaiian or Other Pacific Islander,30,2023,NHOPI,11,observed,0,zero
Montana,2023,White,30,2023,2106-3,9522,observed,11,observed
Montana,2024,American Indian or Alaska Native,30,2024,1002-5,973,observed,Suppressed,suppressed
Montana,2024,Asian,30,2024,A,125,observed,0,zero
Montana,2024,Black or African American,30,2024,2054-5,84,observed,Suppressed,suppressed
Montana,2024,More than one race,30,2024,M,407,observed,0,zero
Montana,2024,Native Hawaiian or Other Pacific Islander,30,2024,NHOPI,14,observed,0,zero
Montana,2024,White,30,2024,2106-3,9728,observed,Suppressed,suppressed
Nebraska,2016,American Indian or Alaska Native,31,2016,1002-5,465,observed,Suppressed,suppressed
Nebraska,2016,Asian,31,2016,A,992,observed,Suppressed,suppressed
Nebraska,2016,Black or African American,31,2016,2054-5,1949,observed,Suppressed,suppressed
Nebraska,2016,More than one race,31,2016,M,677,observed,Suppressed,suppressed
Nebraska,2016,Native Hawaiian or Other Pacific Islander,31,2016,NHOPI,40,observed,0,zero
Nebraska,2016,White,31,2016,2106-3,22466,observed,28,observed
Nebraska,2017,American Indian or Alaska Native,31,2017,1002-5,485,observed,Suppressed,suppressed
Nebraska,2017,Asian,31,2017,A,958,observed,Suppressed,suppressed
Nebraska,2017,Black or African American,31,2017,2054-5,1956,observed,Suppressed,suppressed
Nebraska,2017,More than one race,31,2017,M,720,observed,0,zero
Nebraska,2017,Native Hawaiian or Other Pacific Islander,31,2017,NHOPI,41,observed,0,zero
Nebraska,2017,White,31,2017,2106-3,21661,observed,26,observed
Nebraska,2018,American Indian or Alaska Native,31,2018,1002-5,516,observed,Suppressed,suppressed
Nebraska,2018,Asian,31,2018,A,939,observed,Suppressed,suppressed
Nebraska,2018,Black or African American,31,2018,2054-5,1920,observed,Suppressed,suppressed
Nebraska,2018,More than one race,31,2018,M,726,observed,Suppressed,suppressed
Nebraska,2018,Native Hawaiian or Other Pacific Islander,31,2018,NHOPI,36,observed,0,zero
Nebraska,2018,White,31,2018,2106-3,21351,observed,20,observed
Nebraska,2019,American Indian or Alaska Native,31,2019,1002-5,501,observed,0,zero
Nebraska,2019,Asian,31,2019,A,911,observed,Suppressed,suppressed
Nebraska,2019,Black or African American,31,2019,2054-5,1875,observed,Suppressed,suppressed
Nebraska,2019,More than one race,31,2019,M,685,observed,Suppressed,suppressed
Nebraska,2019,Native Hawaiian or Other Pacific Islander,31,2019,NHOPI,40,observed,Suppressed,suppressed
Nebraska,2019,White,31,2019,2106-3,20743,observed,23,observed
Nebraska,2020,American Indian or Alaska Native,31,2020,1002-5,450,observed,Suppressed,suppressed
Nebraska,2020,Asian,31,2020,A,916,observed,0,zero
Nebraska,2020,Black or African American,31,2020,2054-5,1825,observed,Suppressed,suppressed
Nebraska,2020,More than one race,31,2020,M,710,observed,0,zero
Nebraska,2020,Native Hawaiian or Other Pacific Islander,31,2020,NHOPI,79,observed,0,zero
Nebraska,2020,White,31,2020,2106-3,20311,observed,17,observed
Nebraska,2021,American Indian or Alaska Native,31,2021,1002-5,390,observed,Suppressed,suppressed
Nebraska,2021,Asian,31,2021,A,904,observed,Suppressed,suppressed
Nebraska,2021,Black or African American,31,2021,2054-5,1756,observed,Suppressed,suppressed
Nebraska,2021,More than one race,31,2021,M,773,observed,Suppressed,suppressed
Nebraska,2021,Native Hawaiian or Other Pacific Islander,31,2021,NHOPI,56,observed,0,zero
Nebraska,2021,White,31,2021,2106-3,20730,observed,12,observed
Nebraska,2022,American Indian or Alaska Native,31,2022,1002-5,465,observed,0,zero
Nebraska,2022,Asian,31,2022,A,860,observed,0,zero
Nebraska,2022,Black or African American,31,2022,2054-5,1796,observed,0,zero
Nebraska,2022,More than one race,31,2022,M,762,observed,0,zero
Nebraska,2022,Native Hawaiian or Other Pacific Islander,31,2022,NHOPI,48,observed,0,zero
Nebraska,2022,White,31,2022,2106-3,20414,observed,15,observed
Nebraska,2023,American Indian or Alaska Native,31,2023,1002-5,500,observed,0,zero
Nebraska,2023,Asian,31,2023,A,876,observed,Suppressed,suppressed
Nebraska,2023,Black or African American,31,2023,2054-5,1733,observed,Suppressed,suppressed
Nebraska,2023,More than one race,31,2023,M,845,observed,0,zero
Nebraska,2023,Native Hawaiian or Other Pacific Islander,31,2023,NHOPI,71,observed,0,zero
Nebraska,2023,White,31,2023,2106-3,20086,observed,23,observed
Nebraska,2024,American Indian or Alaska Native,31,2024,1002-5,462,observed,Suppressed,suppressed
Nebraska,2024,Asian,31,2024,A,860,observed,0,zero
Nebraska,2024,Black or African American,31,2024,2054-5,1754,observed,Suppressed,suppressed
Nebraska,2024,More than one race,31,2024,M,818,observed,0,zero
Nebraska,2024,Native Hawaiian or Other Pacific Islander,31,2024,NHOPI,55,observed,0,zero
Nebraska,2024,White,31,2024,2106-3,20836,observed,15,observed
Nevada,2016,American Indian or Alaska Native,32,2016,1002-5,380,observed,0,zero
Nevada,2016,Asian,32,2016,A,2860,observed,0,zero
Nevada,2016,Black or African American,32,2016,2054-5,4594,observed,Suppressed,suppressed
Nevada,2016,More than one race,32,2016,M,1647,observed,0,zero
Nevada,2016,Native Hawaiian or Other Pacific Islander,32,2016,NHOPI,349,observed,0,zero
Nevada,2016,White,32,2016,2106-3,26430,observed,19,observed
Nevada,2017,American Indian or Alaska Native,32,2017,1002-5,405,observed,0,zero
Nevada,2017,Asian,32,2017,A,2901,observed,0,zero
Nevada,2017,Black or African American,32,2017,2054-5,4902,observed,Suppressed,suppressed
Nevada,2017,More than one race,32,2017,M,1707,observed,0,zero
Nevada,2017,Native Hawaiian or Other Pacific Islander,32,2017,NHOPI,367,observed,0,zero
Nevada,2017,White,32,2017,2106-3,25474,observed,Suppressed,suppressed
Nevada,2018,American Indian or Alaska Native,32,2018,1002-5,387,observed,0,zero
Nevada,2018,Asian,32,2018,A,2752,observed,Suppressed,suppressed
Nevada,2018,Black or African American,32,2018,2054-5,4974,observed,Suppressed,suppressed
Nevada,2018,More than one race,32,2018,M,1692,observed,Suppressed,suppressed
Nevada,2018,Native Hawaiian or Other Pacific Islander,32,2018,NHOPI,386,observed,0,zero
Nevada,2018,White,32,2018,2106-3,25491,observed,20,observed
Nevada,2019,American Indian or Alaska Native,32,2019,1002-5,382,observed,0,zero
Nevada,2019,Asian,32,2019,A,2745,observed,0,zero
Nevada,2019,Black or African American,32,2019,2054-5,4849,observed,Suppressed,suppressed
Nevada,2019,More than one race,32,2019,M,1724,observed,Suppressed,suppressed
Nevada,2019,Native Hawaiian or Other Pacific Islander,32,2019,NHOPI,416,observed,0,zero
Nevada,2019,White,32,2019,2106-3,24956,observed,10,observed
Nevada,2020,American Indian or Alaska Native,32,2020,1002-5,319,observed,0,zero
Nevada,2020,Asian,32,2020,A,2589,observed,Suppressed,suppressed
Nevada,2020,Black or African American,32,2020,2054-5,4954,observed,0,zero
Nevada,2020,More than one race,32,2020,M,1874,observed,Suppressed,suppressed
Nevada,2020,Native Hawaiian or Other Pacific Islander,32,2020,NHOPI,412,observed,0,zero
Nevada,2020,White,32,2020,2106-3,23505,observed,20,observed
Nevada,2021,American Indian or Alaska Native,32,2021,1002-5,340,observed,0,zero
Nevada,2021,Asian,32,2021,A,2502,observed,Suppressed,suppressed
Nevada,2021,Black or African American,32,2021,2054-5,4862,observed,Suppressed,suppressed
Nevada,2021,More than one race,32,2021,M,1882,observed,0,zero
Nevada,2021,Native Hawaiian or Other Pacific Islander,32,2021,NHOPI,369,observed,0,zero
Nevada,2021,White,32,2021,2106-3,23731,observed,Suppressed,suppressed
Nevada,2022,American Indian or Alaska Native,32,2022,1002-5,281,observed,Suppressed,suppressed
Nevada,2022,Asian,32,2022,A,2673,observed,Suppressed,suppressed
Nevada,2022,Black or African American,32,2022,2054-5,4746,observed,0,zero
Nevada,2022,More than one race,32,2022,M,1868,observed,0,zero
Nevada,2022,Native Hawaiian or Other Pacific Islander,32,2022,NHOPI,403,observed,0,zero
Nevada,2022,White,32,2022,2106-3,23222,observed,10,observed
Nevada,2023,American Indian or Alaska Native,32,2023,1002-5,292,observed,0,zero
Nevada,2023,Asian,32,2023,A,2582,observed,0,zero
Nevada,2023,Black or African American,32,2023,2054-5,4451,observed,Suppressed,suppressed
Nevada,2023,More than one race,32,2023,M,1723,observed,0,zero
Nevada,2023,Native Hawaiian or Other Pacific Islander,32,2023,NHOPI,365,observed,Suppressed,suppressed
Nevada,2023,White,32,2023,2106-3,22381,observed,Suppressed,suppressed
Nevada,2024,American Indian or Alaska Native,32,2024,1002-5,297,observed,0,zero
Nevada,2024,Asian,32,2024,A,2588,observed,Suppressed,suppressed
Nevada,2024,Black or African American,32,2024,2054-5,4423,observed,Suppressed,suppressed
Nevada,2024,More than one race,32,2024,M,1686,observed,0,zero
Nevada,2024,Native Hawaiian or Other Pacific Islander,32,2024,NHOPI,398,observed,0,zero
Nevada,2024,White,32,2024,2106-3,22989,observed,16,observed
New Hampshire,2016,American Indian or Alaska Native,33,2016,1002-5,11,observed,0,zero
New Hampshire,2016,Asian,33,2016,A,513,observed,0,zero
New Hampshire,2016,Black or African American,33,2016,2054-5,307,observed,0,zero
New Hampshire,2016,More than one race,33,2016,M,143,observed,0,zero
New Hampshire,2016,Native Hawaiian or Other Pacific Islander,33,2016,NHOPI,Suppressed,suppressed,0,zero
New Hampshire,2016,White,33,2016,2106-3,11288,observed,13,observed
New Hampshire,2017,American Indian or Alaska Native,33,2017,1002-5,21,observed,0,zero
New Hampshire,2017,Asian,33,2017,A,496,observed,Suppressed,suppressed
New Hampshire,2017,Black or African American,33,2017,2054-5,296,observed,0,zero
New Hampshire,2017,More than one race,33,2017,M,143,observed,Suppressed,suppressed
New Hampshire,2017,Native Hawaiian or Other Pacific Islander,33,2017,NHOPI,Suppressed,suppressed,0,zero
New Hampshire,2017,White,33,2017,2106-3,11154,observed,Suppressed,suppressed
New Hampshire,2018,American Indian or Alaska Native,33,2018,1002-5,13,observed,0,zero
New Hampshire,2018,Asian,33,2018,A,482,observed,Suppressed,suppressed
New Hampshire,2018,Black or African American,33,2018,2054-5,328,observed,Suppressed,suppressed
New Hampshire,2018,More than one race,33,2018,M,165,observed,0,zero
New Hampshire,2018,Native Hawaiian or Other Pacific Islander,33,2018,NHOPI,10,observed,0,zero
New Hampshire,2018,White,33,2018,2106-3,10997,observed,14,observed
New Hampshire,2019,American Indian or Alaska Native,33,2019,1002-5,15,observed,0,zero
New Hampshire,2019,Asian,33,2019,A,526,observed,0,zero
New Hampshire,2019,Black or African American,33,2019,2054-5,326,observed,0,zero
New Hampshire,2019,More than one race,33,2019,M,157,observed,0,zero
New Hampshire,2019,Native Hawaiian or Other Pacific Islander,33,2019,NHOPI,10,observed,0,zero
New Hampshire,2019,White,33,2019,2106-3,10805,observed,Suppressed,suppressed
New Hampshire,2020,American Indian or Alaska Native,33,2020,1002-5,15,observed,0,zero
New Hampshire,2020,Asian,33,2020,A,441,observed,0,zero
New Hampshire,2020,Black or African American,33,2020,2054-5,309,observed,Suppressed,suppressed
New Hampshire,2020,More than one race,33,2020,M,158,observed,0,zero
New Hampshire,2020,Native Hawaiian or Other Pacific Islander,33,2020,NHOPI,22,observed,0,zero
New Hampshire,2020,White,33,2020,2106-3,10846,observed,Suppressed,suppressed
New Hampshire,2021,American Indian or Alaska Native,33,2021,1002-5,13,observed,0,zero
New Hampshire,2021,Asian,33,2021,A,441,observed,0,zero
New Hampshire,2021,Black or African American,33,2021,2054-5,372,observed,0,zero
New Hampshire,2021,More than one race,33,2021,M,136,observed,0,zero
New Hampshire,2021,Native Hawaiian or Other Pacific Islander,33,2021,NHOPI,11,observed,0,zero
New Hampshire,2021,White,33,2021,2106-3,11652,observed,Suppressed,suppressed
New Hampshire,2022,American Indian or Alaska Native,33,2022,1002-5,10,observed,0,zero
New Hampshire,2022,Asian,33,2022,A,450,observed,0,zero
New Hampshire,2022,Black or African American,33,2022,2054-5,353,observed,Suppressed,suppressed
New Hampshire,2022,More than one race,33,2022,M,171,observed,0,zero
New Hampshire,2022,Native Hawaiian or Other Pacific Islander,33,2022,NHOPI,11,observed,0,zero
New Hampshire,2022,White,33,2022,2106-3,11082,observed,Suppressed,suppressed
New Hampshire,2023,American Indian or Alaska Native,33,2023,1002-5,18,observed,0,zero
New Hampshire,2023,Asian,33,2023,A,420,observed,0,zero
New Hampshire,2023,Black or African American,33,2023,2054-5,382,observed,0,zero
New Hampshire,2023,More than one race,33,2023,M,154,observed,0,zero
New Hampshire,2023,Native Hawaiian or Other Pacific Islander,33,2023,NHOPI,13,observed,0,zero
New Hampshire,2023,White,33,2023,2106-3,10949,observed,Suppressed,suppressed
New Hampshire,2024,American Indian or Alaska Native,33,2024,1002-5,16,observed,0,zero
New Hampshire,2024,Asian,33,2024,A,461,observed,0,zero
New Hampshire,2024,Black or African American,33,2024,2054-5,339,observed,0,zero
New Hampshire,2024,More than one race,33,2024,M,161,observed,0,zero
New Hampshire,2024,Native Hawaiian or Other Pacific Islander,33,2024,NHOPI,Suppressed,suppressed,0,zero
New Hampshire,2024,White,33,2024,2106-3,10784,observed,Suppressed,suppressed
New Jersey,2016,American Indian or Alaska Native,34,2016,1002-5,155,observed,0,zero
New Jersey,2016,Asian,34,2016,A,13342,observed,Suppressed,suppressed
New Jersey,2016,Black or African American,34,2016,2054-5,17255,observed,15,observed
New Jersey,2016,More than one race,34,2016,M,1232,observed,Suppressed,suppressed
New Jersey,2016,Native Hawaiian or Other Pacific Islander,34,2016,NHOPI,159,observed,Suppressed,suppressed
New Jersey,2016,White,34,2016,2106-3,70504,observed,60,observed
New Jersey,2017,American Indian or Alaska Native,34,2017,1002-5,152,observed,0,zero
New Jersey,2017,Asian,34,2017,A,13144,observed,Suppressed,suppressed
New Jersey,2017,Black or African American,34,2017,2054-5,17153,observed,16,observed
New Jersey,2017,More than one race,34,2017,M,1439,observed,0,zero
New Jersey,2017,Native Hawaiian or Other Pacific Islander,34,2017,NHOPI,102,observed,0,zero
New Jersey,2017,White,34,2017,2106-3,69260,observed,71,observed
New Jersey,2018,American Indian or Alaska Native,34,2018,1002-5,200,observed,0,zero
New Jersey,2018,Asian,34,2018,A,11887,observed,Suppressed,suppressed
New Jersey,2018,Black or African American,34,2018,2054-5,16951,observed,27,observed
New Jersey,2018,More than one race,34,2018,M,1370,observed,Suppressed,suppressed
New Jersey,2018,Native Hawaiian or Other Pacific Islander,34,2018,NHOPI,183,observed,0,zero
New Jersey,2018,White,34,2018,2106-3,70632,observed,65,observed
New Jersey,2019,American Indian or Alaska Native,34,2019,1002-5,241,observed,0,zero
New Jersey,2019,Asian,34,2019,A,11507,observed,Suppressed,suppressed
New Jersey,2019,Black or African American,34,2019,2054-5,16634,observed,14,observed
New Jersey,2019,More than one race,34,2019,M,1383,observed,Suppressed,suppressed
New Jersey,2019,Native Hawaiian or Other Pacific Islander,34,2019,NHOPI,182,observed,0,zero
New Jersey,2019,White,34,2019,2106-3,69638,observed,60,observed
New Jersey,2020,American Indian or Alaska Native,34,2020,1002-5,265,observed,0,zero
New Jersey,2020,Asian,34,2020,A,10962,observed,Suppressed,suppressed
New Jersey,2020,Black or African American,34,2020,2054-5,16603,observed,14,observed
New Jersey,2020,More than one race,34,2020,M,1487,observed,Suppressed,suppressed
New Jersey,2020,Native Hawaiian or Other Pacific Islander,34,2020,NHOPI,166,observed,0,zero
New Jersey,2020,White,34,2020,2106-3,68471,observed,54,observed
New Jersey,2021,American Indian or Alaska Native,34,2021,1002-5,298,observed,0,zero
New Jersey,2021,Asian,34,2021,A,10764,observed,Suppressed,suppressed
New Jersey,2021,Black or African American,34,2021,2054-5,16975,observed,14,observed
New Jersey,2021,More than one race,34,2021,M,1486,observed,Suppressed,suppressed
New Jersey,2021,Native Hawaiian or Other Pacific Islander,34,2021,NHOPI,358,observed,0,zero
New Jersey,2021,White,34,2021,2106-3,71616,observed,37,observed
New Jersey,2022,American Indian or Alaska Native,34,2022,1002-5,207,observed,0,zero
New Jersey,2022,Asian,34,2022,A,10991,observed,Suppressed,suppressed
New Jersey,2022,Black or African American,34,2022,2054-5,17333,observed,24,observed
New Jersey,2022,More than one race,34,2022,M,1528,observed,Suppressed,suppressed
New Jersey,2022,Native Hawaiian or Other Pacific Islander,34,2022,NHOPI,328,observed,0,zero
New Jersey,2022,White,34,2022,2106-3,72506,observed,41,observed
New Jersey,2023,American Indian or Alaska Native,34,2023,1002-5,259,observed,0,zero
New Jersey,2023,Asian,34,2023,A,10411,observed,Suppressed,suppressed
New Jersey,2023,Black or African American,34,2023,2054-5,16665,observed,13,observed
New Jersey,2023,More than one race,34,2023,M,1574,observed,Suppressed,suppressed
New Jersey,2023,Native Hawaiian or Other Pacific Islander,34,2023,NHOPI,281,observed,0,zero
New Jersey,2023,White,34,2023,2106-3,71811,observed,55,observed
New Jersey,2024,American Indian or Alaska Native,34,2024,1002-5,300,observed,0,zero
New Jersey,2024,Asian,34,2024,A,10979,observed,Suppressed,suppressed
New Jersey,2024,Black or African American,34,2024,2054-5,16131,observed,15,observed
New Jersey,2024,More than one race,34,2024,M,1650,observed,Suppressed,suppressed
New Jersey,2024,Native Hawaiian or Other Pacific Islander,34,2024,NHOPI,356,observed,Suppressed,suppressed
New Jersey,2024,White,34,2024,2106-3,71956,observed,55,observed
New Mexico,2016,American Indian or Alaska Native,35,2016,1002-5,3119,observed,Suppressed,suppressed
New Mexico,2016,Asian,35,2016,A,457,observed,Suppressed,suppressed
New Mexico,2016,Black or African American,35,2016,2054-5,487,observed,0,zero
New Mexico,2016,More than one race,35,2016,M,478,observed,0,zero
New Mexico,2016,Native Hawaiian or Other Pacific Islander,35,2016,NHOPI,25,observed,0,zero
New Mexico,2016,White,35,2016,2106-3,20126,observed,Suppressed,suppressed
New Mexico,2017,American Indian or Alaska Native,35,2017,1002-5,2931,observed,Suppressed,suppressed
New Mexico,2017,Asian,35,2017,A,452,observed,0,zero
New Mexico,2017,Black or African American,35,2017,2054-5,533,observed,0,zero
New Mexico,2017,More than one race,35,2017,M,459,observed,0,zero
New Mexico,2017,Native Hawaiian or Other Pacific Islander,35,2017,NHOPI,21,observed,0,zero
New Mexico,2017,White,35,2017,2106-3,19371,observed,Suppressed,suppressed
New Mexico,2018,American Indian or Alaska Native,35,2018,1002-5,2834,observed,0,zero
New Mexico,2018,Asian,35,2018,A,433,observed,0,zero
New Mexico,2018,Black or African American,35,2018,2054-5,528,observed,Suppressed,suppressed
New Mexico,2018,More than one race,35,2018,M,486,observed,0,zero
New Mexico,2018,Native Hawaiian or Other Pacific Islander,35,2018,NHOPI,21,observed,0,zero
New Mexico,2018,White,35,2018,2106-3,18737,observed,Suppressed,suppressed
New Mexico,2019,American Indian or Alaska Native,35,2019,1002-5,2881,observed,Suppressed,suppressed
New Mexico,2019,Asian,35,2019,A,421,observed,0,zero
New Mexico,2019,Black or African American,35,2019,2054-5,502,observed,0,zero
New Mexico,2019,More than one race,35,2019,M,540,observed,0,zero
New Mexico,2019,Native Hawaiian or Other Pacific Islander,35,2019,NHOPI,19,observed,0,zero
New Mexico,2019,White,35,2019,2106-3,18597,observed,Suppressed,suppressed
New Mexico,2020,American Indian or Alaska Native,35,2020,1002-5,2675,observed,Suppressed,suppressed
New Mexico,2020,Asian,35,2020,A,443,observed,0,zero
New Mexico,2020,Black or African American,35,2020,2054-5,551,observed,Suppressed,suppressed
New Mexico,2020,More than one race,35,2020,M,463,observed,0,zero
New Mexico,2020,Native Hawaiian or Other Pacific Islander,35,2020,NHOPI,24,observed,0,zero
New Mexico,2020,White,35,2020,2106-3,17747,observed,Suppressed,suppressed
New Mexico,2021,American Indian or Alaska Native,35,2021,1002-5,2383,observed,Suppressed,suppressed
New Mexico,2021,Asian,35,2021,A,393,observed,0,zero
New Mexico,2021,Black or African American,35,2021,2054-5,534,observed,0,zero
New Mexico,2021,More than one race,35,2021,M,516,observed,0,zero
New Mexico,2021,Native Hawaiian or Other Pacific Islander,35,2021,NHOPI,31,observed,0,zero
New Mexico,2021,White,35,2021,2106-3,17534,observed,Suppressed,suppressed
New Mexico,2022,American Indian or Alaska Native,35,2022,1002-5,2480,observed,Suppressed,suppressed
New Mexico,2022,Asian,35,2022,A,445,observed,0,zero
New Mexico,2022,Black or African American,35,2022,2054-5,541,observed,0,zero
New Mexico,2022,More than one race,35,2022,M,543,observed,0,zero
New Mexico,2022,Native Hawaiian or Other Pacific Islander,35,2022,NHOPI,26,observed,0,zero
New Mexico,2022,White,35,2022,2106-3,17579,observed,14,observed
New Mexico,2023,American Indian or Alaska Native,35,2023,1002-5,2324,observed,0,zero
New Mexico,2023,Asian,35,2023,A,432,observed,0,zero
New Mexico,2023,Black or African American,35,2023,2054-5,543,observed,0,zero
New Mexico,2023,More than one race,35,2023,M,506,observed,0,zero
New Mexico,2023,Native Hawaiian or Other Pacific Islander,35,2023,NHOPI,23,observed,0,zero
New Mexico,2023,White,35,2023,2106-3,17123,observed,13,observed
New Mexico,2024,American Indian or Alaska Native,35,2024,1002-5,2391,observed,0,zero
New Mexico,2024,Asian,35,2024,A,440,observed,0,zero
New Mexico,2024,Black or African American,35,2024,2054-5,548,observed,0,zero
New Mexico,2024,More than one race,35,2024,M,573,observed,0,zero
New Mexico,2024,Native Hawaiian or Other Pacific Islander,35,2024,NHOPI,26,observed,0,zero
New Mexico,2024,White,35,2024,2106-3,17350,observed,0,zero
New York,2016,American Indian or Alaska Native,36,2016,1002-5,588,observed,0,zero
New York,2016,Asian,36,2016,A,29651,observed,Suppressed,suppressed
New York,2016,Black or African American,36,2016,2054-5,43757,observed,17,observed
New York,2016,More than one race,36,2016,M,4727,observed,Suppressed,suppressed
New York,2016,Native Hawaiian or Other Pacific Islander,36,2016,NHOPI,109,observed,0,zero
New York,2016,White,36,2016,2106-3,155451,observed,111,observed
New York,2017,American Indian or Alaska Native,36,2017,1002-5,550,observed,0,zero
New York,2017,Asian,36,2017,A,28284,observed,Suppressed,suppressed
New York,2017,Black or African American,36,2017,2054-5,42812,observed,20,observed
New York,2017,More than one race,36,2017,M,4647,observed,Suppressed,suppressed
New York,2017,Native Hawaiian or Other Pacific Islander,36,2017,NHOPI,115,observed,0,zero
New York,2017,White,36,2017,2106-3,153329,observed,71,observed
New York,2018,American Indian or Alaska Native,36,2018,1002-5,718,observed,0,zero
New York,2018,Asian,36,2018,A,24993,observed,Suppressed,suppressed
New York,2018,Black or African American,36,2018,2054-5,41495,observed,14,observed
New York,2018,More than one race,36,2018,M,4660,observed,Suppressed,suppressed
New York,2018,Native Hawaiian or Other Pacific Islander,36,2018,NHOPI,138,observed,0,zero
New York,2018,White,36,2018,2106-3,154234,observed,96,observed
New York,2019,American Indian or Alaska Native,36,2019,1002-5,756,observed,Suppressed,suppressed
New York,2019,Asian,36,2019,A,24883,observed,Suppressed,suppressed
New York,2019,Black or African American,36,2019,2054-5,41197,observed,24,observed
New York,2019,More than one race,36,2019,M,5110,observed,Suppressed,suppressed
New York,2019,Native Hawaiian or Other Pacific Islander,36,2019,NHOPI,153,observed,0,zero
New York,2019,White,36,2019,2106-3,149440,observed,78,observed
New York,2020,American Indian or Alaska Native,36,2020,1002-5,766,observed,0,zero
New York,2020,Asian,36,2020,A,21731,observed,Suppressed,suppressed
New York,2020,Black or African American,36,2020,2054-5,40168,observed,22,observed
New York,2020,More than one race,36,2020,M,4981,observed,Suppressed,suppressed
New York,2020,Native Hawaiian or Other Pacific Islander,36,2020,NHOPI,125,observed,0,zero
New York,2020,White,36,2020,2106-3,141567,observed,76,observed
New York,2021,American Indian or Alaska Native,36,2021,1002-5,769,observed,Suppressed,suppressed
New York,2021,Asian,36,2021,A,21260,observed,Suppressed,suppressed
New York,2021,Black or African American,36,2021,2054-5,40813,observed,16,observed
New York,2021,More than one race,36,2021,M,4461,observed,Suppressed,suppressed
New York,2021,Native Hawaiian or Other Pacific Islander,36,2021,NHOPI,160,observed,0,zero
New York,2021,White,36,2021,2106-3,143279,observed,90,observed
New York,2022,American Indian or Alaska Native,36,2022,1002-5,802,observed,Suppressed,suppressed
New York,2022,Asian,36,2022,A,21451,observed,Suppressed,suppressed
New York,2022,Black or African American,36,2022,2054-5,40479,observed,19,observed
New York,2022,More than one race,36,2022,M,4222,observed,Suppressed,suppressed
New York,2022,Native Hawaiian or Other Pacific Islander,36,2022,NHOPI,192,observed,0,zero
New York,2022,White,36,2022,2106-3,140628,observed,66,observed
New York,2023,American Indian or Alaska Native,36,2023,1002-5,750,observed,Suppressed,suppressed
New York,2023,Asian,36,2023,A,20777,observed,Suppressed,suppressed
New York,2023,Black or African American,36,2023,2054-5,38217,observed,28,observed
New York,2023,More than one race,36,2023,M,4156,observed,0,zero
New York,2023,Native Hawaiian or Other Pacific Islander,36,2023,NHOPI,154,observed,0,zero
New York,2023,White,36,2023,2106-3,139558,observed,55,observed
New York,2024,American Indian or Alaska Native,36,2024,1002-5,841,observed,0,zero
New York,2024,Asian,36,2024,A,21599,observed,Suppressed,suppressed
New York,2024,Black or African American,36,2024,2054-5,37709,observed,16,observed
New York,2024,More than one race,36,2024,M,4316,observed,Suppressed,suppressed
New York,2024,Native Hawaiian or Other Pacific Islander,36,2024,NHOPI,178,observed,0,zero
New York,2024,White,36,2024,2106-3,140846,observed,59,observed
North Carolina,2016,American Indian or Alaska Native,37,2016,1002-5,1759,observed,0,zero
North Carolina,2016,Asian,37,2016,A,5647,observed,0,zero
North Carolina,2016,Black or African American,37,2016,2054-5,31773,observed,16,observed
North Carolina,2016,More than one race,37,2016,M,2874,observed,Suppressed,suppressed
North Carolina,2016,Native Hawaiian or Other Pacific Islander,37,2016,NHOPI,259,observed,0,zero
North Carolina,2016,White,37,2016,2106-3,78467,observed,32,observed
North Carolina,2017,American Indian or Alaska Native,37,2017,1002-5,1758,observed,0,zero
North Carolina,2017,Asian,37,2017,A,5745,observed,Suppressed,suppressed
North Carolina,2017,Black or African American,37,2017,2054-5,32351,observed,Suppressed,suppressed
North Carolina,2017,More than one race,37,2017,M,3074,observed,Suppressed,suppressed
North Carolina,2017,Native Hawaiian or Other Pacific Islander,37,2017,NHOPI,297,observed,0,zero
North Carolina,2017,White,37,2017,2106-3,76900,observed,34,observed
North Carolina,2018,American Indian or Alaska Native,37,2018,1002-5,1792,observed,Suppressed,suppressed
North Carolina,2018,Asian,37,2018,A,5089,observed,0,zero
North Carolina,2018,Black or African American,37,2018,2054-5,30746,observed,15,observed
North Carolina,2018,More than one race,37,2018,M,3192,observed,Suppressed,suppressed
North Carolina,2018,Native Hawaiian or Other Pacific Islander,37,2018,NHOPI,500,observed,0,zero
North Carolina,2018,White,37,2018,2106-3,77635,observed,42,observed
North Carolina,2019,American Indian or Alaska Native,37,2019,1002-5,1728,observed,Suppressed,suppressed
North Carolina,2019,Asian,37,2019,A,5219,observed,Suppressed,suppressed
North Carolina,2019,Black or African American,37,2019,2054-5,30964,observed,11,observed
North Carolina,2019,More than one race,37,2019,M,3455,observed,Suppressed,suppressed
North Carolina,2019,Native Hawaiian or Other Pacific Islander,37,2019,NHOPI,512,observed,0,zero
North Carolina,2019,White,37,2019,2106-3,76847,observed,52,observed
North Carolina,2020,American Indian or Alaska Native,37,2020,1002-5,1746,observed,0,zero
North Carolina,2020,Asian,37,2020,A,5041,observed,Suppressed,suppressed
North Carolina,2020,Black or African American,37,2020,2054-5,30462,observed,12,observed
North Carolina,2020,More than one race,37,2020,M,3528,observed,Suppressed,suppressed
North Carolina,2020,Native Hawaiian or Other Pacific Islander,37,2020,NHOPI,500,observed,0,zero
North Carolina,2020,White,37,2020,2106-3,75453,observed,47,observed
North Carolina,2021,American Indian or Alaska Native,37,2021,1002-5,1755,observed,Suppressed,suppressed
North Carolina,2021,Asian,37,2021,A,4972,observed,Suppressed,suppressed
North Carolina,2021,Black or African American,37,2021,2054-5,30857,observed,16,observed
North Carolina,2021,More than one race,37,2021,M,3592,observed,Suppressed,suppressed
North Carolina,2021,Native Hawaiian or Other Pacific Islander,37,2021,NHOPI,509,observed,0,zero
North Carolina,2021,White,37,2021,2106-3,78781,observed,33,observed
North Carolina,2022,American Indian or Alaska Native,37,2022,1002-5,1730,observed,Suppressed,suppressed
North Carolina,2022,Asian,37,2022,A,5160,observed,Suppressed,suppressed
North Carolina,2022,Black or African American,37,2022,2054-5,30141,observed,15,observed
North Carolina,2022,More than one race,37,2022,M,3781,observed,Suppressed,suppressed
North Carolina,2022,Native Hawaiian or Other Pacific Islander,37,2022,NHOPI,527,observed,Suppressed,suppressed
North Carolina,2022,White,37,2022,2106-3,80223,observed,31,observed
North Carolina,2023,American Indian or Alaska Native,37,2023,1002-5,1702,observed,0,zero
North Carolina,2023,Asian,37,2023,A,5317,observed,Suppressed,suppressed
North Carolina,2023,Black or African American,37,2023,2054-5,29038,observed,12,observed
North Carolina,2023,More than one race,37,2023,M,3913,observed,Suppressed,suppressed
North Carolina,2023,Native Hawaiian or Other Pacific Islander,37,2023,NHOPI,451,observed,0,zero
North Carolina,2023,White,37,2023,2106-3,79661,observed,27,observed
North Carolina,2024,American Indian or Alaska Native,37,2024,1002-5,1606,observed,0,zero
North Carolina,2024,Asian,37,2024,A,5861,observed,Suppressed,suppressed
North Carolina,2024,Black or African American,37,2024,2054-5,28786,observed,14,observed
North Carolina,2024,More than one race,37,2024,M,3960,observed,Suppressed,suppressed
North Carolina,2024,Native Hawaiian or Other Pacific Islander,37,2024,NHOPI,462,observed,0,zero
North Carolina,2024,White,37,2024,2106-3,82181,observed,39,observed
North Dakota,2016,American Indian or Alaska Native,38,2016,1002-5,947,observed,0,zero
North Dakota,2016,Asian,38,2016,A,329,observed,Suppressed,suppressed
North Dakota,2016,Black or African American,38,2016,2054-5,690,observed,0,zero
North Dakota,2016,More than one race,38,2016,M,337,observed,0,zero
North Dakota,2016,Native Hawaiian or Other Pacific Islander,38,2016,NHOPI,32,observed,0,zero
North Dakota,2016,White,38,2016,2106-3,9048,observed,Suppressed,suppressed
North Dakota,2017,American Indian or Alaska Native,38,2017,1002-5,884,observed,Suppressed,suppressed
North Dakota,2017,Asian,38,2017,A,309,observed,0,zero
North Dakota,2017,Black or African American,38,2017,2054-5,688,observed,0,zero
North Dakota,2017,More than one race,38,2017,M,356,observed,0,zero
North Dakota,2017,Native Hawaiian or Other Pacific Islander,38,2017,NHOPI,42,observed,0,zero
North Dakota,2017,White,38,2017,2106-3,8458,observed,Suppressed,suppressed
North Dakota,2018,American Indian or Alaska Native,38,2018,1002-5,890,observed,Suppressed,suppressed
North Dakota,2018,Asian,38,2018,A,260,observed,Suppressed,suppressed
North Dakota,2018,Black or African American,38,2018,2054-5,692,observed,0,zero
North Dakota,2018,More than one race,38,2018,M,355,observed,Suppressed,suppressed
North Dakota,2018,Native Hawaiian or Other Pacific Islander,38,2018,NHOPI,53,observed,0,zero
North Dakota,2018,White,38,2018,2106-3,8386,observed,Suppressed,suppressed
North Dakota,2019,American Indian or Alaska Native,38,2019,1002-5,852,observed,0,zero
North Dakota,2019,Asian,38,2019,A,260,observed,Suppressed,suppressed
North Dakota,2019,Black or African American,38,2019,2054-5,733,observed,0,zero
North Dakota,2019,More than one race,38,2019,M,354,observed,0,zero
North Dakota,2019,Native Hawaiian or Other Pacific Islander,38,2019,NHOPI,48,observed,0,zero
North Dakota,2019,White,38,2019,2106-3,8207,observed,Suppressed,suppressed
North Dakota,2020,American Indian or Alaska Native,38,2020,1002-5,847,observed,0,zero
North Dakota,2020,Asian,38,2020,A,262,observed,0,zero
North Dakota,2020,Black or African American,38,2020,2054-5,728,observed,Suppressed,suppressed
North Dakota,2020,More than one race,38,2020,M,319,observed,0,zero
North Dakota,2020,Native Hawaiian or Other Pacific Islander,38,2020,NHOPI,59,observed,0,zero
North Dakota,2020,White,38,2020,2106-3,7844,observed,Suppressed,suppressed
North Dakota,2021,American Indian or Alaska Native,38,2021,1002-5,746,observed,Suppressed,suppressed
North Dakota,2021,Asian,38,2021,A,225,observed,0,zero
North Dakota,2021,Black or African American,38,2021,2054-5,664,observed,Suppressed,suppressed
North Dakota,2021,More than one race,38,2021,M,363,observed,Suppressed,suppressed
North Dakota,2021,Native Hawaiian or Other Pacific Islander,38,2021,NHOPI,53,observed,0,zero
North Dakota,2021,White,38,2021,2106-3,8061,observed,Suppressed,suppressed
North Dakota,2022,American Indian or Alaska Native,38,2022,1002-5,697,observed,Suppressed,suppressed
North Dakota,2022,Asian,38,2022,A,196,observed,0,zero
North Dakota,2022,Black or African American,38,2022,2054-5,651,observed,0,zero
North Dakota,2022,More than one race,38,2022,M,336,observed,0,zero
North Dakota,2022,Native Hawaiian or Other Pacific Islander,38,2022,NHOPI,51,observed,0,zero
North Dakota,2022,White,38,2022,2106-3,7636,observed,Suppressed,suppressed
North Dakota,2023,American Indian or Alaska Native,38,2023,1002-5,683,observed,Suppressed,suppressed
North Dakota,2023,Asian,38,2023,A,245,observed,0,zero
North Dakota,2023,Black or African American,38,2023,2054-5,620,observed,0,zero
North Dakota,2023,More than one race,38,2023,M,364,observed,0,zero
North Dakota,2023,Native Hawaiian or Other Pacific Islander,38,2023,NHOPI,49,observed,0,zero
North Dakota,2023,White,38,2023,2106-3,7686,observed,Suppressed,suppressed
North Dakota,2024,American Indian or Alaska Native,38,2024,1002-5,671,observed,0,zero
North Dakota,2024,Asian,38,2024,A,256,observed,0,zero
North Dakota,2024,Black or African American,38,2024,2054-5,632,observed,Suppressed,suppressed
North Dakota,2024,More than one race,38,2024,M,366,observed,0,zero
North Dakota,2024,Native Hawaiian or Other Pacific Islander,38,2024,NHOPI,82,observed,Suppressed,suppressed
North Dakota,2024,White,38,2024,2106-3,7627,observed,Suppressed,suppressed
Ohio,2016,American Indian or Alaska Native,39,2016,1002-5,166,observed,Suppressed,suppressed
Ohio,2016,Asian,39,2016,A,4500,observed,Suppressed,suppressed
Ohio,2016,Black or African American,39,2016,2054-5,23520,observed,19,observed
Ohio,2016,More than one race,39,2016,M,3438,observed,Suppressed,suppressed
Ohio,2016,Native Hawaiian or Other Pacific Islander,39,2016,NHOPI,80,observed,0,zero
Ohio,2016,White,39,2016,2106-3,106381,observed,104,observed
Ohio,2017,American Indian or Alaska Native,39,2017,1002-5,153,observed,0,zero
Ohio,2017,Asian,39,2017,A,4552,observed,Suppressed,suppressed
Ohio,2017,Black or African American,39,2017,2054-5,23468,observed,16,observed
Ohio,2017,More than one race,39,2017,M,3658,observed,Suppressed,suppressed
Ohio,2017,Native Hawaiian or Other Pacific Islander,39,2017,NHOPI,84,observed,0,zero
Ohio,2017,White,39,2017,2106-3,104917,observed,79,observed
Ohio,2018,American Indian or Alaska Native,39,2018,1002-5,156,observed,0,zero
Ohio,2018,Asian,39,2018,A,4420,observed,Suppressed,suppressed
Ohio,2018,Black or African American,39,2018,2054-5,23086,observed,15,observed
Ohio,2018,More than one race,39,2018,M,3693,observed,Suppressed,suppressed
Ohio,2018,Native Hawaiian or Other Pacific Islander,39,2018,NHOPI,104,observed,0,zero
Ohio,2018,White,39,2018,2106-3,103675,observed,81,observed
Ohio,2019,American Indian or Alaska Native,39,2019,1002-5,191,observed,0,zero
Ohio,2019,Asian,39,2019,A,4480,observed,Suppressed,suppressed
Ohio,2019,Black or African American,39,2019,2054-5,23460,observed,13,observed
Ohio,2019,More than one race,39,2019,M,4042,observed,Suppressed,suppressed
Ohio,2019,Native Hawaiian or Other Pacific Islander,39,2019,NHOPI,140,observed,0,zero
Ohio,2019,White,39,2019,2106-3,102148,observed,73,observed
Ohio,2020,American Indian or Alaska Native,39,2020,1002-5,169,observed,0,zero
Ohio,2020,Asian,39,2020,A,4089,observed,Suppressed,suppressed
Ohio,2020,Black or African American,39,2020,2054-5,22370,observed,18,observed
Ohio,2020,More than one race,39,2020,M,3988,observed,Suppressed,suppressed
Ohio,2020,Native Hawaiian or Other Pacific Islander,39,2020,NHOPI,134,observed,0,zero
Ohio,2020,White,39,2020,2106-3,98441,observed,90,observed
Ohio,2021,American Indian or Alaska Native,39,2021,1002-5,184,observed,0,zero
Ohio,2021,Asian,39,2021,A,3971,observed,Suppressed,suppressed
Ohio,2021,Black or African American,39,2021,2054-5,21817,observed,17,observed
Ohio,2021,More than one race,39,2021,M,4021,observed,Suppressed,suppressed
Ohio,2021,Native Hawaiian or Other Pacific Islander,39,2021,NHOPI,167,observed,Suppressed,suppressed
Ohio,2021,White,39,2021,2106-3,99631,observed,70,observed
Ohio,2022,American Indian or Alaska Native,39,2022,1002-5,181,observed,0,zero
Ohio,2022,Asian,39,2022,A,4066,observed,Suppressed,suppressed
Ohio,2022,Black or African American,39,2022,2054-5,21439,observed,18,observed
Ohio,2022,More than one race,39,2022,M,4058,observed,Suppressed,suppressed
Ohio,2022,Native Hawaiian or Other Pacific Islander,39,2022,NHOPI,169,observed,0,zero
Ohio,2022,White,39,2022,2106-3,98318,observed,66,observed
Ohio,2023,American Indian or Alaska Native,39,2023,1002-5,160,observed,0,zero
Ohio,2023,Asian,39,2023,A,3980,observed,Suppressed,suppressed
Ohio,2023,Black or African American,39,2023,2054-5,21370,observed,14,observed
Ohio,2023,More than one race,39,2023,M,4330,observed,Suppressed,suppressed
Ohio,2023,Native Hawaiian or Other Pacific Islander,39,2023,NHOPI,187,observed,0,zero
Ohio,2023,White,39,2023,2106-3,96869,observed,68,observed
Ohio,2024,American Indian or Alaska Native,39,2024,1002-5,160,observed,0,zero
Ohio,2024,Asian,39,2024,A,4102,observed,Suppressed,suppressed
Ohio,2024,Black or African American,39,2024,2054-5,20887,observed,16,observed
Ohio,2024,More than one race,39,2024,M,4502,observed,Suppressed,suppressed
Ohio,2024,Native Hawaiian or Other Pacific Islander,39,2024,NHOPI,173,observed,0,zero
Ohio,2024,White,39,2024,2106-3,96971,observed,65,observed
Oklahoma,2016,American Indian or Alaska Native,40,2016,1002-5,5346,observed,Suppressed,suppressed
Oklahoma,2016,Asian,40,2016,A,1488,observed,Suppressed,suppressed
Oklahoma,2016,Black or African American,40,2016,2054-5,4780,observed,Suppressed,suppressed
Oklahoma,2016,More than one race,40,2016,M,3717,observed,Suppressed,suppressed
Oklahoma,2016,Native Hawaiian or Other Pacific Islander,40,2016,NHOPI,233,observed,0,zero
Oklahoma,2016,White,40,2016,2106-3,37028,observed,19,observed
Oklahoma,2017,American Indian or Alaska Native,40,2017,1002-5,5092,observed,Suppressed,suppressed
Oklahoma,2017,Asian,40,2017,A,1441,observed,0,zero
Oklahoma,2017,Black or African American,40,2017,2054-5,4537,observed,Suppressed,suppressed
Oklahoma,2017,More than one race,40,2017,M,3636,observed,Suppressed,suppressed
Oklahoma,2017,Native Hawaiian or Other Pacific Islander,40,2017,NHOPI,250,observed,0,zero
Oklahoma,2017,White,40,2017,2106-3,35258,observed,18,observed
Oklahoma,2018,American Indian or Alaska Native,40,2018,1002-5,4926,observed,Suppressed,suppressed
Oklahoma,2018,Asian,40,2018,A,1365,observed,Suppressed,suppressed
Oklahoma,2018,Black or African American,40,2018,2054-5,4501,observed,Suppressed,suppressed
Oklahoma,2018,More than one race,40,2018,M,3684,observed,Suppressed,suppressed
Oklahoma,2018,Native Hawaiian or Other Pacific Islander,40,2018,NHOPI,223,observed,0,zero
Oklahoma,2018,White,40,2018,2106-3,35101,observed,16,observed
Oklahoma,2019,American Indian or Alaska Native,40,2019,1002-5,5054,observed,Suppressed,suppressed
Oklahoma,2019,Asian,40,2019,A,1318,observed,0,zero
Oklahoma,2019,Black or African American,40,2019,2054-5,4478,observed,0,zero
Oklahoma,2019,More than one race,40,2019,M,3853,observed,Suppressed,suppressed
Oklahoma,2019,Native Hawaiian or Other Pacific Islander,40,2019,NHOPI,250,observed,0,zero
Oklahoma,2019,White,40,2019,2106-3,34190,observed,18,observed
Oklahoma,2020,American Indian or Alaska Native,40,2020,1002-5,4752,observed,Suppressed,suppressed
Oklahoma,2020,Asian,40,2020,A,1326,observed,0,zero
Oklahoma,2020,Black or African American,40,2020,2054-5,4281,observed,Suppressed,suppressed
Oklahoma,2020,More than one race,40,2020,M,4030,observed,Suppressed,suppressed
Oklahoma,2020,Native Hawaiian or Other Pacific Islander,40,2020,NHOPI,297,observed,0,zero
Oklahoma,2020,White,40,2020,2106-3,32937,observed,14,observed
Oklahoma,2021,American Indian or Alaska Native,40,2021,1002-5,5028,observed,Suppressed,suppressed
Oklahoma,2021,Asian,40,2021,A,1271,observed,0,zero
Oklahoma,2021,Black or African American,40,2021,2054-5,4142,observed,0,zero
Oklahoma,2021,More than one race,40,2021,M,3993,observed,Suppressed,suppressed
Oklahoma,2021,Native Hawaiian or Other Pacific Islander,40,2021,NHOPI,265,observed,0,zero
Oklahoma,2021,White,40,2021,2106-3,33711,observed,19,observed
Oklahoma,2022,American Indian or Alaska Native,40,2022,1002-5,4779,observed,Suppressed,suppressed
Oklahoma,2022,Asian,40,2022,A,1355,observed,0,zero
Oklahoma,2022,Black or African American,40,2022,2054-5,4014,observed,Suppressed,suppressed
Oklahoma,2022,More than one race,40,2022,M,4212,observed,0,zero
Oklahoma,2022,Native Hawaiian or Other Pacific Islander,40,2022,NHOPI,248,observed,0,zero
Oklahoma,2022,White,40,2022,2106-3,33724,observed,24,observed
Oklahoma,2023,American Indian or Alaska Native,40,2023,1002-5,4575,observed,Suppressed,suppressed
Oklahoma,2023,Asian,40,2023,A,1400,observed,Suppressed,suppressed
Oklahoma,2023,Black or African American,40,2023,2054-5,4054,observed,Suppressed,suppressed
Oklahoma,2023,More than one race,40,2023,M,4431,observed,Suppressed,suppressed
Oklahoma,2023,Native Hawaiian or Other Pacific Islander,40,2023,NHOPI,249,observed,0,zero
Oklahoma,2023,White,40,2023,2106-3,33200,observed,24,observed
Oklahoma,2024,American Indian or Alaska Native,40,2024,1002-5,4540,observed,Suppressed,suppressed
Oklahoma,2024,Asian,40,2024,A,1399,observed,0,zero
Oklahoma,2024,Black or African American,40,2024,2054-5,3772,observed,Suppressed,suppressed
Oklahoma,2024,More than one race,40,2024,M,4762,observed,Suppressed,suppressed
Oklahoma,2024,Native Hawaiian or Other Pacific Islander,40,2024,NHOPI,259,observed,0,zero
Oklahoma,2024,White,40,2024,2106-3,33230,observed,17,observed
Oregon,2016,American Indian or Alaska Native,41,2016,1002-5,584,observed,0,zero
Oregon,2016,Asian,41,2016,A,2494,observed,0,zero
Oregon,2016,Black or African American,41,2016,2054-5,1063,observed,0,zero
Oregon,2016,More than one race,41,2016,M,1956,observed,0,zero
Oregon,2016,Native Hawaiian or Other Pacific Islander,41,2016,NHOPI,364,observed,Suppressed,suppressed
Oregon,2016,White,41,2016,2106-3,39074,observed,43,observed
Oregon,2017,American Indian or Alaska Native,41,2017,1002-5,600,observed,0,zero
Oregon,2017,Asian,41,2017,A,2519,observed,0,zero
Oregon,2017,Black or African American,41,2017,2054-5,1143,observed,Suppressed,suppressed
Oregon,2017,More than one race,41,2017,M,1950,observed,0,zero
Oregon,2017,Native Hawaiian or Other Pacific Islander,41,2017,NHOPI,335,observed,0,zero
Oregon,2017,White,41,2017,2106-3,37084,observed,34,observed
Oregon,2018,American Indian or Alaska Native,41,2018,1002-5,571,observed,Suppressed,suppressed
Oregon,2018,Asian,41,2018,A,2344,observed,Suppressed,suppressed
Oregon,2018,Black or African American,41,2018,2054-5,1093,observed,Suppressed,suppressed
Oregon,2018,More than one race,41,2018,M,1906,observed,Suppressed,suppressed
Oregon,2018,Native Hawaiian or Other Pacific Islander,41,2018,NHOPI,344,observed,0,zero
Oregon,2018,White,41,2018,2106-3,35930,observed,26,observed
Oregon,2019,American Indian or Alaska Native,41,2019,1002-5,609,observed,0,zero
Oregon,2019,Asian,41,2019,A,2462,observed,0,zero
Oregon,2019,Black or African American,41,2019,2054-5,1120,observed,0,zero
Oregon,2019,More than one race,41,2019,M,1877,observed,Suppressed,suppressed
Oregon,2019,Native Hawaiian or Other Pacific Islander,41,2019,NHOPI,375,observed,0,zero
Oregon,2019,White,41,2019,2106-3,35415,observed,30,observed
Oregon,2020,American Indian or Alaska Native,41,2020,1002-5,583,observed,Suppressed,suppressed
Oregon,2020,Asian,41,2020,A,2197,observed,Suppressed,suppressed
Oregon,2020,Black or African American,41,2020,2054-5,1133,observed,Suppressed,suppressed
Oregon,2020,More than one race,41,2020,M,1854,observed,Suppressed,suppressed
Oregon,2020,Native Hawaiian or Other Pacific Islander,41,2020,NHOPI,299,observed,0,zero
Oregon,2020,White,41,2020,2106-3,33754,observed,22,observed
Oregon,2021,American Indian or Alaska Native,41,2021,1002-5,616,observed,Suppressed,suppressed
Oregon,2021,Asian,41,2021,A,2210,observed,0,zero
Oregon,2021,Black or African American,41,2021,2054-5,1209,observed,Suppressed,suppressed
Oregon,2021,More than one race,41,2021,M,1899,observed,Suppressed,suppressed
Oregon,2021,Native Hawaiian or Other Pacific Islander,41,2021,NHOPI,373,observed,0,zero
Oregon,2021,White,41,2021,2106-3,34607,observed,29,observed
Oregon,2022,American Indian or Alaska Native,41,2022,1002-5,1365,observed,Suppressed,suppressed
Oregon,2022,Asian,41,2022,A,2532,observed,0,zero
Oregon,2022,Black or African American,41,2022,2054-5,1590,observed,Suppressed,suppressed
Oregon,2022,More than one race,41,2022,M,2271,observed,Suppressed,suppressed
Oregon,2022,Native Hawaiian or Other Pacific Islander,41,2022,NHOPI,453,observed,0,zero
Oregon,2022,White,41,2022,2106-3,31282,observed,32,observed
Oregon,2023,American Indian or Alaska Native,41,2023,1002-5,1259,observed,Suppressed,suppressed
Oregon,2023,Asian,41,2023,A,2266,observed,0,zero
Oregon,2023,Black or African American,41,2023,2054-5,1642,observed,0,zero
Oregon,2023,More than one race,41,2023,M,2231,observed,0,zero
Oregon,2023,Native Hawaiian or Other Pacific Islander,41,2023,NHOPI,457,observed,0,zero
Oregon,2023,White,41,2023,2106-3,30443,observed,20,observed
Oregon,2024,American Indian or Alaska Native,41,2024,1002-5,1273,observed,Suppressed,suppressed
Oregon,2024,Asian,41,2024,A,2351,observed,0,zero
Oregon,2024,Black or African American,41,2024,2054-5,1640,observed,Suppressed,suppressed
Oregon,2024,More than one race,41,2024,M,2283,observed,Suppressed,suppressed
Oregon,2024,Native Hawaiian or Other Pacific Islander,41,2024,NHOPI,465,observed,0,zero
Oregon,2024,White,41,2024,2106-3,30951,observed,20,observed
Pennsylvania,2016,American Indian or Alaska Native,42,2016,1002-5,208,observed,0,zero
Pennsylvania,2016,Asian,42,2016,A,7151,observed,Suppressed,suppressed
Pennsylvania,2016,Black or African American,42,2016,2054-5,21571,observed,13,observed
Pennsylvania,2016,More than one race,42,2016,M,3636,observed,Suppressed,suppressed
Pennsylvania,2016,Native Hawaiian or Other Pacific Islander,42,2016,NHOPI,158,observed,0,zero
Pennsylvania,2016,White,42,2016,2106-3,106685,observed,59,observed
Pennsylvania,2017,American Indian or Alaska Native,42,2017,1002-5,212,observed,0,zero
Pennsylvania,2017,Asian,42,2017,A,7092,observed,Suppressed,suppressed
Pennsylvania,2017,Black or African American,42,2017,2054-5,21805,observed,Suppressed,suppressed
Pennsylvania,2017,More than one race,42,2017,M,3765,observed,Suppressed,suppressed
Pennsylvania,2017,Native Hawaiian or Other Pacific Islander,42,2017,NHOPI,176,observed,0,zero
Pennsylvania,2017,White,42,2017,2106-3,104695,observed,79,observed
Pennsylvania,2018,American Indian or Alaska Native,42,2018,1002-5,322,observed,0,zero
Pennsylvania,2018,Asian,42,2018,A,6644,observed,Suppressed,suppressed
Pennsylvania,2018,Black or African American,42,2018,2054-5,21865,observed,Suppressed,suppressed
Pennsylvania,2018,More than one race,42,2018,M,3689,observed,Suppressed,suppressed
Pennsylvania,2018,Native Hawaiian or Other Pacific Islander,42,2018,NHOPI,296,observed,0,zero
Pennsylvania,2018,White,42,2018,2106-3,102857,observed,56,observed
Pennsylvania,2019,American Indian or Alaska Native,42,2019,1002-5,326,observed,Suppressed,suppressed
Pennsylvania,2019,Asian,42,2019,A,6619,observed,Suppressed,suppressed
Pennsylvania,2019,Black or African American,42,2019,2054-5,22040,observed,Suppressed,suppressed
Pennsylvania,2019,More than one race,42,2019,M,3773,observed,Suppressed,suppressed
Pennsylvania,2019,Native Hawaiian or Other Pacific Islander,42,2019,NHOPI,261,observed,0,zero
Pennsylvania,2019,White,42,2019,2106-3,101211,observed,69,observed
Pennsylvania,2020,American Indian or Alaska Native,42,2020,1002-5,358,observed,0,zero
Pennsylvania,2020,Asian,42,2020,A,6462,observed,Suppressed,suppressed
Pennsylvania,2020,Black or African American,42,2020,2054-5,21463,observed,Suppressed,suppressed
Pennsylvania,2020,More than one race,42,2020,M,3873,observed,Suppressed,suppressed
Pennsylvania,2020,Native Hawaiian or Other Pacific Islander,42,2020,NHOPI,268,observed,Suppressed,suppressed
Pennsylvania,2020,White,42,2020,2106-3,98269,observed,51,observed
Pennsylvania,2021,American Indian or Alaska Native,42,2021,1002-5,376,observed,0,zero
Pennsylvania,2021,Asian,42,2021,A,6393,observed,Suppressed,suppressed
Pennsylvania,2021,Black or African American,42,2021,2054-5,21159,observed,10,observed
Pennsylvania,2021,More than one race,42,2021,M,3525,observed,Suppressed,suppressed
Pennsylvania,2021,Native Hawaiian or Other Pacific Islander,42,2021,NHOPI,318,observed,0,zero
Pennsylvania,2021,White,42,2021,2106-3,100851,observed,58,observed
Pennsylvania,2022,American Indian or Alaska Native,42,2022,1002-5,501,observed,Suppressed,suppressed
Pennsylvania,2022,Asian,42,2022,A,6623,observed,Suppressed,suppressed
Pennsylvania,2022,Black or African American,42,2022,2054-5,21603,observed,Suppressed,suppressed
Pennsylvania,2022,More than one race,42,2022,M,2986,observed,Suppressed,suppressed
Pennsylvania,2022,Native Hawaiian or Other Pacific Islander,42,2022,NHOPI,296,observed,Suppressed,suppressed
Pennsylvania,2022,White,42,2022,2106-3,98243,observed,73,observed
Pennsylvania,2023,American Indian or Alaska Native,42,2023,1002-5,543,observed,Suppressed,suppressed
Pennsylvania,2023,Asian,42,2023,A,6502,observed,Suppressed,suppressed
Pennsylvania,2023,Black or African American,42,2023,2054-5,20581,observed,13,observed
Pennsylvania,2023,More than one race,42,2023,M,3183,observed,Suppressed,suppressed
Pennsylvania,2023,Native Hawaiian or Other Pacific Islander,42,2023,NHOPI,291,observed,Suppressed,suppressed
Pennsylvania,2023,White,42,2023,2106-3,95851,observed,75,observed
Pennsylvania,2024,American Indian or Alaska Native,42,2024,1002-5,567,observed,0,zero
Pennsylvania,2024,Asian,42,2024,A,6791,observed,Suppressed,suppressed
Pennsylvania,2024,Black or African American,42,2024,2054-5,20259,observed,14,observed
Pennsylvania,2024,More than one race,42,2024,M,3235,observed,Suppressed,suppressed
Pennsylvania,2024,Native Hawaiian or Other Pacific Islander,42,2024,NHOPI,222,observed,0,zero
Pennsylvania,2024,White,42,2024,2106-3,96225,observed,71,observed
Rhode Island,2016,American Indian or Alaska Native,44,2016,1002-5,96,observed,0,zero
Rhode Island,2016,Asian,44,2016,A,688,observed,0,zero
Rhode Island,2016,Black or African American,44,2016,2054-5,1195,observed,Suppressed,suppressed
Rhode Island,2016,More than one race,44,2016,M,343,observed,0,zero
Rhode Island,2016,Native Hawaiian or Other Pacific Islander,44,2016,NHOPI,10,observed,0,zero
Rhode Island,2016,White,44,2016,2106-3,8466,observed,Suppressed,suppressed
Rhode Island,2017,American Indian or Alaska Native,44,2017,1002-5,94,observed,0,zero
Rhode Island,2017,Asian,44,2017,A,660,observed,Suppressed,suppressed
Rhode Island,2017,Black or African American,44,2017,2054-5,1165,observed,Suppressed,suppressed
Rhode Island,2017,More than one race,44,2017,M,337,observed,0,zero
Rhode Island,2017,Native Hawaiian or Other Pacific Islander,44,2017,NHOPI,18,observed,0,zero
Rhode Island,2017,White,44,2017,2106-3,8364,observed,Suppressed,suppressed
Rhode Island,2018,American Indian or Alaska Native,44,2018,1002-5,95,observed,0,zero
Rhode Island,2018,Asian,44,2018,A,572,observed,0,zero
Rhode Island,2018,Black or African American,44,2018,2054-5,1356,observed,Suppressed,suppressed
Rhode Island,2018,More than one race,44,2018,M,377,observed,0,zero
Rhode Island,2018,Native Hawaiian or Other Pacific Islander,44,2018,NHOPI,40,observed,0,zero
Rhode Island,2018,White,44,2018,2106-3,8066,observed,10,observed
Rhode Island,2019,American Indian or Alaska Native,44,2019,1002-5,113,observed,0,zero
Rhode Island,2019,Asian,44,2019,A,565,observed,0,zero
Rhode Island,2019,Black or African American,44,2019,2054-5,1386,observed,Suppressed,suppressed
Rhode Island,2019,More than one race,44,2019,M,337,observed,0,zero
Rhode Island,2019,Native Hawaiian or Other Pacific Islander,44,2019,NHOPI,47,observed,0,zero
Rhode Island,2019,White,44,2019,2106-3,7727,observed,Suppressed,suppressed
Rhode Island,2020,American Indian or Alaska Native,44,2020,1002-5,109,observed,0,zero
Rhode Island,2020,Asian,44,2020,A,517,observed,Suppressed,suppressed
Rhode Island,2020,Black or African American,44,2020,2054-5,1412,observed,Suppressed,suppressed
Rhode Island,2020,More than one race,44,2020,M,368,observed,0,zero
Rhode Island,2020,Native Hawaiian or Other Pacific Islander,44,2020,NHOPI,11,observed,0,zero
Rhode Island,2020,White,44,2020,2106-3,7684,observed,Suppressed,suppressed
Rhode Island,2021,American Indian or Alaska Native,44,2021,1002-5,100,observed,0,zero
Rhode Island,2021,Asian,44,2021,A,501,observed,0,zero
Rhode Island,2021,Black or African American,44,2021,2054-5,1568,observed,Suppressed,suppressed
Rhode Island,2021,More than one race,44,2021,M,358,observed,0,zero
Rhode Island,2021,Native Hawaiian or Other Pacific Islander,44,2021,NHOPI,19,observed,0,zero
Rhode Island,2021,White,44,2021,2106-3,7918,observed,Suppressed,suppressed
Rhode Island,2022,American Indian or Alaska Native,44,2022,1002-5,108,observed,0,zero
Rhode Island,2022,Asian,44,2022,A,479,observed,Suppressed,suppressed
Rhode Island,2022,Black or African American,44,2022,2054-5,1550,observed,0,zero
Rhode Island,2022,More than one race,44,2022,M,342,observed,0,zero
Rhode Island,2022,Native Hawaiian or Other Pacific Islander,44,2022,NHOPI,44,observed,0,zero
Rhode Island,2022,White,44,2022,2106-3,7746,observed,Suppressed,suppressed
Rhode Island,2023,American Indian or Alaska Native,44,2023,1002-5,141,observed,0,zero
Rhode Island,2023,Asian,44,2023,A,431,observed,0,zero
Rhode Island,2023,Black or African American,44,2023,2054-5,1481,observed,Suppressed,suppressed
Rhode Island,2023,More than one race,44,2023,M,345,observed,0,zero
Rhode Island,2023,Native Hawaiian or Other Pacific Islander,44,2023,NHOPI,59,observed,0,zero
Rhode Island,2023,White,44,2023,2106-3,7348,observed,Suppressed,suppressed
Rhode Island,2024,American Indian or Alaska Native,44,2024,1002-5,106,observed,Suppressed,suppressed
Rhode Island,2024,Asian,44,2024,A,474,observed,0,zero
Rhode Island,2024,Black or African American,44,2024,2054-5,1335,observed,Suppressed,suppressed
Rhode Island,2024,More than one race,44,2024,M,369,observed,Suppressed,suppressed
Rhode Island,2024,Native Hawaiian or Other Pacific Islander,44,2024,NHOPI,34,observed,Suppressed,suppressed
Rhode Island,2024,White,44,2024,2106-3,7691,observed,Suppressed,suppressed
South Carolina,2016,American Indian or Alaska Native,45,2016,1002-5,188,observed,0,zero
South Carolina,2016,Asian,45,2016,A,1239,observed,Suppressed,suppressed
South Carolina,2016,Black or African American,45,2016,2054-5,17759,observed,Suppressed,suppressed
South Carolina,2016,More than one race,45,2016,M,1329,observed,0,zero
South Carolina,2016,Native Hawaiian or Other Pacific Islander,45,2016,NHOPI,68,observed,0,zero
South Carolina,2016,White,45,2016,2106-3,36759,observed,31,observed
South Carolina,2017,American Indian or Alaska Native,45,2017,1002-5,174,observed,0,zero
South Carolina,2017,Asian,45,2017,A,1220,observed,Suppressed,suppressed
South Carolina,2017,Black or African American,45,2017,2054-5,18155,observed,12,observed
South Carolina,2017,More than one race,45,2017,M,1332,observed,Suppressed,suppressed
South Carolina,2017,Native Hawaiian or Other Pacific Islander,45,2017,NHOPI,67,observed,0,zero
South Carolina,2017,White,45,2017,2106-3,36081,observed,21,observed
South Carolina,2018,American Indian or Alaska Native,45,2018,1002-5,154,observed,0,zero
South Carolina,2018,Asian,45,2018,A,1251,observed,Suppressed,suppressed
South Carolina,2018,Black or African American,45,2018,2054-5,17452,observed,12,observed
South Carolina,2018,More than one race,45,2018,M,1481,observed,Suppressed,suppressed
South Carolina,2018,Native Hawaiian or Other Pacific Islander,45,2018,NHOPI,73,observed,0,zero
South Carolina,2018,White,45,2018,2106-3,36258,observed,20,observed
South Carolina,2019,American Indian or Alaska Native,45,2019,1002-5,181,observed,0,zero
South Carolina,2019,Asian,45,2019,A,1244,observed,0,zero
South Carolina,2019,Black or African American,45,2019,2054-5,17670,observed,12,observed
South Carolina,2019,More than one race,45,2019,M,1464,observed,Suppressed,suppressed
South Carolina,2019,Native Hawaiian or Other Pacific Islander,45,2019,NHOPI,82,observed,0,zero
South Carolina,2019,White,45,2019,2106-3,36397,observed,28,observed
South Carolina,2020,American Indian or Alaska Native,45,2020,1002-5,200,observed,0,zero
South Carolina,2020,Asian,45,2020,A,1240,observed,0,zero
South Carolina,2020,Black or African American,45,2020,2054-5,17223,observed,Suppressed,suppressed
South Carolina,2020,More than one race,45,2020,M,1617,observed,0,zero
South Carolina,2020,Native Hawaiian or Other Pacific Islander,45,2020,NHOPI,122,observed,0,zero
South Carolina,2020,White,45,2020,2106-3,35302,observed,25,observed
South Carolina,2021,American Indian or Alaska Native,45,2021,1002-5,266,observed,0,zero
South Carolina,2021,Asian,45,2021,A,1254,observed,0,zero
South Carolina,2021,Black or African American,45,2021,2054-5,16862,observed,10,observed
South Carolina,2021,More than one race,45,2021,M,1639,observed,0,zero
South Carolina,2021,Native Hawaiian or Other Pacific Islander,45,2021,NHOPI,149,observed,0,zero
South Carolina,2021,White,45,2021,2106-3,37015,observed,19,observed
South Carolina,2022,American Indian or Alaska Native,45,2022,1002-5,248,observed,0,zero
South Carolina,2022,Asian,45,2022,A,1320,observed,0,zero
South Carolina,2022,Black or African American,45,2022,2054-5,16165,observed,Suppressed,suppressed
South Carolina,2022,More than one race,45,2022,M,1705,observed,Suppressed,suppressed
South Carolina,2022,Native Hawaiian or Other Pacific Islander,45,2022,NHOPI,241,observed,0,zero
South Carolina,2022,White,45,2022,2106-3,38141,observed,16,observed
South Carolina,2023,American Indian or Alaska Native,45,2023,1002-5,285,observed,0,zero
South Carolina,2023,Asian,45,2023,A,1269,observed,0,zero
South Carolina,2023,Black or African American,45,2023,2054-5,15563,observed,Suppressed,suppressed
South Carolina,2023,More than one race,45,2023,M,1698,observed,0,zero
South Carolina,2023,Native Hawaiian or Other Pacific Islander,45,2023,NHOPI,183,observed,Suppressed,suppressed
South Carolina,2023,White,45,2023,2106-3,38731,observed,23,observed
South Carolina,2024,American Indian or Alaska Native,45,2024,1002-5,311,observed,0,zero
South Carolina,2024,Asian,45,2024,A,1416,observed,Suppressed,suppressed
South Carolina,2024,Black or African American,45,2024,2054-5,15459,observed,Suppressed,suppressed
South Carolina,2024,More than one race,45,2024,M,1707,observed,0,zero
South Carolina,2024,Native Hawaiian or Other Pacific Islander,45,2024,NHOPI,164,observed,0,zero
South Carolina,2024,White,45,2024,2106-3,39711,observed,34,observed
South Dakota,2016,American Indian or Alaska Native,46,2016,1002-5,1867,observed,Suppressed,suppressed
South Dakota,2016,Asian,46,2016,A,274,observed,Suppressed,suppressed
South Dakota,2016,Black or African American,46,2016,2054-5,376,observed,0,zero
South Dakota,2016,More than one race,46,2016,M,401,observed,0,zero
South Dakota,2016,Native Hawaiian or Other Pacific Islander,46,2016,NHOPI,13,observed,0,zero
South Dakota,2016,White,46,2016,2106-3,9344,observed,13,observed
South Dakota,2017,American Indian or Alaska Native,46,2017,1002-5,1880,observed,Suppressed,suppressed
South Dakota,2017,Asian,46,2017,A,255,observed,Suppressed,suppressed
South Dakota,2017,Black or African American,46,2017,2054-5,416,observed,Suppressed,suppressed
South Dakota,2017,More than one race,46,2017,M,445,observed,Suppressed,suppressed
South Dakota,2017,Native Hawaiian or Other Pacific Islander,46,2017,NHOPI,12,observed,0,zero
South Dakota,2017,White,46,2017,2106-3,9126,observed,13,observed
South Dakota,2018,American Indian or Alaska Native,46,2018,1002-5,1746,observed,Suppressed,suppressed
South Dakota,2018,Asian,46,2018,A,229,observed,0,zero
South Dakota,2018,Black or African American,46,2018,2054-5,427,observed,0,zero
South Dakota,2018,More than one race,46,2018,M,475,observed,Suppressed,suppressed
South Dakota,2018,Native Hawaiian or Other Pacific Islander,46,2018,NHOPI,20,observed,0,zero
South Dakota,2018,White,46,2018,2106-3,8996,observed,Suppressed,suppressed
South Dakota,2019,American Indian or Alaska Native,46,2019,1002-5,1703,observed,Suppressed,suppressed
South Dakota,2019,Asian,46,2019,A,211,observed,0,zero
South Dakota,2019,Black or African American,46,2019,2054-5,433,observed,0,zero
South Dakota,2019,More than one race,46,2019,M,433,observed,Suppressed,suppressed
South Dakota,2019,Native Hawaiian or Other Pacific Islander,46,2019,NHOPI,16,observed,0,zero
South Dakota,2019,White,46,2019,2106-3,8653,observed,13,observed
South Dakota,2020,American Indian or Alaska Native,46,2020,1002-5,1584,observed,Suppressed,suppressed
South Dakota,2020,Asian,46,2020,A,220,observed,0,zero
South Dakota,2020,Black or African American,46,2020,2054-5,400,observed,0,zero
South Dakota,2020,More than one race,46,2020,M,458,observed,0,zero
South Dakota,2020,Native Hawaiian or Other Pacific Islander,46,2020,NHOPI,19,observed,0,zero
South Dakota,2020,White,46,2020,2106-3,8279,observed,12,observed
South Dakota,2021,American Indian or Alaska Native,46,2021,1002-5,1612,observed,Suppressed,suppressed
South Dakota,2021,Asian,46,2021,A,213,observed,0,zero
South Dakota,2021,Black or African American,46,2021,2054-5,410,observed,0,zero
South Dakota,2021,More than one race,46,2021,M,461,observed,0,zero
South Dakota,2021,Native Hawaiian or Other Pacific Islander,46,2021,NHOPI,16,observed,0,zero
South Dakota,2021,White,46,2021,2106-3,8657,observed,15,observed
South Dakota,2022,American Indian or Alaska Native,46,2022,1002-5,1547,observed,Suppressed,suppressed
South Dakota,2022,Asian,46,2022,A,204,observed,Suppressed,suppressed
South Dakota,2022,Black or African American,46,2022,2054-5,395,observed,0,zero
South Dakota,2022,More than one race,46,2022,M,451,observed,0,zero
South Dakota,2022,Native Hawaiian or Other Pacific Islander,46,2022,NHOPI,31,observed,0,zero
South Dakota,2022,White,46,2022,2106-3,8573,observed,16,observed
South Dakota,2023,American Indian or Alaska Native,46,2023,1002-5,1446,observed,Suppressed,suppressed
South Dakota,2023,Asian,46,2023,A,212,observed,0,zero
South Dakota,2023,Black or African American,46,2023,2054-5,368,observed,Suppressed,suppressed
South Dakota,2023,More than one race,46,2023,M,446,observed,0,zero
South Dakota,2023,Native Hawaiian or Other Pacific Islander,46,2023,NHOPI,23,observed,0,zero
South Dakota,2023,White,46,2023,2106-3,8706,observed,Suppressed,suppressed
South Dakota,2024,American Indian or Alaska Native,46,2024,1002-5,1562,observed,Suppressed,suppressed
South Dakota,2024,Asian,46,2024,A,207,observed,0,zero
South Dakota,2024,Black or African American,46,2024,2054-5,407,observed,0,zero
South Dakota,2024,More than one race,46,2024,M,428,observed,0,zero
South Dakota,2024,Native Hawaiian or Other Pacific Islander,46,2024,NHOPI,27,observed,0,zero
South Dakota,2024,White,46,2024,2106-3,8820,observed,Suppressed,suppressed
Tennessee,2016,American Indian or Alaska Native,47,2016,1002-5,123,observed,0,zero
Tennessee,2016,Asian,47,2016,A,2081,observed,Suppressed,suppressed
Tennessee,2016,Black or African American,47,2016,2054-5,17400,observed,Suppressed,suppressed
Tennessee,2016,More than one race,47,2016,M,1356,observed,Suppressed,suppressed
Tennessee,2016,Native Hawaiian or Other Pacific Islander,47,2016,NHOPI,125,observed,0,zero
Tennessee,2016,White,47,2016,2106-3,59722,observed,24,observed
Tennessee,2017,American Indian or Alaska Native,47,2017,1002-5,137,observed,0,zero
Tennessee,2017,Asian,47,2017,A,2078,observed,Suppressed,suppressed
Tennessee,2017,Black or African American,47,2017,2054-5,17537,observed,Suppressed,suppressed
Tennessee,2017,More than one race,47,2017,M,1490,observed,0,zero
Tennessee,2017,Native Hawaiian or Other Pacific Islander,47,2017,NHOPI,111,observed,0,zero
Tennessee,2017,White,47,2017,2106-3,59663,observed,24,observed
Tennessee,2018,American Indian or Alaska Native,47,2018,1002-5,231,observed,0,zero
Tennessee,2018,Asian,47,2018,A,1991,observed,Suppressed,suppressed
Tennessee,2018,Black or African American,47,2018,2054-5,16724,observed,Suppressed,suppressed
Tennessee,2018,More than one race,47,2018,M,1589,observed,Suppressed,suppressed
Tennessee,2018,Native Hawaiian or Other Pacific Islander,47,2018,NHOPI,143,observed,0,zero
Tennessee,2018,White,47,2018,2106-3,60073,observed,20,observed
Tennessee,2019,American Indian or Alaska Native,47,2019,1002-5,247,observed,0,zero
Tennessee,2019,Asian,47,2019,A,2042,observed,0,zero
Tennessee,2019,Black or African American,47,2019,2054-5,16861,observed,Suppressed,suppressed
Tennessee,2019,More than one race,47,2019,M,1604,observed,0,zero
Tennessee,2019,Native Hawaiian or Other Pacific Islander,47,2019,NHOPI,138,observed,0,zero
Tennessee,2019,White,47,2019,2106-3,59558,observed,20,observed
Tennessee,2020,American Indian or Alaska Native,47,2020,1002-5,263,observed,0,zero
Tennessee,2020,Asian,47,2020,A,1908,observed,0,zero
Tennessee,2020,Black or African American,47,2020,2054-5,16349,observed,Suppressed,suppressed
Tennessee,2020,More than one race,47,2020,M,1661,observed,Suppressed,suppressed
Tennessee,2020,Native Hawaiian or Other Pacific Islander,47,2020,NHOPI,181,observed,0,zero
Tennessee,2020,White,47,2020,2106-3,58327,observed,29,observed
Tennessee,2021,American Indian or Alaska Native,47,2021,1002-5,304,observed,0,zero
Tennessee,2021,Asian,47,2021,A,1860,observed,Suppressed,suppressed
Tennessee,2021,Black or African American,47,2021,2054-5,16067,observed,Suppressed,suppressed
Tennessee,2021,More than one race,47,2021,M,1743,observed,0,zero
Tennessee,2021,Native Hawaiian or Other Pacific Islander,47,2021,NHOPI,213,observed,0,zero
Tennessee,2021,White,47,2021,2106-3,61530,observed,23,observed
Tennessee,2022,American Indian or Alaska Native,47,2022,1002-5,367,observed,0,zero
Tennessee,2022,Asian,47,2022,A,2049,observed,0,zero
Tennessee,2022,Black or African American,47,2022,2054-5,15328,observed,Suppressed,suppressed
Tennessee,2022,More than one race,47,2022,M,1826,observed,Suppressed,suppressed
Tennessee,2022,Native Hawaiian or Other Pacific Islander,47,2022,NHOPI,485,observed,0,zero
Tennessee,2022,White,47,2022,2106-3,62210,observed,19,observed
Tennessee,2023,American Indian or Alaska Native,47,2023,1002-5,462,observed,0,zero
Tennessee,2023,Asian,47,2023,A,1979,observed,Suppressed,suppressed
Tennessee,2023,Black or African American,47,2023,2054-5,15267,observed,Suppressed,suppressed
Tennessee,2023,More than one race,47,2023,M,1752,observed,Suppressed,suppressed
Tennessee,2023,Native Hawaiian or Other Pacific Islander,47,2023,NHOPI,414,observed,0,zero
Tennessee,2023,White,47,2023,2106-3,63147,observed,23,observed
Tennessee,2024,American Indian or Alaska Native,47,2024,1002-5,467,observed,Suppressed,suppressed
Tennessee,2024,Asian,47,2024,A,2231,observed,Suppressed,suppressed
Tennessee,2024,Black or African American,47,2024,2054-5,13899,observed,Suppressed,suppressed
Tennessee,2024,More than one race,47,2024,M,1864,observed,Suppressed,suppressed
Tennessee,2024,Native Hawaiian or Other Pacific Islander,47,2024,NHOPI,330,observed,0,zero
Tennessee,2024,White,47,2024,2106-3,65042,observed,34,observed
Texas,2016,American Indian or Alaska Native,48,2016,1002-5,1173,observed,0,zero
Texas,2016,Asian,48,2016,A,22647,observed,Suppressed,suppressed
Texas,2016,Black or African American,48,2016,2054-5,55001,observed,17,observed
Texas,2016,More than one race,48,2016,M,4911,observed,Suppressed,suppressed
Texas,2016,Native Hawaiian or Other Pacific Islander,48,2016,NHOPI,621,observed,0,zero
Texas,2016,White,48,2016,2106-3,313694,observed,134,observed
Texas,2017,American Indian or Alaska Native,48,2017,1002-5,1010,observed,0,zero
Texas,2017,Asian,48,2017,A,22323,observed,Suppressed,suppressed
Texas,2017,Black or African American,48,2017,2054-5,54754,observed,17,observed
Texas,2017,More than one race,48,2017,M,4701,observed,Suppressed,suppressed
Texas,2017,Native Hawaiian or Other Pacific Islander,48,2017,NHOPI,666,observed,0,zero
Texas,2017,White,48,2017,2106-3,298596,observed,114,observed
Texas,2018,American Indian or Alaska Native,48,2018,1002-5,1118,observed,Suppressed,suppressed
Texas,2018,Asian,48,2018,A,20433,observed,Suppressed,suppressed
Texas,2018,Black or African American,48,2018,2054-5,51556,observed,17,observed
Texas,2018,More than one race,48,2018,M,4934,observed,Suppressed,suppressed
Texas,2018,Native Hawaiian or Other Pacific Islander,48,2018,NHOPI,625,observed,0,zero
Texas,2018,White,48,2018,2106-3,299958,observed,159,observed
Texas,2019,American Indian or Alaska Native,48,2019,1002-5,1096,observed,Suppressed,suppressed
Texas,2019,Asian,48,2019,A,20454,observed,Suppressed,suppressed
Texas,2019,Black or African American,48,2019,2054-5,50691,observed,12,observed
Texas,2019,More than one race,48,2019,M,5011,observed,Suppressed,suppressed
Texas,2019,Native Hawaiian or Other Pacific Islander,48,2019,NHOPI,779,observed,0,zero
Texas,2019,White,48,2019,2106-3,299568,observed,126,observed
Texas,2020,American Indian or Alaska Native,48,2020,1002-5,1097,observed,Suppressed,suppressed
Texas,2020,Asian,48,2020,A,19594,observed,Suppressed,suppressed
Texas,2020,Black or African American,48,2020,2054-5,49984,observed,15,observed
Texas,2020,More than one race,48,2020,M,5320,observed,Suppressed,suppressed
Texas,2020,Native Hawaiian or Other Pacific Islander,48,2020,NHOPI,751,observed,0,zero
Texas,2020,White,48,2020,2106-3,291444,observed,108,observed
Texas,2021,American Indian or Alaska Native,48,2021,1002-5,1143,observed,Suppressed,suppressed
Texas,2021,Asian,48,2021,A,20051,observed,Suppressed,suppressed
Texas,2021,Black or African American,48,2021,2054-5,49894,observed,Suppressed,suppressed
Texas,2021,More than one race,48,2021,M,5793,observed,Suppressed,suppressed
Texas,2021,Native Hawaiian or Other Pacific Islander,48,2021,NHOPI,775,observed,0,zero
Texas,2021,White,48,2021,2106-3,295938,observed,93,observed
Texas,2022,American Indian or Alaska Native,48,2022,1002-5,1300,observed,0,zero
Texas,2022,Asian,48,2022,A,21535,observed,Suppressed,suppressed
Texas,2022,Black or African American,48,2022,2054-5,51750,observed,20,observed
Texas,2022,More than one race,48,2022,M,6445,observed,Suppressed,suppressed
Texas,2022,Native Hawaiian or Other Pacific Islander,48,2022,NHOPI,810,observed,Suppressed,suppressed
Texas,2022,White,48,2022,2106-3,307901,observed,98,observed
Texas,2023,American Indian or Alaska Native,48,2023,1002-5,1233,observed,Suppressed,suppressed
Texas,2023,Asian,48,2023,A,22485,observed,Suppressed,suppressed
Texas,2023,Black or African American,48,2023,2054-5,51347,observed,16,observed
Texas,2023,More than one race,48,2023,M,6484,observed,Suppressed,suppressed
Texas,2023,Native Hawaiian or Other Pacific Islander,48,2023,NHOPI,815,observed,0,zero
Texas,2023,White,48,2023,2106-3,305581,observed,94,observed
Texas,2024,American Indian or Alaska Native,48,2024,1002-5,1210,observed,0,zero
Texas,2024,Asian,48,2024,A,24327,observed,10,observed
Texas,2024,Black or African American,48,2024,2054-5,48719,observed,Suppressed,suppressed
Texas,2024,More than one race,48,2024,M,6837,observed,Suppressed,suppressed
Texas,2024,Native Hawaiian or Other Pacific Islander,48,2024,NHOPI,832,observed,Suppressed,suppressed
Texas,2024,White,48,2024,2106-3,308903,observed,108,observed
Utah,2016,American Indian or Alaska Native,49,2016,1002-5,557,observed,Suppressed,suppressed
Utah,2016,Asian,49,2016,A,1330,observed,Suppressed,suppressed
Utah,2016,Black or African American,49,2016,2054-5,662,observed,Suppressed,suppressed
Utah,2016,More than one race,49,2016,M,1111,observed,Suppressed,suppressed
Utah,2016,Native Hawaiian or Other Pacific Islander,49,2016,NHOPI,469,observed,0,zero
Utah,2016,White,49,2016,2106-3,46335,observed,43,observed
Utah,2017,American Indian or Alaska Native,49,2017,1002-5,535,observed,Suppressed,suppressed
Utah,2017,Asian,49,2017,A,1316,observed,0,zero
Utah,2017,Black or African American,49,2017,2054-5,677,observed,Suppressed,suppressed
Utah,2017,More than one race,49,2017,M,1228,observed,Suppressed,suppressed
Utah,2017,Native Hawaiian or Other Pacific Islander,49,2017,NHOPI,524,observed,0,zero
Utah,2017,White,49,2017,2106-3,44305,observed,64,observed
Utah,2018,American Indian or Alaska Native,49,2018,1002-5,526,observed,0,zero
Utah,2018,Asian,49,2018,A,1224,observed,Suppressed,suppressed
Utah,2018,Black or African American,49,2018,2054-5,647,observed,Suppressed,suppressed
Utah,2018,More than one race,49,2018,M,1307,observed,Suppressed,suppressed
Utah,2018,Native Hawaiian or Other Pacific Islander,49,2018,NHOPI,511,observed,Suppressed,suppressed
Utah,2018,White,49,2018,2106-3,42994,observed,57,observed
Utah,2019,American Indian or Alaska Native,49,2019,1002-5,474,observed,Suppressed,suppressed
Utah,2019,Asian,49,2019,A,1229,observed,Suppressed,suppressed
Utah,2019,Black or African American,49,2019,2054-5,759,observed,Suppressed,suppressed
Utah,2019,More than one race,49,2019,M,1279,observed,Suppressed,suppressed
Utah,2019,Native Hawaiian or Other Pacific Islander,49,2019,NHOPI,533,observed,0,zero
Utah,2019,White,49,2019,2106-3,42552,observed,41,observed
Utah,2020,American Indian or Alaska Native,49,2020,1002-5,471,observed,Suppressed,suppressed
Utah,2020,Asian,49,2020,A,1235,observed,0,zero
Utah,2020,Black or African American,49,2020,2054-5,717,observed,Suppressed,suppressed
Utah,2020,More than one race,49,2020,M,1343,observed,Suppressed,suppressed
Utah,2020,Native Hawaiian or Other Pacific Islander,49,2020,NHOPI,569,observed,Suppressed,suppressed
Utah,2020,White,49,2020,2106-3,41367,observed,85,observed
Utah,2021,American Indian or Alaska Native,49,2021,1002-5,493,observed,Suppressed,suppressed
Utah,2021,Asian,49,2021,A,1276,observed,Suppressed,suppressed
Utah,2021,Black or African American,49,2021,2054-5,747,observed,Suppressed,suppressed
Utah,2021,More than one race,49,2021,M,1535,observed,Suppressed,suppressed
Utah,2021,Native Hawaiian or Other Pacific Islander,49,2021,NHOPI,521,observed,0,zero
Utah,2021,White,49,2021,2106-3,42140,observed,60,observed
Utah,2022,American Indian or Alaska Native,49,2022,1002-5,467,observed,Suppressed,suppressed
Utah,2022,Asian,49,2022,A,1296,observed,Suppressed,suppressed
Utah,2022,Black or African American,49,2022,2054-5,791,observed,0,zero
Utah,2022,More than one race,49,2022,M,1408,observed,Suppressed,suppressed
Utah,2022,Native Hawaiian or Other Pacific Islander,49,2022,NHOPI,619,observed,Suppressed,suppressed
Utah,2022,White,49,2022,2106-3,41187,observed,58,observed
Utah,2023,American Indian or Alaska Native,49,2023,1002-5,483,observed,Suppressed,suppressed
Utah,2023,Asian,49,2023,A,1226,observed,Suppressed,suppressed
Utah,2023,Black or African American,49,2023,2054-5,853,observed,Suppressed,suppressed
Utah,2023,More than one race,49,2023,M,1379,observed,0,zero
Utah,2023,Native Hawaiian or Other Pacific Islander,49,2023,NHOPI,623,observed,Suppressed,suppressed
Utah,2023,White,49,2023,2106-3,40455,observed,45,observed
Utah,2024,American Indian or Alaska Native,49,2024,1002-5,538,observed,0,zero
Utah,2024,Asian,49,2024,A,1326,observed,Suppressed,suppressed
Utah,2024,Black or African American,49,2024,2054-5,867,observed,Suppressed,suppressed
Utah,2024,More than one race,49,2024,M,1438,observed,Suppressed,suppressed
Utah,2024,Native Hawaiian or Other Pacific Islander,49,2024,NHOPI,919,observed,Suppressed,suppressed
Utah,2024,White,49,2024,2106-3,41576,observed,49,observed
Vermont,2016,American Indian or Alaska Native,50,2016,1002-5,13,observed,0,zero
Vermont,2016,Asian,50,2016,A,171,observed,0,zero
Vermont,2016,Black or African American,50,2016,2054-5,93,observed,0,zero
Vermont,2016,More than one race,50,2016,M,73,observed,0,zero
Vermont,2016,Native Hawaiian or Other Pacific Islander,50,2016,NHOPI,Suppressed,suppressed,0,zero
Vermont,2016,White,50,2016,2106-3,5404,observed,0,zero
Vermont,2017,American Indian or Alaska Native,50,2017,1002-5,17,observed,0,zero
Vermont,2017,Asian,50,2017,A,169,observed,0,zero
Vermont,2017,Black or African American,50,2017,2054-5,127,observed,0,zero
Vermont,2017,More than one race,50,2017,M,65,observed,0,zero
Vermont,2017,Native Hawaiian or Other Pacific Islander,50,2017,NHOPI,Suppressed,suppressed,0,zero
Vermont,2017,White,50,2017,2106-3,5274,observed,Suppressed,suppressed
Vermont,2018,American Indian or Alaska Native,50,2018,1002-5,14,observed,0,zero
Vermont,2018,Asian,50,2018,A,156,observed,0,zero
Vermont,2018,Black or African American,50,2018,2054-5,126,observed,0,zero
Vermont,2018,More than one race,50,2018,M,63,observed,0,zero
Vermont,2018,Native Hawaiian or Other Pacific Islander,50,2018,NHOPI,Suppressed,suppressed,0,zero
Vermont,2018,White,50,2018,2106-3,5072,observed,0,zero
Vermont,2019,American Indian or Alaska Native,50,2019,1002-5,11,observed,0,zero
Vermont,2019,Asian,50,2019,A,126,observed,0,zero
Vermont,2019,Black or African American,50,2019,2054-5,143,observed,0,zero
Vermont,2019,More than one race,50,2019,M,80,observed,0,zero
Vermont,2019,Native Hawaiian or Other Pacific Islander,50,2019,NHOPI,Suppressed,suppressed,0,zero
Vermont,2019,White,50,2019,2106-3,5000,observed,Suppressed,suppressed
Vermont,2020,American Indian or Alaska Native,50,2020,1002-5,17,observed,0,zero
Vermont,2020,Asian,50,2020,A,141,observed,0,zero
Vermont,2020,Black or African American,50,2020,2054-5,127,observed,0,zero
Vermont,2020,More than one race,50,2020,M,75,observed,0,zero
Vermont,2020,Native Hawaiian or Other Pacific Islander,50,2020,NHOPI,Suppressed,suppressed,0,zero
Vermont,2020,White,50,2020,2106-3,4772,observed,0,zero
Vermont,2021,American Indian or Alaska Native,50,2021,1002-5,14,observed,0,zero
Vermont,2021,Asian,50,2021,A,124,observed,0,zero
Vermont,2021,Black or African American,50,2021,2054-5,152,observed,0,zero
Vermont,2021,More than one race,50,2021,M,77,observed,0,zero
Vermont,2021,Native Hawaiian or Other Pacific Islander,50,2021,NHOPI,Suppressed,suppressed,0,zero
Vermont,2021,White,50,2021,2106-3,5016,observed,Suppressed,suppressed
Vermont,2022,American Indian or Alaska Native,50,2022,1002-5,14,observed,0,zero
Vermont,2022,Asian,50,2022,A,149,observed,0,zero
Vermont,2022,Black or African American,50,2022,2054-5,126,observed,0,zero
Vermont,2022,More than one race,50,2022,M,103,observed,0,zero
Vermont,2022,White,50,2022,2106-3,4924,observed,0,zero
Vermont,2023,American Indian or Alaska Native,50,2023,1002-5,17,observed,0,zero
Vermont,2023,Asian,50,2023,A,147,observed,0,zero
Vermont,2023,Black or African American,50,2023,2054-5,133,observed,0,zero
Vermont,2023,More than one race,50,2023,M,98,observed,0,zero
Vermont,2023,Native Hawaiian or Other Pacific Islander,50,2023,NHOPI,Suppressed,suppressed,0,zero
Vermont,2023,White,50,2023,2106-3,4665,observed,0,zero
Vermont,2024,American Indian or Alaska Native,50,2024,1002-5,20,observed,0,zero
Vermont,2024,Asian,50,2024,A,111,observed,0,zero
Vermont,2024,Black or African American,50,2024,2054-5,155,observed,0,zero
Vermont,2024,More than one race,50,2024,M,92,observed,0,zero
Vermont,2024,Native Hawaiian or Other Pacific Islander,50,2024,NHOPI,Suppressed,suppressed,0,zero
Vermont,2024,White,50,2024,2106-3,4642,observed,Suppressed,suppressed
Virginia,2016,American Indian or Alaska Native,51,2016,1002-5,194,observed,0,zero
Virginia,2016,Asian,51,2016,A,9002,observed,Suppressed,suppressed
Virginia,2016,Black or African American,51,2016,2054-5,22790,observed,Suppressed,suppressed
Virginia,2016,More than one race,51,2016,M,1569,observed,Suppressed,suppressed
Virginia,2016,Native Hawaiian or Other Pacific Islander,51,2016,NHOPI,204,observed,0,zero
Virginia,2016,White,51,2016,2106-3,68701,observed,35,observed
Virginia,2017,American Indian or Alaska Native,51,2017,1002-5,195,observed,0,zero
Virginia,2017,Asian,51,2017,A,8695,observed,Suppressed,suppressed
Virginia,2017,Black or African American,51,2017,2054-5,23055,observed,Suppressed,suppressed
Virginia,2017,More than one race,51,2017,M,1740,observed,Suppressed,suppressed
Virginia,2017,Native Hawaiian or Other Pacific Islander,51,2017,NHOPI,227,observed,Suppressed,suppressed
Virginia,2017,White,51,2017,2106-3,66479,observed,21,observed
Virginia,2018,American Indian or Alaska Native,51,2018,1002-5,236,observed,0,zero
Virginia,2018,Asian,51,2018,A,8060,observed,Suppressed,suppressed
Virginia,2018,Black or African American,51,2018,2054-5,22312,observed,Suppressed,suppressed
Virginia,2018,More than one race,51,2018,M,1933,observed,Suppressed,suppressed
Virginia,2018,Native Hawaiian or Other Pacific Islander,51,2018,NHOPI,288,observed,Suppressed,suppressed
Virginia,2018,White,51,2018,2106-3,67014,observed,31,observed
Virginia,2019,American Indian or Alaska Native,51,2019,1002-5,215,observed,0,zero
Virginia,2019,Asian,51,2019,A,7914,observed,Suppressed,suppressed
Virginia,2019,Black or African American,51,2019,2054-5,21765,observed,Suppressed,suppressed
Virginia,2019,More than one race,51,2019,M,1886,observed,0,zero
Virginia,2019,Native Hawaiian or Other Pacific Islander,51,2019,NHOPI,404,observed,Suppressed,suppressed
Virginia,2019,White,51,2019,2106-3,65245,observed,34,observed
Virginia,2020,American Indian or Alaska Native,51,2020,1002-5,292,observed,0,zero
Virginia,2020,Asian,51,2020,A,7354,observed,Suppressed,suppressed
Virginia,2020,Black or African American,51,2020,2054-5,21057,observed,Suppressed,suppressed
Virginia,2020,More than one race,51,2020,M,2045,observed,0,zero
Virginia,2020,Native Hawaiian or Other Pacific Islander,51,2020,NHOPI,305,observed,0,zero
Virginia,2020,White,51,2020,2106-3,63696,observed,33,observed
Virginia,2021,American Indian or Alaska Native,51,2021,1002-5,329,observed,0,zero
Virginia,2021,Asian,51,2021,A,7377,observed,Suppressed,suppressed
Virginia,2021,Black or African American,51,2021,2054-5,20926,observed,Suppressed,suppressed
Virginia,2021,More than one race,51,2021,M,2184,observed,Suppressed,suppressed
Virginia,2021,Native Hawaiian or Other Pacific Islander,51,2021,NHOPI,349,observed,Suppressed,suppressed
Virginia,2021,White,51,2021,2106-3,64660,observed,24,observed
Virginia,2022,American Indian or Alaska Native,51,2022,1002-5,420,observed,Suppressed,suppressed
Virginia,2022,Asian,51,2022,A,7633,observed,Suppressed,suppressed
Virginia,2022,Black or African American,51,2022,2054-5,20245,observed,Suppressed,suppressed
Virginia,2022,More than one race,51,2022,M,2408,observed,Suppressed,suppressed
Virginia,2022,Native Hawaiian or Other Pacific Islander,51,2022,NHOPI,469,observed,0,zero
Virginia,2022,White,51,2022,2106-3,64455,observed,31,observed
Virginia,2023,American Indian or Alaska Native,51,2023,1002-5,376,observed,Suppressed,suppressed
Virginia,2023,Asian,51,2023,A,7242,observed,Suppressed,suppressed
Virginia,2023,Black or African American,51,2023,2054-5,19471,observed,Suppressed,suppressed
Virginia,2023,More than one race,51,2023,M,2444,observed,Suppressed,suppressed
Virginia,2023,Native Hawaiian or Other Pacific Islander,51,2023,NHOPI,363,observed,0,zero
Virginia,2023,White,51,2023,2106-3,62753,observed,18,observed
Virginia,2024,American Indian or Alaska Native,51,2024,1002-5,263,observed,0,zero
Virginia,2024,Asian,51,2024,A,7798,observed,0,zero
Virginia,2024,Black or African American,51,2024,2054-5,19165,observed,Suppressed,suppressed
Virginia,2024,More than one race,51,2024,M,2706,observed,Suppressed,suppressed
Virginia,2024,Native Hawaiian or Other Pacific Islander,51,2024,NHOPI,317,observed,0,zero
Virginia,2024,White,51,2024,2106-3,63805,observed,23,observed
Washington,2016,American Indian or Alaska Native,53,2016,1002-5,1870,observed,Suppressed,suppressed
Washington,2016,Asian,53,2016,A,9889,observed,Suppressed,suppressed
Washington,2016,Black or African American,53,2016,2054-5,4784,observed,Suppressed,suppressed
Washington,2016,More than one race,53,2016,M,4013,observed,Suppressed,suppressed
Washington,2016,Native Hawaiian or Other Pacific Islander,53,2016,NHOPI,1370,observed,Suppressed,suppressed
Washington,2016,White,53,2016,2106-3,68579,observed,57,observed
Washington,2017,American Indian or Alaska Native,53,2017,1002-5,1660,observed,0,zero
Washington,2017,Asian,53,2017,A,9869,observed,Suppressed,suppressed
Washington,2017,Black or African American,53,2017,2054-5,4980,observed,Suppressed,suppressed
Washington,2017,More than one race,53,2017,M,4043,observed,Suppressed,suppressed
Washington,2017,Native Hawaiian or Other Pacific Islander,53,2017,NHOPI,1395,observed,Suppressed,suppressed
Washington,2017,White,53,2017,2106-3,65615,observed,38,observed
Washington,2018,American Indian or Alaska Native,53,2018,1002-5,1775,observed,Suppressed,suppressed
Washington,2018,Asian,53,2018,A,9351,observed,Suppressed,suppressed
Washington,2018,Black or African American,53,2018,2054-5,4888,observed,Suppressed,suppressed
Washington,2018,More than one race,53,2018,M,4186,observed,Suppressed,suppressed
Washington,2018,Native Hawaiian or Other Pacific Islander,53,2018,NHOPI,1358,observed,Suppressed,suppressed
Washington,2018,White,53,2018,2106-3,64527,observed,60,observed
Washington,2019,American Indian or Alaska Native,53,2019,1002-5,1703,observed,0,zero
Washington,2019,Asian,53,2019,A,9669,observed,Suppressed,suppressed
Washington,2019,Black or African American,53,2019,2054-5,4938,observed,Suppressed,suppressed
Washington,2019,More than one race,53,2019,M,4153,observed,Suppressed,suppressed
Washington,2019,Native Hawaiian or Other Pacific Islander,53,2019,NHOPI,1447,observed,Suppressed,suppressed
Washington,2019,White,53,2019,2106-3,62985,observed,39,observed
Washington,2020,American Indian or Alaska Native,53,2020,1002-5,1644,observed,Suppressed,suppressed
Washington,2020,Asian,53,2020,A,9186,observed,Suppressed,suppressed
Washington,2020,Black or African American,53,2020,2054-5,4912,observed,Suppressed,suppressed
Washington,2020,More than one race,53,2020,M,4175,observed,Suppressed,suppressed
Washington,2020,Native Hawaiian or Other Pacific Islander,53,2020,NHOPI,1452,observed,0,zero
Washington,2020,White,53,2020,2106-3,61717,observed,31,observed
Washington,2021,American Indian or Alaska Native,53,2021,1002-5,1663,observed,Suppressed,suppressed
Washington,2021,Asian,53,2021,A,9599,observed,Suppressed,suppressed
Washington,2021,Black or African American,53,2021,2054-5,4764,observed,Suppressed,suppressed
Washington,2021,More than one race,53,2021,M,4288,observed,Suppressed,suppressed
Washington,2021,Native Hawaiian or Other Pacific Islander,53,2021,NHOPI,1433,observed,Suppressed,suppressed
Washington,2021,White,53,2021,2106-3,62164,observed,36,observed
Washington,2022,American Indian or Alaska Native,53,2022,1002-5,1618,observed,Suppressed,suppressed
Washington,2022,Asian,53,2022,A,9952,observed,Suppressed,suppressed
Washington,2022,Black or African American,53,2022,2054-5,4942,observed,Suppressed,suppressed
Washington,2022,More than one race,53,2022,M,4495,observed,0,zero
Washington,2022,Native Hawaiian or Other Pacific Islander,53,2022,NHOPI,1566,observed,0,zero
Washington,2022,White,53,2022,2106-3,60760,observed,26,observed
Washington,2023,American Indian or Alaska Native,53,2023,1002-5,1527,observed,Suppressed,suppressed
Washington,2023,Asian,53,2023,A,9855,observed,Suppressed,suppressed
Washington,2023,Black or African American,53,2023,2054-5,4693,observed,Suppressed,suppressed
Washington,2023,More than one race,53,2023,M,4371,observed,Suppressed,suppressed
Washington,2023,Native Hawaiian or Other Pacific Islander,53,2023,NHOPI,1621,observed,0,zero
Washington,2023,White,53,2023,2106-3,58865,observed,30,observed
Washington,2024,American Indian or Alaska Native,53,2024,1002-5,1643,observed,Suppressed,suppressed
Washington,2024,Asian,53,2024,A,10488,observed,Suppressed,suppressed
Washington,2024,Black or African American,53,2024,2054-5,4909,observed,Suppressed,suppressed
Washington,2024,More than one race,53,2024,M,4482,observed,Suppressed,suppressed
Washington,2024,Native Hawaiian or Other Pacific Islander,53,2024,NHOPI,1662,observed,0,zero
Washington,2024,White,53,2024,2106-3,59934,observed,32,observed
West Virginia,2016,American Indian or Alaska Native,54,2016,1002-5,22,observed,0,zero
West Virginia,2016,Asian,54,2016,A,190,observed,0,zero
West Virginia,2016,Black or African American,54,2016,2054-5,628,observed,0,zero
West Virginia,2016,More than one race,54,2016,M,326,observed,0,zero
West Virginia,2016,Native Hawaiian or Other Pacific Islander,54,2016,NHOPI,Suppressed,suppressed,0,zero
West Virginia,2016,White,54,2016,2106-3,17906,observed,11,observed
West Virginia,2017,American Indian or Alaska Native,54,2017,1002-5,20,observed,0,zero
West Virginia,2017,Asian,54,2017,A,216,observed,0,zero
West Virginia,2017,Black or African American,54,2017,2054-5,661,observed,0,zero
West Virginia,2017,More than one race,54,2017,M,386,observed,0,zero
West Virginia,2017,Native Hawaiian or Other Pacific Islander,54,2017,NHOPI,14,observed,0,zero
West Virginia,2017,White,54,2017,2106-3,17378,observed,16,observed
West Virginia,2018,American Indian or Alaska Native,54,2018,1002-5,19,observed,0,zero
West Virginia,2018,Asian,54,2018,A,179,observed,0,zero
West Virginia,2018,Black or African American,54,2018,2054-5,664,observed,0,zero
West Virginia,2018,More than one race,54,2018,M,355,observed,Suppressed,suppressed
West Virginia,2018,Native Hawaiian or Other Pacific Islander,54,2018,NHOPI,Suppressed,suppressed,0,zero
West Virginia,2018,White,54,2018,2106-3,17024,observed,12,observed
West Virginia,2019,American Indian or Alaska Native,54,2019,1002-5,18,observed,0,zero
West Virginia,2019,Asian,54,2019,A,174,observed,0,zero
West Virginia,2019,Black or African American,54,2019,2054-5,652,observed,Suppressed,suppressed
West Virginia,2019,More than one race,54,2019,M,440,observed,0,zero
West Virginia,2019,Native Hawaiian or Other Pacific Islander,54,2019,NHOPI,Suppressed,suppressed,0,zero
West Virginia,2019,White,54,2019,2106-3,16844,observed,12,observed
West Virginia,2020,American Indian or Alaska Native,54,2020,1002-5,24,observed,0,zero
West Virginia,2020,Asian,54,2020,A,165,observed,0,zero
West Virginia,2020,Black or African American,54,2020,2054-5,637,observed,Suppressed,suppressed
West Virginia,2020,More than one race,54,2020,M,406,observed,0,zero
West Virginia,2020,Native Hawaiian or Other Pacific Islander,54,2020,NHOPI,Suppressed,suppressed,0,zero
West Virginia,2020,White,54,2020,2106-3,16086,observed,15,observed
West Virginia,2021,American Indian or Alaska Native,54,2021,1002-5,24,observed,0,zero
West Virginia,2021,Asian,54,2021,A,183,observed,Suppressed,suppressed
West Virginia,2021,Black or African American,54,2021,2054-5,560,observed,0,zero
West Virginia,2021,More than one race,54,2021,M,413,observed,0,zero
West Virginia,2021,Native Hawaiian or Other Pacific Islander,54,2021,NHOPI,Suppressed,suppressed,0,zero
West Virginia,2021,White,54,2021,2106-3,16011,observed,Suppressed,suppressed
West Virginia,2022,American Indian or Alaska Native,54,2022,1002-5,25,observed,0,zero
West Virginia,2022,Asian,54,2022,A,185,observed,0,zero
West Virginia,2022,Black or African American,54,2022,2054-5,600,observed,0,zero
West Virginia,2022,More than one race,54,2022,M,423,observed,0,zero
West Virginia,2022,Native Hawaiian or Other Pacific Islander,54,2022,NHOPI,Suppressed,suppressed,0,zero
West Virginia,2022,White,54,2022,2106-3,15692,observed,Suppressed,suppressed
West Virginia,2023,American Indian or Alaska Native,54,2023,1002-5,31,observed,0,zero
West Virginia,2023,Asian,54,2023,A,184,observed,0,zero
West Virginia,2023,Black or African American,54,2023,2054-5,616,observed,Suppressed,suppressed
West Virginia,2023,More than one race,54,2023,M,449,observed,Suppressed,suppressed
West Virginia,2023,Native Hawaiian or Other Pacific Islander,54,2023,NHOPI,Suppressed,suppressed,0,zero
West Virginia,2023,White,54,2023,2106-3,15317,observed,11,observed
West Virginia,2024,American Indian or Alaska Native,54,2024,1002-5,20,observed,0,zero
West Virginia,2024,Asian,54,2024,A,187,observed,0,zero
West Virginia,2024,Black or African American,54,2024,2054-5,639,observed,Suppressed,suppressed
West Virginia,2024,More than one race,54,2024,M,447,observed,0,zero
West Virginia,2024,Native Hawaiian or Other Pacific Islander,54,2024,NHOPI,Suppressed,suppressed,0,zero
West Virginia,2024,White,54,2024,2106-3,15721,observed,13,observed
Wisconsin,2016,American Indian or Alaska Native,55,2016,1002-5,821,observed,Suppressed,suppressed
Wisconsin,2016,Asian,55,2016,A,3324,observed,Suppressed,suppressed
Wisconsin,2016,Black or African American,55,2016,2054-5,6848,observed,Suppressed,suppressed
Wisconsin,2016,More than one race,55,2016,M,1476,observed,Suppressed,suppressed
Wisconsin,2016,Native Hawaiian or Other Pacific Islander,55,2016,NHOPI,30,observed,0,zero
Wisconsin,2016,White,55,2016,2106-3,54116,observed,44,observed
Wisconsin,2017,American Indian or Alaska Native,55,2017,1002-5,845,observed,0,zero
Wisconsin,2017,Asian,55,2017,A,3114,observed,Suppressed,suppressed
Wisconsin,2017,Black or African American,55,2017,2054-5,7148,observed,Suppressed,suppressed
Wisconsin,2017,More than one race,55,2017,M,1517,observed,Suppressed,suppressed
Wisconsin,2017,Native Hawaiian or Other Pacific Islander,55,2017,NHOPI,35,observed,0,zero
Wisconsin,2017,White,55,2017,2106-3,52316,observed,55,observed
Wisconsin,2018,American Indian or Alaska Native,55,2018,1002-5,823,observed,Suppressed,suppressed
Wisconsin,2018,Asian,55,2018,A,3218,observed,Suppressed,suppressed
Wisconsin,2018,Black or African American,55,2018,2054-5,6867,observed,11,observed
Wisconsin,2018,More than one race,55,2018,M,1519,observed,0,zero
Wisconsin,2018,Native Hawaiian or Other Pacific Islander,55,2018,NHOPI,35,observed,0,zero
Wisconsin,2018,White,55,2018,2106-3,51636,observed,51,observed
Wisconsin,2019,American Indian or Alaska Native,55,2019,1002-5,751,observed,0,zero
Wisconsin,2019,Asian,55,2019,A,2994,observed,Suppressed,suppressed
Wisconsin,2019,Black or African American,55,2019,2054-5,7092,observed,Suppressed,suppressed
Wisconsin,2019,More than one race,55,2019,M,1536,observed,0,zero
Wisconsin,2019,Native Hawaiian or Other Pacific Islander,55,2019,NHOPI,37,observed,0,zero
Wisconsin,2019,White,55,2019,2106-3,50860,observed,47,observed
Wisconsin,2020,American Indian or Alaska Native,55,2020,1002-5,710,observed,Suppressed,suppressed
Wisconsin,2020,Asian,55,2020,A,2937,observed,Suppressed,suppressed
Wisconsin,2020,Black or African American,55,2020,2054-5,6698,observed,Suppressed,suppressed
Wisconsin,2020,More than one race,55,2020,M,1506,observed,0,zero
Wisconsin,2020,Native Hawaiian or Other Pacific Islander,55,2020,NHOPI,29,observed,0,zero
Wisconsin,2020,White,55,2020,2106-3,48714,observed,61,observed
Wisconsin,2021,American Indian or Alaska Native,55,2021,1002-5,707,observed,Suppressed,suppressed
Wisconsin,2021,Asian,55,2021,A,2746,observed,Suppressed,suppressed
Wisconsin,2021,Black or African American,55,2021,2054-5,6265,observed,Suppressed,suppressed
Wisconsin,2021,More than one race,55,2021,M,1613,observed,Suppressed,suppressed
Wisconsin,2021,Native Hawaiian or Other Pacific Islander,55,2021,NHOPI,31,observed,0,zero
Wisconsin,2021,White,55,2021,2106-3,50419,observed,49,observed
Wisconsin,2022,American Indian or Alaska Native,55,2022,1002-5,606,observed,0,zero
Wisconsin,2022,Asian,55,2022,A,2726,observed,Suppressed,suppressed
Wisconsin,2022,Black or African American,55,2022,2054-5,6010,observed,Suppressed,suppressed
Wisconsin,2022,More than one race,55,2022,M,1588,observed,Suppressed,suppressed
Wisconsin,2022,Native Hawaiian or Other Pacific Islander,55,2022,NHOPI,37,observed,0,zero
Wisconsin,2022,White,55,2022,2106-3,49082,observed,36,observed
Wisconsin,2023,American Indian or Alaska Native,55,2023,1002-5,607,observed,0,zero
Wisconsin,2023,Asian,55,2023,A,2738,observed,Suppressed,suppressed
Wisconsin,2023,Black or African American,55,2023,2054-5,5962,observed,Suppressed,suppressed
Wisconsin,2023,More than one race,55,2023,M,1580,observed,Suppressed,suppressed
Wisconsin,2023,Native Hawaiian or Other Pacific Islander,55,2023,NHOPI,33,observed,0,zero
Wisconsin,2023,White,55,2023,2106-3,48834,observed,57,observed
Wisconsin,2024,American Indian or Alaska Native,55,2024,1002-5,586,observed,0,zero
Wisconsin,2024,Asian,55,2024,A,2885,observed,Suppressed,suppressed
Wisconsin,2024,Black or African American,55,2024,2054-5,5834,observed,Suppressed,suppressed
Wisconsin,2024,More than one race,55,2024,M,1605,observed,0,zero
Wisconsin,2024,Native Hawaiian or Other Pacific Islander,55,2024,NHOPI,34,observed,0,zero
Wisconsin,2024,White,55,2024,2106-3,48742,observed,35,observed
Wyoming,2016,American Indian or Alaska Native,56,2016,1002-5,245,observed,Suppressed,suppressed
Wyoming,2016,Asian,56,2016,A,112,observed,0,zero
Wyoming,2016,Black or African American,56,2016,2054-5,93,observed,0,zero
Wyoming,2016,More than one race,56,2016,M,160,observed,0,zero
Wyoming,2016,Native Hawaiian or Other Pacific Islander,56,2016,NHOPI,Suppressed,suppressed,0,zero
Wyoming,2016,White,56,2016,2106-3,6769,observed,Suppressed,suppressed
Wyoming,2017,American Indian or Alaska Native,56,2017,1002-5,249,observed,0,zero
Wyoming,2017,Asian,56,2017,A,97,observed,0,zero
Wyoming,2017,Black or African American,56,2017,2054-5,71,observed,0,zero
Wyoming,2017,More than one race,56,2017,M,171,observed,0,zero
Wyoming,2017,Native Hawaiian or Other Pacific Islander,56,2017,NHOPI,Suppressed,suppressed,0,zero
Wyoming,2017,White,56,2017,2106-3,6306,observed,Suppressed,suppressed
Wyoming,2018,American Indian or Alaska Native,56,2018,1002-5,247,observed,0,zero
Wyoming,2018,Asian,56,2018,A,82,observed,0,zero
Wyoming,2018,Black or African American,56,2018,2054-5,75,observed,0,zero
Wyoming,2018,More than one race,56,2018,M,169,observed,0,zero
Wyoming,2018,Native Hawaiian or Other Pacific Islander,56,2018,NHOPI,16,observed,0,zero
Wyoming,2018,White,56,2018,2106-3,5973,observed,Suppressed,suppressed
Wyoming,2019,American Indian or Alaska Native,56,2019,1002-5,222,observed,0,zero
Wyoming,2019,Asian,56,2019,A,86,observed,0,zero
Wyoming,2019,Black or African American,56,2019,2054-5,79,observed,0,zero
Wyoming,2019,More than one race,56,2019,M,153,observed,0,zero
Wyoming,2019,Native Hawaiian or Other Pacific Islander,56,2019,NHOPI,12,observed,0,zero
Wyoming,2019,White,56,2019,2106-3,6013,observed,Suppressed,suppressed
Wyoming,2020,American Indian or Alaska Native,56,2020,1002-5,227,observed,0,zero
Wyoming,2020,Asian,56,2020,A,68,observed,0,zero
Wyoming,2020,Black or African American,56,2020,2054-5,75,observed,0,zero
Wyoming,2020,More than one race,56,2020,M,159,observed,0,zero
Wyoming,2020,Native Hawaiian or Other Pacific Islander,56,2020,NHOPI,Suppressed,suppressed,0,zero
Wyoming,2020,White,56,2020,2106-3,5591,observed,Suppressed,suppressed
Wyoming,2021,American Indian or Alaska Native,56,2021,1002-5,230,observed,0,zero
Wyoming,2021,Asian,56,2021,A,74,observed,Suppressed,suppressed
Wyoming,2021,Black or African American,56,2021,2054-5,54,observed,0,zero
Wyoming,2021,More than one race,56,2021,M,170,observed,0,zero
Wyoming,2021,Native Hawaiian or Other Pacific Islander,56,2021,NHOPI,Suppressed,suppressed,0,zero
Wyoming,2021,White,56,2021,2106-3,5700,observed,Suppressed,suppressed
Wyoming,2022,American Indian or Alaska Native,56,2022,1002-5,226,observed,0,zero
Wyoming,2022,Asian,56,2022,A,77,observed,0,zero
Wyoming,2022,Black or African American,56,2022,2054-5,66,observed,0,zero
Wyoming,2022,More than one race,56,2022,M,176,observed,0,zero
Wyoming,2022,Native Hawaiian or Other Pacific Islander,56,2022,NHOPI,10,observed,0,zero
Wyoming,2022,White,56,2022,2106-3,5494,observed,Suppressed,suppressed
Wyoming,2023,American Indian or Alaska Native,56,2023,1002-5,198,observed,0,zero
Wyoming,2023,Asian,56,2023,A,74,observed,Suppressed,suppressed
Wyoming,2023,Black or African American,56,2023,2054-5,66,observed,0,zero
Wyoming,2023,More than one race,56,2023,M,175,observed,0,zero
Wyoming,2023,Native Hawaiian or Other Pacific Islander,56,2023,NHOPI,10,observed,0,zero
Wyoming,2023,White,56,2023,2106-3,5467,observed,Suppressed,suppressed
Wyoming,2024,American Indian or Alaska Native,56,2024,1002-5,218,observed,0,zero
Wyoming,2024,Asian,56,2024,A,78,observed,0,zero
Wyoming,2024,Black or African American,56,2024,2054-5,62,observed,0,zero
Wyoming,2024,More than one race,56,2024,M,164,observed,0,zero
Wyoming,2024,Native Hawaiian or Other Pacific Islander,56,2024,NHOPI,Suppressed,suppressed,0,zero
Wyoming,2024,White,56,2024,2106-3,5559,observed,Suppressed,suppressed
