state,year,race6,hisp,state_code,year_code,race6_code,hisp_code,births,births_status,ds_cp,ds_cp_status
Alabama,2016,American Indian or Alaska Native,Hispanic or Latino,01,2016,1002-5,2135-2,18,observed,0,zero
Alabama,2016,American Indian or Alaska Native,Not Hispanic or Latino,01,2016,1002-5,2186-5,115,observed,0,zero
Alabama,2016,Asian,Hispanic or Latino,01,2016,A,2135-2,55,observed,0,zero
Alabama,2016,Asian,Not Hispanic or Latino,01,2016,A,2186-5,986,observed,0,zero
Alabama,2016,Black or African American,Hispanic or Latino,01,2016,2054-5,2135-2,481,observed,0,zero
Alabama,2016,Black or African American,Not Hispanic or Latino,01,2016,2054-5,2186-5,17695,observed,Suppressed,suppressed
Alabama,2016,Black or African American,Unknown or Not Stated,01,2016,2054-5,9,Suppressed,suppressed,0,zero
Alabama,2016,More than one race,Hispanic or Latino,01,2016,M,2135-2,49,observed,0,zero
Alabama,2016,More than one race,Not Hispanic or Latino,01,2016,M,2186-5,825,observed,0,zero
Alabama,2016,More than one race,Unknown or Not Stated,01,2016,M,9,Suppressed,suppressed,0,zero
Alabama,2016,Native Hawaiian or Other Pacific Islander,Hispanic or Latino,01,2016,NHOPI,2135-2,108,observed,0,zero
Alabama,2016,Native Hawaiian or Other Pacific Islander,Not Hispanic or Latino,01,2016,NHOPI,2186-5,35,observed,0,zero
Alabama,2016,White,Hispanic or Latino,01,2016,2106-3,2135-2,3869,observed,Suppressed,suppressed
Alabama,2016,White,Not Hispanic or Latino,01,2016,2106-3,2186-5,34899,observed,14,observed
Alabama,2016,White,Unknown or Not Stated,01,2016,2106-3,9,10,observed,0,zero
Alabama,2017,American Indian or Alaska Native,Hispanic or Latino,01,2017,1002-5,2135-2,19,observed,0,zero
Alabama,2017,American Indian or Alaska Native,Not Hispanic or Latino,01,2017,1002-5,2186-5,131,observed,0,zero
Alabama,2017,Asian,Hispanic or Latino,01,2017,A,2135-2,55,observed,Suppressed,suppressed
Alabama,2017,Asian,Not Hispanic or Latino,01,2017,A,2186-5,950,observed,0,zero
Alabama,2017,Black or African American,Hispanic or Latino,01,2017,2054-5,2135-2,500,observed,Suppressed,suppressed
Alabama,2017,Black or African American,Not Hispanic or Latino,01,2017,2054-5,2186-5,17963,observed,Suppressed,suppressed
Alabama,2017,Black or African American,Unknown or Not Stated,01,2017,2054-5,9,Suppressed,suppressed,0,zero
Alabama,2017,More than one race,Hispanic or Latino,01,2017,M,2135-2,52,observed,0,zero
Alabama,2017,More than one race,Not Hispanic or Latino,01,2017,M,2186-5,906,observed,0,zero
Alabama,2017,Native Hawaiian or Other Pacific Islander,Hispanic or Latino,01,2017,NHOPI,2135-2,32,observed,0,zero
Alabama,2017,Native Hawaiian or Other Pacific Islander,Not Hispanic or Latino,01,2017,NHOPI,2186-5,44,observed,0,zero
Alabama,2017,White,Hispanic or Latino,01,2017,2106-3,2135-2,3888,observed,Suppressed,suppressed
Alabama,2017,White,Not Hispanic or Latino,01,2017,2106-3,2186-5,34377,observed,13,observed
Alabama,2017,White,Unknown or Not Stated,01,2017,2106-3,9,20,observed,0,zero
Alabama,2018,American Indian or Alaska Native,Hispanic or Latino,01,2018,1002-5,2135-2,26,observed,0,zero
Alabama,2018,American Indian or Alaska Native,Not Hispanic or Latino,01,2018,1002-5,2186-5,148,observed,0,zero
Alabama,2018,American Indian or Alaska Native,Unknown or Not Stated,01,2018,1002-5,9,Suppressed,suppressed,0,zero
Alabama,2018,Asian,Hispanic or Latino,01,2018,A,2135-2,43,observed,0,zero
Alabama,2018,Asian,Not Hispanic or Latino,01,2018,A,2186-5,903,observed,Suppressed,suppressed
Alabama,2018,Black or African American,Hispanic or Latino,01,2018,2054-5,2135-2,138,observed,0,zero
Alabama,2018,Black or African American,Not Hispanic or Latino,01,2018,2054-5,2186-5,17597,observed,Suppressed,suppressed
Alabama,2018,Black or African American,Unknown or Not Stated,01,2018,2054-5,9,Suppressed,suppressed,0,zero
Alabama,2018,More than one race,Hispanic or Latino,01,2018,M,2135-2,51,observed,Suppressed,suppressed
Alabama,2018,More than one race,Not Hispanic or Latino,01,2018,M,2186-5,864,observed,0,zero
Alabama,2018,Native Hawaiian or Other Pacific Islander,Hispanic or Latino,01,2018,NHOPI,2135-2,74,observed,0,zero
Alabama,2018,Native Hawaiian or Other Pacific Islander,Not Hispanic or Latino,01,2018,NHOPI,2186-5,46,observed,0,zero
Alabama,2018,Native Hawaiian or Other Pacific Islander,Unknown or Not Stated,01,2018,NHOPI,9,Suppressed,suppressed,0,zero
Alabama,2018,White,Hispanic or Latino,01,2018,2106-3,2135-2,4071,observed,Suppressed,suppressed
Alabama,2018,White,Not Hispanic or Latino,01,2018,2106-3,2186-5,33776,observed,18,observed
Alabama,2018,White,Unknown or Not Stated,01,2018,2106-3,9,18,observed,0,zero
Alabama,2019,American Indian or Alaska Native,Hispanic or Latino,01,2019,1002-5,2135-2,38,observed,0,zero
Alabama,2019,American Indian or Alaska Native,Not Hispanic or Latino,01,2019,1002-5,2186-5,151,observed,0,zero
Alabama,2019,Asian,Hispanic or Latino,01,2019,A,2135-2,43,observed,0,zero
Alabama,2019,Asian,Not Hispanic or Latino,01,2019,A,2186-5,886,observed,0,zero
Alabama,2019,Asian,Unknown or Not Stated,01,2019,A,9,Suppressed,suppressed,0,zero
Alabama,2019,Black or African American,Hispanic or Latino,01,2019,2054-5,2135-2,198,observed,0,zero
Alabama,2019,Black or African American,Not Hispanic or Latino,01,2019,2054-5,2186-5,18197,observed,Suppressed,suppressed
Alabama,2019,Black or African American,Unknown or Not Stated,01,2019,2054-5,9,Suppressed,suppressed,0,zero
Alabama,2019,More than one race,Hispanic or Latino,01,2019,M,2135-2,65,observed,0,zero
Alabama,2019,More than one race,Not Hispanic or Latino,01,2019,M,2186-5,1022,observed,0,zero
Alabama,2019,Native Hawaiian or Other Pacific Islander,Hispanic or Latino,01,2019,NHOPI,2135-2,39,observed,0,zero
Alabama,2019,Native Hawaiian or Other Pacific Islander,Not Hispanic or Latino,01,2019,NHOPI,2186-5,37,observed,0,zero
Alabama,2019,White,Hispanic or Latino,01,2019,2106-3,2135-2,4527,observed,Suppressed,suppressed
Alabama,2019,White,Not Hispanic or Latino,01,2019,2106-3,2186-5,33394,observed,23,observed
Alabama,2019,White,Unknown or Not Stated,01,2019,2106-3,9,11,observed,0,zero
Alabama,2020,American Indian or Alaska Native,Hispanic or Latino,01,2020,1002-5,2135-2,52,observed,0,zero
Alabama,2020,American Indian or Alaska Native,Not Hispanic or Latino,01,2020,1002-5,2186-5,133,observed,0,zero
Alabama,2020,Asian,Hispanic or Latino,01,2020,A,2135-2,63,observed,0,zero
Alabama,2020,Asian,Not Hispanic or Latino,01,2020,A,2186-5,836,observed,0,zero
Alabama,2020,Black or African American,Hispanic or Latino,01,2020,2054-5,2135-2,269,observed,0,zero
Alabama,2020,Black or African American,Not Hispanic or Latino,01,2020,2054-5,2186-5,17746,observed,Suppressed,suppressed
Alabama,2020,Black or African American,Unknown or Not Stated,01,2020,2054-5,9,Suppressed,suppressed,0,zero
Alabama,2020,More than one race,Hispanic or Latino,01,2020,M,2135-2,55,observed,0,zero
Alabama,2020,More than one race,Not Hispanic or Latino,01,2020,M,2186-5,977,observed,0,zero
Alabama,2020,More than one race,Unknown or Not Stated,01,2020,M,9,Suppressed,suppressed,0,zero
Alabama,2020,Native Hawaiian or Other Pacific Islander,Hispanic or Latino,01,2020,NHOPI,2135-2,53,observed,0,zero
Alabama,2020,Native Hawaiian or Other Pacific Islander,Not Hispanic or Latino,01,2020,NHOPI,2186-5,40,observed,0,zero
Alabama,2020,White,Hispanic or Latino,01,2020,2106-3,2135-2,4741,observed,Suppressed,suppressed
Alabama,2020,White,Not Hispanic or Latino,01,2020,2106-3,2186-5,32672,observed,17,observed
Alabama,2020,White,Unknown or Not Stated,01,2020,2106-3,9,Suppressed,suppressed,0,zero
Alabama,2021,American Indian or Alaska Native,Hispanic or Latino,01,2021,1002-5,2135-2,59,observed,0,zero
Alabama,2021,American Indian or Alaska Native,Not Hispanic or Latino,01,2021,1002-5,2186-5,155,observed,0,zero
Alabama,2021,Asian,Hispanic or Latino,01,2021,A,2135-2,40,observed,0,zero
Alabama,2021,Asian,Not Hispanic or Latino,01,2021,A,2186-5,852,observed,0,zero
Alabama,2021,Black or African American,Hispanic or Latino,01,2021,2054-5,2135-2,281,observed,0,zero
Alabama,2021,Black or African American,Not Hispanic or Latino,01,2021,2054-5,2186-5,16511,observed,Suppressed,suppressed
Alabama,2021,Black or African American,Unknown or Not Stated,01,2021,2054-5,9,Suppressed,suppressed,0,zero
Alabama,2021,More than one race,Hispanic or Latino,01,2021,M,2135-2,73,observed,0,zero
Alabama,2021,More than one race,Not Hispanic or Latino,01,2021,M,2186-5,1054,observed,Suppressed,suppressed
Alabama,2021,Native Hawaiian or Other Pacific Islander,Hispanic or Latino,01,2021,NHOPI,2135-2,43,observed,0,zero
Alabama,2021,Native Hawaiian or Other Pacific Islander,Not Hispanic or Latino,01,2021,NHOPI,2186-5,51,observed,0,zero
Alabama,2021,White,Hispanic or Latino,01,2021,2106-3,2135-2,5152,observed,Suppressed,suppressed
Alabama,2021,White,Not Hispanic or Latino,01,2021,2106-3,2186-5,33775,observed,15,observed
Alabama,2021,White,Unknown or Not Stated,01,2021,2106-3,9,Suppressed,suppressed,0,zero
Alabama,2022,American Indian or Alaska Native,Hispanic or Latino,01,2022,1002-5,2135-2,39,observed,0,zero
Alabama,2022,American Indian or Alaska Native,Not Hispanic or Latino,01,2022,1002-5,2186-5,131,observed,0,zero
Alabama,2022,Asian,Hispanic or Latino,01,2022,A,2135-2,42,observed,0,zero
Alabama,2022,Asian,Not Hispanic or Latino,01,2022,A,2186-5,782,observed,Suppressed,suppressed
Alabama,2022,Black or African American,Hispanic or Latino,01,2022,2054-5,2135-2,318,observed,0,zero
Alabama,2022,Black or African American,Not Hispanic or Latino,01,2022,2054-5,2186-5,16067,observed,Suppressed,suppressed
Alabama,2022,Black or African American,Unknown or Not Stated,01,2022,2054-5,9,Suppressed,suppressed,0,zero
Alabama,2022,More than one race,Hispanic or Latino,01,2022,M,2135-2,69,observed,0,zero
Alabama,2022,More than one race,Not Hispanic or Latino,01,2022,M,2186-5,1144,observed,0,zero
Alabama,2022,Native Hawaiian or Other Pacific Islander,Hispanic or Latino,01,2022,NHOPI,2135-2,50,observed,0,zero
Alabama,2022,Native Hawaiian or Other Pacific Islander,Not Hispanic or Latino,01,2022,NHOPI,2186-5,56,observed,Suppressed,suppressed
Alabama,2022,White,Hispanic or Latino,01,2022,2106-3,2135-2,5713,observed,Suppressed,suppressed
Alabama,2022,White,Not Hispanic or Latino,01,2022,2106-3,2186-5,33725,observed,18,observed
Alabama,2022,White,Unknown or Not Stated,01,2022,2106-3,9,Suppressed,suppressed,0,zero
Alabama,2023,American Indian or Alaska Native,Hispanic or Latino,01,2023,1002-5,2135-2,55,observed,0,zero
Alabama,2023,American Indian or Alaska Native,Not Hispanic or Latino,01,2023,1002-5,2186-5,139,observed,0,zero
Alabama,2023,Asian,Hispanic or Latino,01,2023,A,2135-2,49,observed,0,zero
Alabama,2023,Asian,Not Hispanic or Latino,01,2023,A,2186-5,820,observed,Suppressed,suppressed
Alabama,2023,Asian,Unknown or Not Stated,01,2023,A,9,Suppressed,suppressed,0,zero
Alabama,2023,Black or African American,Hispanic or Latino,01,2023,2054-5,2135-2,215,observed,0,zero
Alabama,2023,Black or African American,Not Hispanic or Latino,01,2023,2054-5,2186-5,15543,observed,Suppressed,suppressed
Alabama,2023,Black or African American,Unknown or Not Stated,01,2023,2054-5,9,Suppressed,suppressed,0,zero
Alabama,2023,More than one race,Hispanic or Latino,01,2023,M,2135-2,71,observed,0,zero
Alabama,2023,More than one race,Not Hispanic or Latino,01,2023,M,2186-5,1157,observed,0,zero
Alabama,2023,Native Hawaiian or Other Pacific Islander,Hispanic or Latino,01,2023,NHOPI,2135-2,50,observed,0,zero
Alabama,2023,Native Hawaiian or Other Pacific Islander,Not Hispanic or Latino,01,2023,NHOPI,2186-5,62,observed,0,zero
Alabama,2023,White,Hispanic or Latino,01,2023,2106-3,2135-2,6450,observed,Suppressed,suppressed
Alabama,2023,White,Not Hispanic or Latino,01,2023,2106-3,2186-5,33230,observed,17,observed
Alabama,2023,White,Unknown or Not Stated,01,2023,2106-3,9,10,observed,0,zero
Alabama,2024,American Indian or Alaska Native,Hispanic or Latino,01,2024,1002-5,2135-2,108,observed,0,zero
Alabama,2024,American Indian or Alaska Native,Not Hispanic or Latino,01,2024,1002-5,2186-5,127,observed,0,zero
Alabama,2024,Asian,Hispanic or Latino,01,2024,A,2135-2,26,observed,0,zero
Alabama,2024,Asian,Not Hispanic or Latino,01,2024,A,2186-5,955,observed,Suppressed,suppressed
Alabama,2024,Asian,Unknown or Not Stated,01,2024,A,9,Suppressed,suppressed,0,zero
Alabama,2024,Black or African American,Hispanic or Latino,01,2024,2054-5,2135-2,224,observed,0,zero
Alabama,2024,Black or African American,Not Hispanic or Latino,01,2024,2054-5,2186-5,14706,observed,Suppressed,suppressed
Alabama,2024,Black or African American,Unknown or Not Stated,01,2024,2054-5,9,Suppressed,suppressed,0,zero
Alabama,2024,More than one race,Hispanic or Latino,01,2024,M,2135-2,83,observed,0,zero
Alabama,2024,More than one race,Not Hispanic or Latino,01,2024,M,2186-5,1139,observed,0,zero
Alabama,2024,More than one race,Unknown or Not Stated,01,2024,M,9,Suppressed,suppressed,0,zero
Alabama,2024,Native Hawaiian or Other Pacific Islander,Hispanic or Latino,01,2024,NHOPI,2135-2,66,observed,0,zero
Alabama,2024,Native Hawaiian or Other Pacific Islander,Not Hispanic or Latino,01,2024,NHOPI,2186-5,78,observed,0,zero
Alabama,2024,White,Hispanic or Latino,01,2024,2106-3,2135-2,7194,observed,Suppressed,suppressed
Alabama,2024,White,Not Hispanic or Latino,01,2024,2106-3,2186-5,33213,observed,14,observed
Alabama,2024,White,Unknown or Not Stated,01,2024,2106-3,9,Suppressed,suppressed,0,zero
Alaska,2016,American Indian or Alaska Native,Hispanic or Latino,02,2016,1002-5,2135-2,65,observed,0,zero
Alaska,2016,American Indian or Alaska Native,Not Hispanic or Latino,02,2016,1002-5,2186-5,2110,observed,Suppressed,suppressed
Alaska,2016,American Indian or Alaska Native,Unknown or Not Stated,02,2016,1002-5,9,20,observed,0,zero
Alaska,2016,Asian,Hispanic or Latino,02,2016,A,2135-2,28,observed,0,zero
Alaska,2016,Asian,Not Hispanic or Latino,02,2016,A,2186-5,691,observed,Suppressed,suppressed
Alaska,2016,Asian,Unknown or Not Stated,02,2016,A,9,10,observed,0,zero
Alaska,2016,Black or African American,Hispanic or Latino,02,2016,2054-5,2135-2,34,observed,0,zero
Alaska,2016,Black or African American,Not Hispanic or Latino,02,2016,2054-5,2186-5,319,observed,0,zero
Alaska,2016,Black or African American,Unknown or Not Stated,02,2016,2054-5,9,Suppressed,suppressed,0,zero
Alaska,2016,More than one race,Hispanic or Latino,02,2016,M,2135-2,76,observed,0,zero
Alaska,2016,More than one race,Not Hispanic or Latino,02,2016,M,2186-5,1080,observed,0,zero
Alaska,2016,More than one race,Unknown or Not Stated,02,2016,M,9,Suppressed,suppressed,0,zero
Alaska,2016,Native Hawaiian or Other Pacific Islander,Hispanic or Latino,02,2016,NHOPI,2135-2,Suppressed,suppressed,0,zero
Alaska,2016,Native Hawaiian or Other Pacific Islander,Not Hispanic or Latino,02,2016,NHOPI,2186-5,289,observed,0,zero
Alaska,2016,Native Hawaiian or Other Pacific Islander,Unknown or Not Stated,02,2016,NHOPI,9,Suppressed,suppressed,0,zero
Alaska,2016,White,Hispanic or Latino,02,2016,2106-3,2135-2,602,observed,Suppressed,suppressed
Alaska,2016,White,Not Hispanic or Latino,02,2016,2106-3,2186-5,5787,observed,Suppressed,suppressed
Alaska,2016,White,Unknown or Not Stated,02,2016,2106-3,9,78,observed,Suppressed,suppressed
Alaska,2017,American Indian or Alaska Native,Hispanic or Latino,02,2017,1002-5,2135-2,64,observed,0,zero
Alaska,2017,American Indian or Alaska Native,Not Hispanic or Latino,02,2017,1002-5,2186-5,1903,observed,0,zero
Alaska,2017,American Indian or Alaska Native,Unknown or Not Stated,02,2017,1002-5,9,18,observed,0,zero
Alaska,2017,Asian,Hispanic or Latino,02,2017,A,2135-2,24,observed,0,zero
Alaska,2017,Asian,Not Hispanic or Latino,02,2017,A,2186-5,686,observed,Suppressed,suppressed
Alaska,2017,Asian,Unknown or Not Stated,02,2017,A,9,10,observed,0,zero
Alaska,2017,Black or African American,Hispanic or Latino,02,2017,2054-5,2135-2,43,observed,0,zero
Alaska,2017,Black or African American,Not Hispanic or Latino,02,2017,2054-5,2186-5,329,observed,0,zero
Alaska,2017,Black or African American,Unknown or Not Stated,02,2017,2054-5,9,Suppressed,suppressed,0,zero
Alaska,2017,More than one race,Hispanic or Latino,02,2017,M,2135-2,62,observed,0,zero
Alaska,2017,More than one race,Not Hispanic or Latino,02,2017,M,2186-5,1031,observed,0,zero
Alaska,2017,More than one race,Unknown or Not Stated,02,2017,M,9,14,observed,0,zero
Alaska,2017,Native Hawaiian or Other Pacific Islander,Hispanic or Latino,02,2017,NHOPI,2135-2,14,observed,0,zero
Alaska,2017,Native Hawaiian or Other Pacific Islander,Not Hispanic or Latino,02,2017,NHOPI,2186-5,308,observed,Suppressed,suppressed
Alaska,2017,Native Hawaiian or Other Pacific Islander,Unknown or Not Stated,02,2017,NHOPI,9,Suppressed,suppressed,0,zero
Alaska,2017,White,Hispanic or Latino,02,2017,2106-3,2135-2,592,observed,Suppressed,suppressed
Alaska,2017,White,Not Hispanic or Latino,02,2017,2106-3,2186-5,5259,observed,Suppressed,suppressed
Alaska,2017,White,Unknown or Not Stated,02,2017,2106-3,9,79,observed,0,zero
Alaska,2018,American Indian or Alaska Native,Hispanic or Latino,02,2018,1002-5,2135-2,54,observed,0,zero
Alaska,2018,American Indian or Alaska Native,Not Hispanic or Latino,02,2018,1002-5,2186-5,1873,observed,Suppressed,suppressed
Alaska,2018,American Indian or Alaska Native,Unknown or Not Stated,02,2018,1002-5,9,29,observed,0,zero
Alaska,2018,Asian,Hispanic or Latino,02,2018,A,2135-2,13,observed,0,zero
Alaska,2018,Asian,Not Hispanic or Latino,02,2018,A,2186-5,641,observed,Suppressed,suppressed
Alaska,2018,Asian,Unknown or Not Stated,02,2018,A,9,Suppressed,suppressed,0,zero
Alaska,2018,Black or African American,Hispanic or Latino,02,2018,2054-5,2135-2,48,observed,Suppressed,suppressed
Alaska,2018,Black or African American,Not Hispanic or Latino,02,2018,2054-5,2186-5,280,observed,0,zero
Alaska,2018,Black or African American,Unknown or Not Stated,02,2018,2054-5,9,Suppressed,suppressed,0,zero
Alaska,2018,More than one race,Hispanic or Latino,02,2018,M,2135-2,78,observed,0,zero
Alaska,2018,More than one race,Not Hispanic or Latino,02,2018,M,2186-5,1013,observed,Suppressed,suppressed
Alaska,2018,More than one race,Unknown or Not Stated,02,2018,M,9,15,observed,0,zero
Alaska,2018,Native Hawaiian or Other Pacific Islander,Hispanic or Latino,02,2018,NHOPI,2135-2,10,observed,0,zero
Alaska,2018,Native Hawaiian or Other Pacific Islander,Not Hispanic or Latino,02,2018,NHOPI,2186-5,299,observed,Suppressed,suppressed
Alaska,2018,Native Hawaiian or Other Pacific Islander,Unknown or Not Stated,02,2018,NHOPI,9,Suppressed,suppressed,0,zero
Alaska,2018,White,Hispanic or Latino,02,2018,2106-3,2135-2,604,observed,Suppressed,suppressed
Alaska,2018,White,Not Hispanic or Latino,02,2018,2106-3,2186-5,5057,observed,Suppressed,suppressed
Alaska,2018,White,Unknown or Not Stated,02,2018,2106-3,9,62,observed,0,zero
Alaska,2019,American Indian or Alaska Native,Hispanic or Latino,02,2019,1002-5,2135-2,46,observed,0,zero
Alaska,2019,American Indian or Alaska Native,Not Hispanic or Latino,02,2019,1002-5,2186-5,1885,observed,Suppressed,suppressed
Alaska,2019,American Indian or Alaska Native,Unknown or Not Stated,02,2019,1002-5,9,18,observed,0,zero
Alaska,2019,Asian,Hispanic or Latino,02,2019,A,2135-2,16,observed,0,zero
Alaska,2019,Asian,Not Hispanic or Latino,02,2019,A,2186-5,581,observed,Suppressed,suppressed
Alaska,2019,Asian,Unknown or Not Stated,02,2019,A,9,16,observed,0,zero
Alaska,2019,Black or African American,Hispanic or Latino,02,2019,2054-5,2135-2,48,observed,0,zero
Alaska,2019,Black or African American,Not Hispanic or Latino,02,2019,2054-5,2186-5,290,observed,Suppressed,suppressed
Alaska,2019,Black or African American,Unknown or Not Stated,02,2019,2054-5,9,Suppressed,suppressed,0,zero
Alaska,2019,More than one race,Hispanic or Latino,02,2019,M,2135-2,85,observed,0,zero
Alaska,2019,More than one race,Not Hispanic or Latino,02,2019,M,2186-5,948,observed,Suppressed,suppressed
Alaska,2019,More than one race,Unknown or Not Stated,02,2019,M,9,15,observed,0,zero
Alaska,2019,Native Hawaiian or Other Pacific Islander,Hispanic or Latino,02,2019,NHOPI,2135-2,10,observed,0,zero
Alaska,2019,Native Hawaiian or Other Pacific Islander,Not Hispanic or Latino,02,2019,NHOPI,2186-5,302,observed,0,zero
Alaska,2019,Native Hawaiian or Other Pacific Islander,Unknown or Not Stated,02,2019,NHOPI,9,Suppressed,suppressed,0,zero
Alaska,2019,White,Hispanic or Latino,02,2019,2106-3,2135-2,582,observed,Suppressed,suppressed
Alaska,2019,White,Not Hispanic or Latino,02,2019,2106-3,2186-5,4859,observed,Suppressed,suppressed
Alaska,2019,White,Unknown or Not Stated,02,2019,2106-3,9,109,observed,0,zero
Alaska,2020,American Indian or Alaska Native,Hispanic or Latino,02,2020,1002-5,2135-2,48,observed,0,zero
Alaska,2020,American Indian or Alaska Native,Not Hispanic or Latino,02,2020,1002-5,2186-5,1797,observed,Suppressed,suppressed
Alaska,2020,American Indian or Alaska Native,Unknown or Not Stated,02,2020,1002-5,9,Suppressed,suppressed,0,zero
Alaska,2020,Asian,Hispanic or Latino,02,2020,A,2135-2,13,observed,0,zero
Alaska,2020,Asian,Not Hispanic or Latino,02,2020,A,2186-5,524,observed,0,zero
Alaska,2020,Asian,Unknown or Not Stated,02,2020,A,9,Suppressed,suppressed,Suppressed,suppressed
Alaska,2020,Black or African American,Hispanic or Latino,02,2020,2054-5,2135-2,35,observed,0,zero
Alaska,2020,Black or African American,Not Hispanic or Latino,02,2020,2054-5,2186-5,281,observed,Suppressed,suppressed
Alaska,2020,Black or African American,Unknown or Not Stated,02,2020,2054-5,9,Suppressed,suppressed,0,zero
Alaska,2020,More than one race,Hispanic or Latino,02,2020,M,2135-2,80,observed,0,zero
Alaska,2020,More than one race,Not Hispanic or Latino,02,2020,M,2186-5,952,observed,Suppressed,suppressed
Alaska,2020,More than one race,Unknown or Not Stated,02,2020,M,9,Suppressed,suppressed,0,zero
Alaska,2020,Native Hawaiian or Other Pacific Islander,Hispanic or Latino,02,2020,NHOPI,2135-2,Suppressed,suppressed,0,zero
Alaska,2020,Native Hawaiian or Other Pacific Islander,Not Hispanic or Latino,02,2020,NHOPI,2186-5,325,observed,0,zero
Alaska,2020,White,Hispanic or Latino,02,2020,2106-3,2135-2,549,observed,0,zero
Alaska,2020,White,Not Hispanic or Latino,02,2020,2106-3,2186-5,4770,observed,Suppressed,suppressed
Alaska,2020,White,Unknown or Not Stated,02,2020,2106-3,9,59,observed,0,zero
Alaska,2021,American Indian or Alaska Native,Hispanic or Latino,02,2021,1002-5,2135-2,57,observed,0,zero
Alaska,2021,American Indian or Alaska Native,Not Hispanic or Latino,02,2021,1002-5,2186-5,1730,observed,0,zero
Alaska,2021,American Indian or Alaska Native,Unknown or Not Stated,02,2021,1002-5,9,39,observed,0,zero
Alaska,2021,Asian,Hispanic or Latino,02,2021,A,2135-2,22,observed,0,zero
Alaska,2021,Asian,Not Hispanic or Latino,02,2021,A,2186-5,505,observed,Suppressed,suppressed
Alaska,2021,Asian,Unknown or Not Stated,02,2021,A,9,17,observed,0,zero
Alaska,2021,Black or African American,Hispanic or Latino,02,2021,2054-5,2135-2,42,observed,0,zero
Alaska,2021,Black or African American,Not Hispanic or Latino,02,2021,2054-5,2186-5,243,observed,0,zero
Alaska,2021,Black or African American,Unknown or Not Stated,02,2021,2054-5,9,12,observed,0,zero
Alaska,2021,More than one race,Hispanic or Latino,02,2021,M,2135-2,85,observed,0,zero
Alaska,2021,More than one race,Not Hispanic or Latino,02,2021,M,2186-5,888,observed,0,zero
Alaska,2021,More than one race,Unknown or Not Stated,02,2021,M,9,19,observed,0,zero
Alaska,2021,Native Hawaiian or Other Pacific Islander,Hispanic or Latino,02,2021,NHOPI,2135-2,Suppressed,suppressed,0,zero
Alaska,2021,Native Hawaiian or Other Pacific Islander,Not Hispanic or Latino,02,2021,NHOPI,2186-5,295,observed,Suppressed,suppressed
Alaska,2021,Native Hawaiian or Other Pacific Islander,Unknown or Not Stated,02,2021,NHOPI,9,Suppressed,suppressed,0,zero
Alaska,2021,White,Hispanic or Latino,02,2021,2106-3,2135-2,584,observed,Suppressed,suppressed
Alaska,2021,White,Not Hispanic or Latino,02,2021,2106-3,2186-5,4695,observed,Suppressed,suppressed
Alaska,2021,White,Unknown or Not Stated,02,2021,2106-3,9,119,observed,Suppressed,suppressed
Alaska,2022,American Indian or Alaska Native,Hispanic or Latino,02,2022,1002-5,2135-2,60,observed,0,zero
Alaska,2022,American Indian or Alaska Native,Not Hispanic or Latino,02,2022,1002-5,2186-5,1727,observed,0,zero
Alaska,2022,American Indian or Alaska Native,Unknown or Not Stated,02,2022,1002-5,9,31,observed,0,zero
Alaska,2022,Asian,Hispanic or Latino,02,2022,A,2135-2,21,observed,0,zero
Alaska,2022,Asian,Not Hispanic or Latino,02,2022,A,2186-5,563,observed,Suppressed,suppressed
Alaska,2022,Asian,Unknown or Not Stated,02,2022,A,9,10,observed,0,zero
Alaska,2022,Black or African American,Hispanic or Latino,02,2022,2054-5,2135-2,70,observed,0,zero
Alaska,2022,Black or African American,Not Hispanic or Latino,02,2022,2054-5,2186-5,249,observed,0,zero
Alaska,2022,Black or African American,Unknown or Not Stated,02,2022,2054-5,9,Suppressed,suppressed,0,zero
Alaska,2022,More than one race,Hispanic or Latino,02,2022,M,2135-2,73,observed,0,zero
Alaska,2022,More than one race,Not Hispanic or Latino,02,2022,M,2186-5,942,observed,Suppressed,suppressed
Alaska,2022,More than one race,Unknown or Not Stated,02,2022,M,9,12,observed,0,zero
Alaska,2022,Native Hawaiian or Other Pacific Islander,Hispanic or Latino,02,2022,NHOPI,2135-2,10,observed,0,zero
Alaska,2022,Native Hawaiian or Other Pacific Islander,Not Hispanic or Latino,02,2022,NHOPI,2186-5,311,observed,0,zero
Alaska,2022,Native Hawaiian or Other Pacific Islander,Unknown or Not Stated,02,2022,NHOPI,9,Suppressed,suppressed,0,zero
Alaska,2022,White,Hispanic or Latino,02,2022,2106-3,2135-2,560,observed,Suppressed,suppressed
Alaska,2022,White,Not Hispanic or Latino,02,2022,2106-3,2186-5,4639,observed,Suppressed,suppressed
Alaska,2022,White,Unknown or Not Stated,02,2022,2106-3,9,72,observed,0,zero
Alaska,2023,American Indian or Alaska Native,Hispanic or Latino,02,2023,1002-5,2135-2,51,observed,0,zero
Alaska,2023,American Indian or Alaska Native,Not Hispanic or Latino,02,2023,1002-5,2186-5,1706,observed,Suppressed,suppressed
Alaska,2023,American Indian or Alaska Native,Unknown or Not Stated,02,2023,1002-5,9,46,observed,0,zero
Alaska,2023,Asian,Hispanic or Latino,02,2023,A,2135-2,24,observed,0,zero
Alaska,2023,Asian,Not Hispanic or Latino,02,2023,A,2186-5,487,observed,0,zero
Alaska,2023,Asian,Unknown or Not Stated,02,2023,A,9,19,observed,Suppressed,suppressed
Alaska,2023,Black or African American,Hispanic or Latino,02,2023,2054-5,2135-2,67,observed,Suppressed,suppressed
Alaska,2023,Black or African American,Not Hispanic or Latino,02,2023,2054-5,2186-5,212,observed,Suppressed,suppressed
Alaska,2023,Black or African American,Unknown or Not Stated,02,2023,2054-5,9,Suppressed,suppressed,0,zero
Alaska,2023,More than one race,Hispanic or Latino,02,2023,M,2135-2,83,observed,Suppressed,suppressed
Alaska,2023,More than one race,Not Hispanic or Latino,02,2023,M,2186-5,892,observed,0,zero
Alaska,2023,More than one race,Unknown or Not Stated,02,2023,M,9,18,observed,0,zero
Alaska,2023,Native Hawaiian or Other Pacific Islander,Hispanic or Latino,02,2023,NHOPI,2135-2,Suppressed,suppressed,0,zero
Alaska,2023,Native Hawaiian or Other Pacific Islander,Not Hispanic or Latino,02,2023,NHOPI,2186-5,310,observed,0,zero
Alaska,2023,Native Hawaiian or Other Pacific Islander,Unknown or Not Stated,02,2023,NHOPI,9,12,observed,0,zero
Alaska,2023,White,Hispanic or Latino,02,2023,2106-3,2135-2,561,observed,0,zero
Alaska,2023,White,Not Hispanic or Latino,02,2023,2106-3,2186-5,4353,observed,Suppressed,suppressed
Alaska,2023,White,Unknown or Not Stated,02,2023,2106-3,9,159,observed,Suppressed,suppressed
Alaska,2024,American Indian or Alaska Native,Hispanic or Latino,02,2024,1002-5,2135-2,45,observed,0,zero
Alaska,2024,American Indian or Alaska Native,Not Hispanic or Latino,02,2024,1002-5,2186-5,1531,observed,0,zero
Alaska,2024,American Indian or Alaska Native,Unknown or Not Stated,02,2024,1002-5,9,67,observed,0,zero
Alaska,2024,Asian,Hispanic or Latino,02,2024,A,2135-2,18,observed,0,zero
Alaska,2024,Asian,Not Hispanic or Latino,02,2024,A,2186-5,468,observed,0,zero
Alaska,2024,Asian,Unknown or Not Stated,02,2024,A,9,22,observed,0,zero
Alaska,2024,Black or African American,Hispanic or Latino,02,2024,2054-5,2135-2,52,observed,0,zero
Alaska,2024,Black or African American,Not Hispanic or Latino,02,2024,2054-5,2186-5,208,observed,0,zero
Alaska,2024,Black or African American,Unknown or Not Stated,02,2024,2054-5,9,12,observed,0,zero
Alaska,2024,More than one race,Hispanic or Latino,02,2024,M,2135-2,81,observed,0,zero
Alaska,2024,More than one race,Not Hispanic or Latino,02,2024,M,2186-5,880,observed,Suppressed,suppressed
Alaska,2024,More than one race,Unknown or Not Stated,02,2024,M,9,28,observed,0,zero
Alaska,2024,Native Hawaiian or Other Pacific Islander,Hispanic or Latino,02,2024,NHOPI,2135-2,Suppressed,suppressed,0,zero
Alaska,2024,Native Hawaiian or Other Pacific Islander,Not Hispanic or Latino,02,2024,NHOPI,2186-5,311,observed,0,zero
Alaska,2024,Native Hawaiian or Other Pacific Islander,Unknown or Not Stated,02,2024,NHOPI,9,Suppressed,suppressed,0,zero
Alaska,2024,White,Hispanic or Latino,02,2024,2106-3,2135-2,587,observed,Suppressed,suppressed
Alaska,2024,White,Not Hispanic or Latino,02,2024,2106-3,2186-5,4477,observed,Suppressed,suppressed
Alaska,2024,White,Unknown or Not Stated,02,2024,2106-3,9,141,observed,0,zero
Arizona,2016,American Indian or Alaska Native,Hispanic or Latino,04,2016,1002-5,2135-2,533,observed,0,zero
Arizona,2016,American Indian or Alaska Native,Not Hispanic or Latino,04,2016,1002-5,2186-5,4516,observed,Suppressed,suppressed
Arizona,2016,American Indian or Alaska Native,Unknown or Not Stated,04,2016,1002-5,9,26,observed,0,zero
Arizona,2016,Asian,Hispanic or Latino,04,2016,A,2135-2,140,observed,0,zero
Arizona,2016,Asian,Not Hispanic or Latino,04,2016,A,2186-5,2954,observed,Suppressed,suppressed
Arizona,2016,Asian,Unknown or Not Stated,04,2016,A,9,69,observed,0,zero
Arizona,2016,Black or African American,Hispanic or Latino,04,2016,2054-5,2135-2,441,observed,0,zero
Arizona,2016,Black or African American,Not Hispanic or Latino,04,2016,2054-5,2186-5,4075,observed,Suppressed,suppressed
Arizona,2016,Black or African American,Unknown or Not Stated,04,2016,2054-5,9,52,observed,0,zero
Arizona,2016,More than one race,Hispanic or Latino,04,2016,M,2135-2,473,observed,Suppressed,suppressed
Arizona,2016,More than one race,Not Hispanic or Latino,04,2016,M,2186-5,1733,observed,Suppressed,suppressed
Arizona,2016,More than one race,Unknown or Not Stated,04,2016,M,9,23,observed,0,zero
Arizona,2016,Native Hawaiian or Other Pacific Islander,Hispanic or Latino,04,2016,NHOPI,2135-2,26,observed,0,zero
Arizona,2016,Native Hawaiian or Other Pacific Islander,Not Hispanic or Latino,04,2016,NHOPI,2186-5,215,observed,0,zero
Arizona,2016,Native Hawaiian or Other Pacific Islander,Unknown or Not Stated,04,2016,NHOPI,9,Suppressed,suppressed,0,zero
Arizona,2016,White,Hispanic or Latino,04,2016,2106-3,2135-2,33337,observed,26,observed
Arizona,2016,White,Not Hispanic or Latino,04,2016,2106-3,2186-5,35244,observed,17,observed
Arizona,2016,White,Unknown or Not Stated,04,2016,2106-3,9,660,observed,0,zero
Arizona,2017,American Indian or Alaska Native,Hispanic or Latino,04,2017,1002-5,2135-2,585,observed,0,zero
Arizona,2017,American Indian or Alaska Native,Not Hispanic or Latino,04,2017,1002-5,2186-5,4256,observed,Suppressed,suppressed
Arizona,2017,American Indian or Alaska Native,Unknown or Not Stated,04,2017,1002-5,9,27,observed,0,zero
Arizona,2017,Asian,Hispanic or Latino,04,2017,A,2135-2,121,observed,0,zero
Arizona,2017,Asian,Not Hispanic or Latino,04,2017,A,2186-5,2987,observed,0,zero
Arizona,2017,Asian,Unknown or Not Stated,04,2017,A,9,16,observed,0,zero
Arizona,2017,Black or African American,Hispanic or Latino,04,2017,2054-5,2135-2,473,observed,Suppressed,suppressed
Arizona,2017,Black or African American,Not Hispanic or Latino,04,2017,2054-5,2186-5,4241,observed,Suppressed,suppressed
Arizona,2017,Black or African American,Unknown or Not Stated,04,2017,2054-5,9,33,observed,0,zero
Arizona,2017,More than one race,Hispanic or Latino,04,2017,M,2135-2,468,observed,Suppressed,suppressed
Arizona,2017,More than one race,Not Hispanic or Latino,04,2017,M,2186-5,1622,observed,0,zero
Arizona,2017,More than one race,Unknown or Not Stated,04,2017,M,9,Suppressed,suppressed,0,zero
Arizona,2017,Native Hawaiian or Other Pacific Islander,Hispanic or Latino,04,2017,NHOPI,2135-2,26,observed,0,zero
Arizona,2017,Native Hawaiian or Other Pacific Islander,Not Hispanic or Latino,04,2017,NHOPI,2186-5,217,observed,0,zero
Arizona,2017,Native Hawaiian or Other Pacific Islander,Unknown or Not Stated,04,2017,NHOPI,9,Suppressed,suppressed,0,zero
Arizona,2017,White,Hispanic or Latino,04,2017,2106-3,2135-2,32704,observed,20,observed
Arizona,2017,White,Not Hispanic or Latino,04,2017,2106-3,2186-5,33694,observed,19,observed
Arizona,2017,White,Unknown or Not Stated,04,2017,2106-3,9,392,observed,0,zero
Arizona,2018,American Indian or Alaska Native,Hispanic or Latino,04,2018,1002-5,2135-2,487,observed,0,zero
Arizona,2018,American Indian or Alaska Native,Not Hispanic or Latino,04,2018,1002-5,2186-5,4155,observed,Suppressed,suppressed
Arizona,2018,American Indian or Alaska Native,Unknown or Not Stated,04,2018,1002-5,9,25,observed,0,zero
Arizona,2018,Asian,Hispanic or Latino,04,2018,A,2135-2,85,observed,0,zero
Arizona,2018,Asian,Not Hispanic or Latino,04,2018,A,2186-5,2908,observed,0,zero
Arizona,2018,Asian,Unknown or Not Stated,04,2018,A,9,23,observed,0,zero
Arizona,2018,Black or African American,Hispanic or Latino,04,2018,2054-5,2135-2,449,observed,0,zero
Arizona,2018,Black or African American,Not Hispanic or Latino,04,2018,2054-5,2186-5,4305,observed,0,zero
Arizona,2018,Black or African American,Unknown or Not Stated,04,2018,2054-5,9,39,observed,0,zero
Arizona,2018,More than one race,Hispanic or Latino,04,2018,M,2135-2,584,observed,Suppressed,suppressed
Arizona,2018,More than one race,Not Hispanic or Latino,04,2018,M,2186-5,1755,observed,0,zero
Arizona,2018,More than one race,Unknown or Not Stated,04,2018,M,9,14,observed,0,zero
Arizona,2018,Native Hawaiian or Other Pacific Islander,Hispanic or Latino,04,2018,NHOPI,2135-2,37,observed,0,zero
Arizona,2018,Native Hawaiian or Other Pacific Islander,Not Hispanic or Latino,04,2018,NHOPI,2186-5,248,observed,0,zero
Arizona,2018,Native Hawaiian or Other Pacific Islander,Unknown or Not Stated,04,2018,NHOPI,9,Suppressed,suppressed,0,zero
Arizona,2018,White,Hispanic or Latino,04,2018,2106-3,2135-2,32442,observed,14,observed
Arizona,2018,White,Not Hispanic or Latino,04,2018,2106-3,2186-5,32805,observed,17,observed
Arizona,2018,White,Unknown or Not Stated,04,2018,2106-3,9,359,observed,0,zero
Arizona,2019,American Indian or Alaska Native,Hispanic or Latino,04,2019,1002-5,2135-2,519,observed,Suppressed,suppressed
Arizona,2019,American Indian or Alaska Native,Not Hispanic or Latino,04,2019,1002-5,2186-5,3911,observed,Suppressed,suppressed
Arizona,2019,American Indian or Alaska Native,Unknown or Not Stated,04,2019,1002-5,9,44,observed,0,zero
Arizona,2019,Asian,Hispanic or Latino,04,2019,A,2135-2,106,observed,0,zero
Arizona,2019,Asian,Not Hispanic or Latino,04,2019,A,2186-5,2827,observed,Suppressed,suppressed
Arizona,2019,Asian,Unknown or Not Stated,04,2019,A,9,28,observed,0,zero
Arizona,2019,Black or African American,Hispanic or Latino,04,2019,2054-5,2135-2,460,observed,0,zero
Arizona,2019,Black or African American,Not Hispanic or Latino,04,2019,2054-5,2186-5,4542,observed,Suppressed,suppressed
Arizona,2019,Black or African American,Unknown or Not Stated,04,2019,2054-5,9,41,observed,0,zero
Arizona,2019,More than one race,Hispanic or Latino,04,2019,M,2135-2,570,observed,0,zero
Arizona,2019,More than one race,Not Hispanic or Latino,04,2019,M,2186-5,1849,observed,Suppressed,suppressed
Arizona,2019,More than one race,Unknown or Not Stated,04,2019,M,9,12,observed,0,zero
Arizona,2019,Native Hawaiian or Other Pacific Islander,Hispanic or Latino,04,2019,NHOPI,2135-2,47,observed,0,zero
Arizona,2019,Native Hawaiian or Other Pacific Islander,Not Hispanic or Latino,04,2019,NHOPI,2186-5,222,observed,Suppressed,suppressed
Arizona,2019,Native Hawaiian or Other Pacific Islander,Unknown or Not Stated,04,2019,NHOPI,9,Suppressed,suppressed,0,zero
Arizona,2019,White,Hispanic or Latino,04,2019,2106-3,2135-2,31937,observed,22,observed
Arizona,2019,White,Not Hispanic or Latino,04,2019,2106-3,2186-5,31940,observed,24,observed
Arizona,2019,White,Unknown or Not Stated,04,2019,2106-3,9,315,observed,0,zero
Arizona,2020,American Indian or Alaska Native,Hispanic or Latino,04,2020,1002-5,2135-2,507,observed,Suppressed,suppressed
Arizona,2020,American Indian or Alaska Native,Not Hispanic or Latino,04,2020,1002-5,2186-5,3551,observed,Suppressed,suppressed
Arizona,2020,American Indian or Alaska Native,Unknown or Not Stated,04,2020,1002-5,9,33,observed,0,zero
Arizona,2020,Asian,Hispanic or Latino,04,2020,A,2135-2,132,observed,0,zero
Arizona,2020,Asian,Not Hispanic or Latino,04,2020,A,2186-5,2624,observed,0,zero
Arizona,2020,Asian,Unknown or Not Stated,04,2020,A,9,26,observed,0,zero
Arizona,2020,Black or African American,Hispanic or Latino,04,2020,2054-5,2135-2,485,observed,0,zero
Arizona,2020,Black or African American,Not Hispanic or Latino,04,2020,2054-5,2186-5,4389,observed,Suppressed,suppressed
Arizona,2020,Black or African American,Unknown or Not Stated,04,2020,2054-5,9,43,observed,0,zero
Arizona,2020,More than one race,Hispanic or Latino,04,2020,M,2135-2,607,observed,0,zero
Arizona,2020,More than one race,Not Hispanic or Latino,04,2020,M,2186-5,1882,observed,0,zero
Arizona,2020,More than one race,Unknown or Not Stated,04,2020,M,9,11,observed,0,zero
Arizona,2020,Native Hawaiian or Other Pacific Islander,Hispanic or Latino,04,2020,NHOPI,2135-2,37,observed,0,zero
Arizona,2020,Native Hawaiian or Other Pacific Islander,Not Hispanic or Latino,04,2020,NHOPI,2186-5,203,observed,0,zero
Arizona,2020,Native Hawaiian or Other Pacific Islander,Unknown or Not Stated,04,2020,NHOPI,9,Suppressed,suppressed,0,zero
Arizona,2020,White,Hispanic or Latino,04,2020,2106-3,2135-2,31231,observed,19,observed
Arizona,2020,White,Not Hispanic or Latino,04,2020,2106-3,2186-5,30854,observed,21,observed
Arizona,2020,White,Unknown or Not Stated,04,2020,2106-3,9,329,observed,0,zero
Arizona,2021,American Indian or Alaska Native,Hispanic or Latino,04,2021,1002-5,2135-2,516,observed,0,zero
Arizona,2021,American Indian or Alaska Native,Not Hispanic or Latino,04,2021,1002-5,2186-5,3362,observed,Suppressed,suppressed
Arizona,2021,American Indian or Alaska Native,Unknown or Not Stated,04,2021,1002-5,9,26,observed,0,zero
Arizona,2021,Asian,Hispanic or Latino,04,2021,A,2135-2,185,observed,0,zero
Arizona,2021,Asian,Not Hispanic or Latino,04,2021,A,2186-5,2592,observed,0,zero
Arizona,2021,Asian,Unknown or Not Stated,04,2021,A,9,26,observed,0,zero
Arizona,2021,Black or African American,Hispanic or Latino,04,2021,2054-5,2135-2,525,observed,0,zero
Arizona,2021,Black or African American,Not Hispanic or Latino,04,2021,2054-5,2186-5,4403,observed,Suppressed,suppressed
Arizona,2021,Black or African American,Unknown or Not Stated,04,2021,2054-5,9,37,observed,0,zero
Arizona,2021,More than one race,Hispanic or Latino,04,2021,M,2135-2,560,observed,Suppressed,suppressed
Arizona,2021,More than one race,Not Hispanic or Latino,04,2021,M,2186-5,1952,observed,Suppressed,suppressed
Arizona,2021,More than one race,Unknown or Not Stated,04,2021,M,9,Suppressed,suppressed,0,zero
Arizona,2021,Native Hawaiian or Other Pacific Islander,Hispanic or Latino,04,2021,NHOPI,2135-2,36,observed,0,zero
Arizona,2021,Native Hawaiian or Other Pacific Islander,Not Hispanic or Latino,04,2021,NHOPI,2186-5,231,observed,Suppressed,suppressed
Arizona,2021,Native Hawaiian or Other Pacific Islander,Unknown or Not Stated,04,2021,NHOPI,9,Suppressed,suppressed,0,zero
Arizona,2021,White,Hispanic or Latino,04,2021,2106-3,2135-2,31653,observed,28,observed
Arizona,2021,White,Not Hispanic or Latino,04,2021,2106-3,2186-5,31488,observed,23,observed
Arizona,2021,White,Unknown or Not Stated,04,2021,2106-3,9,316,observed,Suppressed,suppressed
Arizona,2022,American Indian or Alaska Native,Hispanic or Latino,04,2022,1002-5,2135-2,523,observed,Suppressed,suppressed
Arizona,2022,American Indian or Alaska Native,Not Hispanic or Latino,04,2022,1002-5,2186-5,3436,observed,Suppressed,suppressed
Arizona,2022,American Indian or Alaska Native,Unknown or Not Stated,04,2022,1002-5,9,39,observed,0,zero
Arizona,2022,Asian,Hispanic or Latino,04,2022,A,2135-2,135,observed,0,zero
Arizona,2022,Asian,Not Hispanic or Latino,04,2022,A,2186-5,2748,observed,Suppressed,suppressed
Arizona,2022,Asian,Unknown or Not Stated,04,2022,A,9,32,observed,0,zero
Arizona,2022,Black or African American,Hispanic or Latino,04,2022,2054-5,2135-2,569,observed,0,zero
Arizona,2022,Black or African American,Not Hispanic or Latino,04,2022,2054-5,2186-5,4425,observed,Suppressed,suppressed
Arizona,2022,Black or African American,Unknown or Not Stated,04,2022,2054-5,9,33,observed,0,zero
Arizona,2022,More than one race,Hispanic or Latino,04,2022,M,2135-2,580,observed,0,zero
Arizona,2022,More than one race,Not Hispanic or Latino,04,2022,M,2186-5,1950,observed,0,zero
Arizona,2022,More than one race,Unknown or Not Stated,04,2022,M,9,10,observed,0,zero
Arizona,2022,Native Hawaiian or Other Pacific Islander,Hispanic or Latino,04,2022,NHOPI,2135-2,32,observed,0,zero
Arizona,2022,Native Hawaiian or Other Pacific Islander,Not Hispanic or Latino,04,2022,NHOPI,2186-5,205,observed,0,zero
Arizona,2022,Native Hawaiian or Other Pacific Islander,Unknown or Not Stated,04,2022,NHOPI,9,Suppressed,suppressed,0,zero
Arizona,2022,White,Hispanic or Latino,04,2022,2106-3,2135-2,33000,observed,25,observed
Arizona,2022,White,Not Hispanic or Latino,04,2022,2106-3,2186-5,30499,observed,23,observed
Arizona,2022,White,Unknown or Not Stated,04,2022,2106-3,9,325,observed,0,zero
Arizona,2023,American Indian or Alaska Native,Hispanic or Latino,04,2023,1002-5,2135-2,545,observed,0,zero
Arizona,2023,American Indian or Alaska Native,Not Hispanic or Latino,04,2023,1002-5,2186-5,3346,observed,Suppressed,suppressed
Arizona,2023,American Indian or Alaska Native,Unknown or Not Stated,04,2023,1002-5,9,46,observed,0,zero
Arizona,2023,Asian,Hispanic or Latino,04,2023,A,2135-2,160,observed,0,zero
Arizona,2023,Asian,Not Hispanic or Latino,04,2023,A,2186-5,2855,observed,Suppressed,suppressed
Arizona,2023,Asian,Unknown or Not Stated,04,2023,A,9,31,observed,0,zero
Arizona,2023,Black or African American,Hispanic or Latino,04,2023,2054-5,2135-2,609,observed,0,zero
Arizona,2023,Black or African American,Not Hispanic or Latino,04,2023,2054-5,2186-5,4334,observed,Suppressed,suppressed
Arizona,2023,Black or African American,Unknown or Not Stated,04,2023,2054-5,9,49,observed,0,zero
Arizona,2023,More than one race,Hispanic or Latino,04,2023,M,2135-2,582,observed,0,zero
Arizona,2023,More than one race,Not Hispanic or Latino,04,2023,M,2186-5,1917,observed,0,zero
Arizona,2023,More than one race,Unknown or Not Stated,04,2023,M,9,23,observed,0,zero
Arizona,2023,Native Hawaiian or Other Pacific Islander,Hispanic or Latino,04,2023,NHOPI,2135-2,38,observed,0,zero
Arizona,2023,Native Hawaiian or Other Pacific Islander,Not Hispanic or Latino,04,2023,NHOPI,2186-5,234,observed,0,zero
Arizona,2023,Native Hawaiian or Other Pacific Islander,Unknown or Not Stated,04,2023,NHOPI,9,Suppressed,suppressed,0,zero
Arizona,2023,White,Hispanic or Latino,04,2023,2106-3,2135-2,33249,observed,21,observed
Arizona,2023,White,Not Hispanic or Latino,04,2023,2106-3,2186-5,29694,observed,22,observed
Arizona,2023,White,Unknown or Not Stated,04,2023,2106-3,9,382,observed,0,zero
Arizona,2024,American Indian or Alaska Native,Hispanic or Latino,04,2024,1002-5,2135-2,605,observed,Suppressed,suppressed
Arizona,2024,American Indian or Alaska Native,Not Hispanic or Latino,04,2024,1002-5,2186-5,3199,observed,Suppressed,suppressed
Arizona,2024,American Indian or Alaska Native,Unknown or Not Stated,04,2024,1002-5,9,37,observed,0,zero
Arizona,2024,Asian,Hispanic or Latino,04,2024,A,2135-2,163,observed,0,zero
Arizona,2024,Asian,Not Hispanic or Latino,04,2024,A,2186-5,2805,observed,0,zero
Arizona,2024,Asian,Unknown or Not Stated,04,2024,A,9,54,observed,0,zero
Arizona,2024,Black or African American,Hispanic or Latino,04,2024,2054-5,2135-2,587,observed,0,zero
Arizona,2024,Black or African American,Not Hispanic or Latino,04,2024,2054-5,2186-5,4427,observed,Suppressed,suppressed
Arizona,2024,Black or African American,Unknown or Not Stated,04,2024,2054-5,9,51,observed,0,zero
Arizona,2024,More than one race,Hispanic or Latino,04,2024,M,2135-2,581,observed,0,zero
Arizona,2024,More than one race,Not Hispanic or Latino,04,2024,M,2186-5,1994,observed,0,zero
Arizona,2024,More than one race,Unknown or Not Stated,04,2024,M,9,19,observed,0,zero
Arizona,2024,Native Hawaiian or Other Pacific Islander,Hispanic or Latino,04,2024,NHOPI,2135-2,42,observed,0,zero
Arizona,2024,Native Hawaiian or Other Pacific Islander,Not Hispanic or Latino,04,2024,NHOPI,2186-5,230,observed,0,zero
Arizona,2024,Native Hawaiian or Other Pacific Islander,Unknown or Not Stated,04,2024,NHOPI,9,Suppressed,suppressed,0,zero
Arizona,2024,White,Hispanic or Latino,04,2024,2106-3,2135-2,34130,observed,28,observed
Arizona,2024,White,Not Hispanic or Latino,04,2024,2106-3,2186-5,29340,observed,18,observed
Arizona,2024,White,Unknown or Not Stated,04,2024,2106-3,9,443,observed,0,zero
Arkansas,2016,American Indian or Alaska Native,Hispanic or Latino,05,2016,1002-5,2135-2,35,observed,0,zero
Arkansas,2016,American Indian or Alaska Native,Not Hispanic or Latino,05,2016,1002-5,2186-5,233,observed,Suppressed,suppressed
Arkansas,2016,American Indian or Alaska Native,Unknown or Not Stated,05,2016,1002-5,9,Suppressed,suppressed,0,zero
Arkansas,2016,Asian,Hispanic or Latino,05,2016,A,2135-2,58,observed,0,zero
Arkansas,2016,Asian,Not Hispanic or Latino,05,2016,A,2186-5,805,observed,0,zero
Arkansas,2016,Asian,Unknown or Not Stated,05,2016,A,9,Suppressed,suppressed,0,zero
Arkansas,2016,Black or African American,Hispanic or Latino,05,2016,2054-5,2135-2,335,observed,0,zero
Arkansas,2016,Black or African American,Not Hispanic or Latino,05,2016,2054-5,2186-5,7098,observed,Suppressed,suppressed
Arkansas,2016,Black or African American,Unknown or Not Stated,05,2016,2054-5,9,29,observed,0,zero
Arkansas,2016,More than one race,Hispanic or Latino,05,2016,M,2135-2,32,observed,0,zero
Arkansas,2016,More than one race,Not Hispanic or Latino,05,2016,M,2186-5,591,observed,0,zero
Arkansas,2016,More than one race,Unknown or Not Stated,05,2016,M,9,Suppressed,suppressed,0,zero
Arkansas,2016,Native Hawaiian or Other Pacific Islander,Hispanic or Latino,05,2016,NHOPI,2135-2,49,observed,0,zero
Arkansas,2016,Native Hawaiian or Other Pacific Islander,Not Hispanic or Latino,05,2016,NHOPI,2186-5,420,observed,0,zero
Arkansas,2016,White,Hispanic or Latino,05,2016,2106-3,2135-2,3555,observed,Suppressed,suppressed
Arkansas,2016,White,Not Hispanic or Latino,05,2016,2106-3,2186-5,24953,observed,15,observed
Arkansas,2016,White,Unknown or Not Stated,05,2016,2106-3,9,75,observed,0,zero
Arkansas,2017,American Indian or Alaska Native,Hispanic or Latino,05,2017,1002-5,2135-2,50,observed,0,zero
Arkansas,2017,American Indian or Alaska Native,Not Hispanic or Latino,05,2017,1002-5,2186-5,239,observed,0,zero
Arkansas,2017,American Indian or Alaska Native,Unknown or Not Stated,05,2017,1002-5,9,Suppressed,suppressed,0,zero
Arkansas,2017,Asian,Hispanic or Latino,05,2017,A,2135-2,79,observed,0,zero
Arkansas,2017,Asian,Not Hispanic or Latino,05,2017,A,2186-5,783,observed,Suppressed,suppressed
Arkansas,2017,Asian,Unknown or Not Stated,05,2017,A,9,Suppressed,suppressed,0,zero
Arkansas,2017,Black or African American,Hispanic or Latino,05,2017,2054-5,2135-2,406,observed,0,zero
Arkansas,2017,Black or African American,Not Hispanic or Latino,05,2017,2054-5,2186-5,7082,observed,Suppressed,suppressed
Arkansas,2017,Black or African American,Unknown or Not Stated,05,2017,2054-5,9,48,observed,0,zero
Arkansas,2017,More than one race,Hispanic or Latino,05,2017,M,2135-2,48,observed,0,zero
Arkansas,2017,More than one race,Not Hispanic or Latino,05,2017,M,2186-5,656,observed,0,zero
Arkansas,2017,More than one race,Unknown or Not Stated,05,2017,M,9,Suppressed,suppressed,0,zero
Arkansas,2017,Native Hawaiian or Other Pacific Islander,Hispanic or Latino,05,2017,NHOPI,2135-2,64,observed,0,zero
Arkansas,2017,Native Hawaiian or Other Pacific Islander,Not Hispanic or Latino,05,2017,NHOPI,2186-5,470,observed,0,zero
Arkansas,2017,Native Hawaiian or Other Pacific Islander,Unknown or Not Stated,05,2017,NHOPI,9,Suppressed,suppressed,0,zero
Arkansas,2017,White,Hispanic or Latino,05,2017,2106-3,2135-2,3401,observed,Suppressed,suppressed
Arkansas,2017,White,Not Hispanic or Latino,05,2017,2106-3,2186-5,24089,observed,Suppressed,suppressed
Arkansas,2017,White,Unknown or Not Stated,05,2017,2106-3,9,91,observed,0,zero
Arkansas,2018,American Indian or Alaska Native,Hispanic or Latino,05,2018,1002-5,2135-2,44,observed,0,zero
Arkansas,2018,American Indian or Alaska Native,Not Hispanic or Latino,05,2018,1002-5,2186-5,220,observed,0,zero
Arkansas,2018,Asian,Hispanic or Latino,05,2018,A,2135-2,42,observed,0,zero
Arkansas,2018,Asian,Not Hispanic or Latino,05,2018,A,2186-5,775,observed,0,zero
Arkansas,2018,Asian,Unknown or Not Stated,05,2018,A,9,Suppressed,suppressed,0,zero
Arkansas,2018,Black or African American,Hispanic or Latino,05,2018,2054-5,2135-2,227,observed,0,zero
Arkansas,2018,Black or African American,Not Hispanic or Latino,05,2018,2054-5,2186-5,6966,observed,0,zero
Arkansas,2018,Black or African American,Unknown or Not Stated,05,2018,2054-5,9,78,observed,0,zero
Arkansas,2018,More than one race,Hispanic or Latino,05,2018,M,2135-2,49,observed,0,zero
Arkansas,2018,More than one race,Not Hispanic or Latino,05,2018,M,2186-5,633,observed,0,zero
Arkansas,2018,More than one race,Unknown or Not Stated,05,2018,M,9,Suppressed,suppressed,0,zero
Arkansas,2018,Native Hawaiian or Other Pacific Islander,Hispanic or Latino,05,2018,NHOPI,2135-2,52,observed,Suppressed,suppressed
Arkansas,2018,Native Hawaiian or Other Pacific Islander,Not Hispanic or Latino,05,2018,NHOPI,2186-5,498,observed,0,zero
Arkansas,2018,Native Hawaiian or Other Pacific Islander,Unknown or Not Stated,05,2018,NHOPI,9,Suppressed,suppressed,0,zero
Arkansas,2018,White,Hispanic or Latino,05,2018,2106-3,2135-2,3685,observed,Suppressed,suppressed
Arkansas,2018,White,Not Hispanic or Latino,05,2018,2106-3,2186-5,23609,observed,Suppressed,suppressed
Arkansas,2018,White,Unknown or Not Stated,05,2018,2106-3,9,125,observed,0,zero
Arkansas,2019,American Indian or Alaska Native,Hispanic or Latino,05,2019,1002-5,2135-2,59,observed,0,zero
Arkansas,2019,American Indian or Alaska Native,Not Hispanic or Latino,05,2019,1002-5,2186-5,191,observed,0,zero
Arkansas,2019,American Indian or Alaska Native,Unknown or Not Stated,05,2019,1002-5,9,Suppressed,suppressed,0,zero
Arkansas,2019,Asian,Hispanic or Latino,05,2019,A,2135-2,33,observed,0,zero
Arkansas,2019,Asian,Not Hispanic or Latino,05,2019,A,2186-5,722,observed,0,zero
Arkansas,2019,Asian,Unknown or Not Stated,05,2019,A,9,Suppressed,suppressed,0,zero
Arkansas,2019,Black or African American,Hispanic or Latino,05,2019,2054-5,2135-2,254,observed,0,zero
Arkansas,2019,Black or African American,Not Hispanic or Latino,05,2019,2054-5,2186-5,6998,observed,Suppressed,suppressed
Arkansas,2019,Black or African American,Unknown or Not Stated,05,2019,2054-5,9,110,observed,0,zero
Arkansas,2019,More than one race,Hispanic or Latino,05,2019,M,2135-2,23,observed,0,zero
Arkansas,2019,More than one race,Not Hispanic or Latino,05,2019,M,2186-5,665,observed,0,zero
Arkansas,2019,More than one race,Unknown or Not Stated,05,2019,M,9,Suppressed,suppressed,0,zero
Arkansas,2019,Native Hawaiian or Other Pacific Islander,Hispanic or Latino,05,2019,NHOPI,2135-2,71,observed,0,zero
Arkansas,2019,Native Hawaiian or Other Pacific Islander,Not Hispanic or Latino,05,2019,NHOPI,2186-5,539,observed,0,zero
Arkansas,2019,Native Hawaiian or Other Pacific Islander,Unknown or Not Stated,05,2019,NHOPI,9,Suppressed,suppressed,0,zero
Arkansas,2019,White,Hispanic or Latino,05,2019,2106-3,2135-2,3648,observed,Suppressed,suppressed
Arkansas,2019,White,Not Hispanic or Latino,05,2019,2106-3,2186-5,23065,observed,12,observed
Arkansas,2019,White,Unknown or Not Stated,05,2019,2106-3,9,165,observed,0,zero
Arkansas,2020,American Indian or Alaska Native,Hispanic or Latino,05,2020,1002-5,2135-2,66,observed,0,zero
Arkansas,2020,American Indian or Alaska Native,Not Hispanic or Latino,05,2020,1002-5,2186-5,183,observed,0,zero
Arkansas,2020,American Indian or Alaska Native,Unknown or Not Stated,05,2020,1002-5,9,Suppressed,suppressed,0,zero
Arkansas,2020,Asian,Hispanic or Latino,05,2020,A,2135-2,25,observed,0,zero
Arkansas,2020,Asian,Not Hispanic or Latino,05,2020,A,2186-5,825,observed,0,zero
Arkansas,2020,Asian,Unknown or Not Stated,05,2020,A,9,Suppressed,suppressed,0,zero
Arkansas,2020,Black or African American,Hispanic or Latino,05,2020,2054-5,2135-2,284,observed,0,zero
Arkansas,2020,Black or African American,Not Hispanic or Latino,05,2020,2054-5,2186-5,6834,observed,Suppressed,suppressed
Arkansas,2020,Black or African American,Unknown or Not Stated,05,2020,2054-5,9,76,observed,0,zero
Arkansas,2020,More than one race,Hispanic or Latino,05,2020,M,2135-2,32,observed,0,zero
Arkansas,2020,More than one race,Not Hispanic or Latino,05,2020,M,2186-5,631,observed,0,zero
Arkansas,2020,More than one race,Unknown or Not Stated,05,2020,M,9,Suppressed,suppressed,0,zero
Arkansas,2020,Native Hawaiian or Other Pacific Islander,Hispanic or Latino,05,2020,NHOPI,2135-2,91,observed,0,zero
Arkansas,2020,Native Hawaiian or Other Pacific Islander,Not Hispanic or Latino,05,2020,NHOPI,2186-5,449,observed,0,zero
Arkansas,2020,Native Hawaiian or Other Pacific Islander,Unknown or Not Stated,05,2020,NHOPI,9,33,observed,0,zero
Arkansas,2020,White,Hispanic or Latino,05,2020,2106-3,2135-2,3441,observed,0,zero
Arkansas,2020,White,Not Hispanic or Latino,05,2020,2106-3,2186-5,22106,observed,Suppressed,suppressed
Arkansas,2020,White,Unknown or Not Stated,05,2020,2106-3,9,157,observed,0,zero
Arkansas,2021,American Indian or Alaska Native,Hispanic or Latino,05,2021,1002-5,2135-2,48,observed,0,zero
Arkansas,2021,American Indian or Alaska Native,Not Hispanic or Latino,05,2021,1002-5,2186-5,217,observed,0,zero
Arkansas,2021,American Indian or Alaska Native,Unknown or Not Stated,05,2021,1002-5,9,Suppressed,suppressed,0,zero
Arkansas,2021,Asian,Hispanic or Latino,05,2021,A,2135-2,38,observed,0,zero
Arkansas,2021,Asian,Not Hispanic or Latino,05,2021,A,2186-5,815,observed,0,zero
Arkansas,2021,Asian,Unknown or Not Stated,05,2021,A,9,Suppressed,suppressed,0,zero
Arkansas,2021,Black or African American,Hispanic or Latino,05,2021,2054-5,2135-2,210,observed,0,zero
Arkansas,2021,Black or African American,Not Hispanic or Latino,05,2021,2054-5,2186-5,6661,observed,Suppressed,suppressed
Arkansas,2021,Black or African American,Unknown or Not Stated,05,2021,2054-5,9,19,observed,0,zero
Arkansas,2021,More than one race,Hispanic or Latino,05,2021,M,2135-2,36,observed,0,zero
Arkansas,2021,More than one race,Not Hispanic or Latino,05,2021,M,2186-5,699,observed,0,zero
Arkansas,2021,Native Hawaiian or Other Pacific Islander,Hispanic or Latino,05,2021,NHOPI,2135-2,66,observed,0,zero
Arkansas,2021,Native Hawaiian or Other Pacific Islander,Not Hispanic or Latino,05,2021,NHOPI,2186-5,522,observed,0,zero
Arkansas,2021,Native Hawaiian or Other Pacific Islander,Unknown or Not Stated,05,2021,NHOPI,9,Suppressed,suppressed,0,zero
Arkansas,2021,White,Hispanic or Latino,05,2021,2106-3,2135-2,3671,observed,Suppressed,suppressed
Arkansas,2021,White,Not Hispanic or Latino,05,2021,2106-3,2186-5,22862,observed,Suppressed,suppressed
Arkansas,2021,White,Unknown or Not Stated,05,2021,2106-3,9,89,observed,0,zero
Arkansas,2022,American Indian or Alaska Native,Hispanic or Latino,05,2022,1002-5,2135-2,87,observed,Suppressed,suppressed
Arkansas,2022,American Indian or Alaska Native,Not Hispanic or Latino,05,2022,1002-5,2186-5,194,observed,0,zero
Arkansas,2022,American Indian or Alaska Native,Unknown or Not Stated,05,2022,1002-5,9,Suppressed,suppressed,0,zero
Arkansas,2022,Asian,Hispanic or Latino,05,2022,A,2135-2,46,observed,0,zero
Arkansas,2022,Asian,Not Hispanic or Latino,05,2022,A,2186-5,777,observed,Suppressed,suppressed
Arkansas,2022,Asian,Unknown or Not Stated,05,2022,A,9,Suppressed,suppressed,0,zero
Arkansas,2022,Black or African American,Hispanic or Latino,05,2022,2054-5,2135-2,189,observed,0,zero
Arkansas,2022,Black or African American,Not Hispanic or Latino,05,2022,2054-5,2186-5,6301,observed,0,zero
Arkansas,2022,Black or African American,Unknown or Not Stated,05,2022,2054-5,9,21,observed,0,zero
Arkansas,2022,More than one race,Hispanic or Latino,05,2022,M,2135-2,42,observed,0,zero
Arkansas,2022,More than one race,Not Hispanic or Latino,05,2022,M,2186-5,718,observed,0,zero
Arkansas,2022,More than one race,Unknown or Not Stated,05,2022,M,9,Suppressed,suppressed,0,zero
Arkansas,2022,Native Hawaiian or Other Pacific Islander,Hispanic or Latino,05,2022,NHOPI,2135-2,72,observed,0,zero
Arkansas,2022,Native Hawaiian or Other Pacific Islander,Not Hispanic or Latino,05,2022,NHOPI,2186-5,545,observed,Suppressed,suppressed
Arkansas,2022,Native Hawaiian or Other Pacific Islander,Unknown or Not Stated,05,2022,NHOPI,9,19,observed,0,zero
Arkansas,2022,White,Hispanic or Latino,05,2022,2106-3,2135-2,3791,observed,Suppressed,suppressed
Arkansas,2022,White,Not Hispanic or Latino,05,2022,2106-3,2186-5,22539,observed,10,observed
Arkansas,2022,White,Unknown or Not Stated,05,2022,2106-3,9,115,observed,0,zero
Arkansas,2023,American Indian or Alaska Native,Hispanic or Latino,05,2023,1002-5,2135-2,52,observed,0,zero
Arkansas,2023,American Indian or Alaska Native,Not Hispanic or Latino,05,2023,1002-5,2186-5,205,observed,0,zero
Arkansas,2023,Asian,Hispanic or Latino,05,2023,A,2135-2,33,observed,0,zero
Arkansas,2023,Asian,Not Hispanic or Latino,05,2023,A,2186-5,813,observed,Suppressed,suppressed
Arkansas,2023,Asian,Unknown or Not Stated,05,2023,A,9,Suppressed,suppressed,0,zero
Arkansas,2023,Black or African American,Hispanic or Latino,05,2023,2054-5,2135-2,209,observed,0,zero
Arkansas,2023,Black or African American,Not Hispanic or Latino,05,2023,2054-5,2186-5,6379,observed,Suppressed,suppressed
Arkansas,2023,Black or African American,Unknown or Not Stated,05,2023,2054-5,9,Suppressed,suppressed,0,zero
Arkansas,2023,More than one race,Hispanic or Latino,05,2023,M,2135-2,54,observed,0,zero
Arkansas,2023,More than one race,Not Hispanic or Latino,05,2023,M,2186-5,814,observed,0,zero
Arkansas,2023,Native Hawaiian or Other Pacific Islander,Hispanic or Latino,05,2023,NHOPI,2135-2,56,observed,0,zero
Arkansas,2023,Native Hawaiian or Other Pacific Islander,Not Hispanic or Latino,05,2023,NHOPI,2186-5,534,observed,0,zero
Arkansas,2023,Native Hawaiian or Other Pacific Islander,Unknown or Not Stated,05,2023,NHOPI,9,Suppressed,suppressed,0,zero
Arkansas,2023,White,Hispanic or Latino,05,2023,2106-3,2135-2,3901,observed,Suppressed,suppressed
Arkansas,2023,White,Not Hispanic or Latino,05,2023,2106-3,2186-5,22163,observed,Suppressed,suppressed
Arkansas,2023,White,Unknown or Not Stated,05,2023,2106-3,9,36,observed,0,zero
Arkansas,2024,American Indian or Alaska Native,Hispanic or Latino,05,2024,1002-5,2135-2,37,observed,0,zero
Arkansas,2024,American Indian or Alaska Native,Not Hispanic or Latino,05,2024,1002-5,2186-5,183,observed,0,zero
Arkansas,2024,American Indian or Alaska Native,Unknown or Not Stated,05,2024,1002-5,9,Suppressed,suppressed,0,zero
Arkansas,2024,Asian,Hispanic or Latino,05,2024,A,2135-2,39,observed,0,zero
Arkansas,2024,Asian,Not Hispanic or Latino,05,2024,A,2186-5,877,observed,0,zero
Arkansas,2024,Asian,Unknown or Not Stated,05,2024,A,9,Suppressed,suppressed,0,zero
Arkansas,2024,Black or African American,Hispanic or Latino,05,2024,2054-5,2135-2,141,observed,0,zero
Arkansas,2024,Black or African American,Not Hispanic or Latino,05,2024,2054-5,2186-5,5725,observed,Suppressed,suppressed
Arkansas,2024,Black or African American,Unknown or Not Stated,05,2024,2054-5,9,Suppressed,suppressed,0,zero
Arkansas,2024,More than one race,Hispanic or Latino,05,2024,M,2135-2,42,observed,0,zero
Arkansas,2024,More than one race,Not Hispanic or Latino,05,2024,M,2186-5,877,observed,0,zero
Arkansas,2024,More than one race,Unknown or Not Stated,05,2024,M,9,Suppressed,suppressed,0,zero
Arkansas,2024,Native Hawaiian or Other Pacific Islander,Hispanic or Latino,05,2024,NHOPI,2135-2,20,observed,0,zero
Arkansas,2024,Native Hawaiian or Other Pacific Islander,Not Hispanic or Latino,05,2024,NHOPI,2186-5,521,observed,Suppressed,suppressed
Arkansas,2024,Native Hawaiian or Other Pacific Islander,Unknown or Not Stated,05,2024,NHOPI,9,Suppressed,suppressed,0,zero
Arkansas,2024,White,Hispanic or Latino,05,2024,2106-3,2135-2,4385,observed,Suppressed,suppressed
Arkansas,2024,White,Not Hispanic or Latino,05,2024,2106-3,2186-5,22511,observed,21,observed
Arkansas,2024,White,Unknown or Not Stated,05,2024,2106-3,9,31,observed,0,zero
California,2016,American Indian or Alaska Native,Hispanic or Latino,06,2016,1002-5,2135-2,797,observed,0,zero
California,2016,American Indian or Alaska Native,Not Hispanic or Latino,06,2016,1002-5,2186-5,1447,observed,0,zero
California,2016,American Indian or Alaska Native,Unknown or Not Stated,06,2016,1002-5,9,92,observed,0,zero
California,2016,Asian,Hispanic or Latino,06,2016,A,2135-2,1941,observed,0,zero
California,2016,Asian,Not Hispanic or Latino,06,2016,A,2186-5,73843,observed,16,observed
California,2016,Asian,Unknown or Not Stated,06,2016,A,9,2899,observed,Suppressed,suppressed
California,2016,Black or African American,Hispanic or Latino,06,2016,2054-5,2135-2,1819,observed,0,zero
California,2016,Black or African American,Not Hispanic or Latino,06,2016,2054-5,2186-5,23936,observed,Suppressed,suppressed
California,2016,Black or African American,Unknown or Not Stated,06,2016,2054-5,9,711,observed,0,zero
California,2016,More than one race,Hispanic or Latino,06,2016,M,2135-2,5479,observed,Suppressed,suppressed
California,2016,More than one race,Not Hispanic or Latino,06,2016,M,2186-5,11694,observed,Suppressed,suppressed
California,2016,More than one race,Unknown or Not Stated,06,2016,M,9,47,observed,0,zero
California,2016,Native Hawaiian or Other Pacific Islander,Hispanic or Latino,06,2016,NHOPI,2135-2,185,observed,0,zero
California,2016,Native Hawaiian or Other Pacific Islander,Not Hispanic or Latino,06,2016,NHOPI,2186-5,1851,observed,Suppressed,suppressed
California,2016,Native Hawaiian or Other Pacific Islander,Unknown or Not Stated,06,2016,NHOPI,9,65,observed,0,zero
California,2016,White,Hispanic or Latino,06,2016,2106-3,2135-2,218761,observed,88,observed
California,2016,White,Not Hispanic or Latino,06,2016,2106-3,2186-5,132780,observed,40,observed
California,2016,White,Unknown or Not Stated,06,2016,2106-3,9,10480,observed,Suppressed,suppressed
California,2017,American Indian or Alaska Native,Hispanic or Latino,06,2017,1002-5,2135-2,793,observed,0,zero
California,2017,American Indian or Alaska Native,Not Hispanic or Latino,06,2017,1002-5,2186-5,1411,observed,Suppressed,suppressed
California,2017,American Indian or Alaska Native,Unknown or Not Stated,06,2017,1002-5,9,57,observed,0,zero
California,2017,Asian,Hispanic or Latino,06,2017,A,2135-2,1982,observed,0,zero
California,2017,Asian,Not Hispanic or Latino,06,2017,A,2186-5,72049,observed,11,observed
California,2017,Asian,Unknown or Not Stated,06,2017,A,9,3243,observed,Suppressed,suppressed
California,2017,Black or African American,Hispanic or Latino,06,2017,2054-5,2135-2,1925,observed,0,zero
California,2017,Black or African American,Not Hispanic or Latino,06,2017,2054-5,2186-5,23441,observed,Suppressed,suppressed
California,2017,Black or African American,Unknown or Not Stated,06,2017,2054-5,9,647,observed,0,zero
California,2017,More than one race,Hispanic or Latino,06,2017,M,2135-2,5533,observed,Suppressed,suppressed
California,2017,More than one race,Not Hispanic or Latino,06,2017,M,2186-5,11403,observed,Suppressed,suppressed
California,2017,More than one race,Unknown or Not Stated,06,2017,M,9,26,observed,0,zero
California,2017,Native Hawaiian or Other Pacific Islander,Hispanic or Latino,06,2017,NHOPI,2135-2,156,observed,0,zero
California,2017,Native Hawaiian or Other Pacific Islander,Not Hispanic or Latino,06,2017,NHOPI,2186-5,1809,observed,0,zero
California,2017,Native Hawaiian or Other Pacific Islander,Unknown or Not Stated,06,2017,NHOPI,9,54,observed,0,zero
California,2017,White,Hispanic or Latino,06,2017,2106-3,2135-2,209733,observed,91,observed
California,2017,White,Not Hispanic or Latino,06,2017,2106-3,2186-5,127822,observed,36,observed
California,2017,White,Unknown or Not Stated,06,2017,2106-3,9,9574,observed,Suppressed,suppressed
California,2018,American Indian or Alaska Native,Hispanic or Latino,06,2018,1002-5,2135-2,741,observed,0,zero
California,2018,American Indian or Alaska Native,Not Hispanic or Latino,06,2018,1002-5,2186-5,1411,observed,Suppressed,suppressed
California,2018,American Indian or Alaska Native,Unknown or Not Stated,06,2018,1002-5,9,120,observed,0,zero
California,2018,Asian,Hispanic or Latino,06,2018,A,2135-2,590,observed,0,zero
California,2018,Asian,Not Hispanic or Latino,06,2018,A,2186-5,68444,observed,17,observed
California,2018,Asian,Unknown or Not Stated,06,2018,A,9,4726,observed,Suppressed,suppressed
California,2018,Black or African American,Hispanic or Latino,06,2018,2054-5,2135-2,1260,observed,0,zero
California,2018,Black or African American,Not Hispanic or Latino,06,2018,2054-5,2186-5,22380,observed,Suppressed,suppressed
California,2018,Black or African American,Unknown or Not Stated,06,2018,2054-5,9,1025,observed,0,zero
California,2018,More than one race,Hispanic or Latino,06,2018,M,2135-2,5587,observed,Suppressed,suppressed
California,2018,More than one race,Not Hispanic or Latino,06,2018,M,2186-5,11413,observed,Suppressed,suppressed
California,2018,More than one race,Unknown or Not Stated,06,2018,M,9,34,observed,0,zero
California,2018,Native Hawaiian or Other Pacific Islander,Hispanic or Latino,06,2018,NHOPI,2135-2,108,observed,0,zero
California,2018,Native Hawaiian or Other Pacific Islander,Not Hispanic or Latino,06,2018,NHOPI,2186-5,1732,observed,0,zero
California,2018,Native Hawaiian or Other Pacific Islander,Unknown or Not Stated,06,2018,NHOPI,9,123,observed,0,zero
California,2018,White,Hispanic or Latino,06,2018,2106-3,2135-2,202985,observed,95,observed
California,2018,White,Not Hispanic or Latino,06,2018,2106-3,2186-5,123139,observed,32,observed
California,2018,White,Unknown or Not Stated,06,2018,2106-3,9,9102,observed,Suppressed,suppressed
California,2019,American Indian or Alaska Native,Hispanic or Latino,06,2019,1002-5,2135-2,795,observed,0,zero
California,2019,American Indian or Alaska Native,Not Hispanic or Latino,06,2019,1002-5,2186-5,1458,observed,Suppressed,suppressed
California,2019,American Indian or Alaska Native,Unknown or Not Stated,06,2019,1002-5,9,119,observed,0,zero
California,2019,Asian,Hispanic or Latino,06,2019,A,2135-2,939,observed,0,zero
California,2019,Asian,Not Hispanic or Latino,06,2019,A,2186-5,67754,observed,13,observed
California,2019,Asian,Unknown or Not Stated,06,2019,A,9,5409,observed,Suppressed,suppressed
California,2019,Black or African American,Hispanic or Latino,06,2019,2054-5,2135-2,1741,observed,0,zero
California,2019,Black or African American,Not Hispanic or Latino,06,2019,2054-5,2186-5,22374,observed,Suppressed,suppressed
California,2019,Black or African American,Unknown or Not Stated,06,2019,2054-5,9,1490,observed,Suppressed,suppressed
California,2019,More than one race,Hispanic or Latino,06,2019,M,2135-2,5038,observed,Suppressed,suppressed
California,2019,More than one race,Not Hispanic or Latino,06,2019,M,2186-5,10687,observed,Suppressed,suppressed
California,2019,More than one race,Unknown or Not Stated,06,2019,M,9,31,observed,0,zero
California,2019,Native Hawaiian or Other Pacific Islander,Hispanic or Latino,06,2019,NHOPI,2135-2,122,observed,Suppressed,suppressed
California,2019,Native Hawaiian or Other Pacific Islander,Not Hispanic or Latino,06,2019,NHOPI,2186-5,1711,observed,Suppressed,suppressed
California,2019,Native Hawaiian or Other Pacific Islander,Unknown or Not Stated,06,2019,NHOPI,9,170,observed,0,zero
California,2019,White,Hispanic or Latino,06,2019,2106-3,2135-2,195361,observed,96,observed
California,2019,White,Not Hispanic or Latino,06,2019,2106-3,2186-5,121076,observed,55,observed
California,2019,White,Unknown or Not Stated,06,2019,2106-3,9,10204,observed,Suppressed,suppressed
California,2020,American Indian or Alaska Native,Hispanic or Latino,06,2020,1002-5,2135-2,792,observed,0,zero
California,2020,American Indian or Alaska Native,Not Hispanic or Latino,06,2020,1002-5,2186-5,1391,observed,Suppressed,suppressed
California,2020,American Indian or Alaska Native,Unknown or Not Stated,06,2020,1002-5,9,146,observed,0,zero
California,2020,Asian,Hispanic or Latino,06,2020,A,2135-2,1035,observed,0,zero
California,2020,Asian,Not Hispanic or Latino,06,2020,A,2186-5,58543,observed,Suppressed,suppressed
California,2020,Asian,Unknown or Not Stated,06,2020,A,9,4946,observed,Suppressed,suppressed
California,2020,Black or African American,Hispanic or Latino,06,2020,2054-5,2135-2,1992,observed,0,zero
California,2020,Black or African American,Not Hispanic or Latino,06,2020,2054-5,2186-5,21350,observed,Suppressed,suppressed
California,2020,Black or African American,Unknown or Not Stated,06,2020,2054-5,9,1796,observed,Suppressed,suppressed
California,2020,More than one race,Hispanic or Latino,06,2020,M,2135-2,4752,observed,Suppressed,suppressed
California,2020,More than one race,Not Hispanic or Latino,06,2020,M,2186-5,10306,observed,Suppressed,suppressed
California,2020,More than one race,Unknown or Not Stated,06,2020,M,9,40,observed,0,zero
California,2020,Native Hawaiian or Other Pacific Islander,Hispanic or Latino,06,2020,NHOPI,2135-2,174,observed,0,zero
California,2020,Native Hawaiian or Other Pacific Islander,Not Hispanic or Latino,06,2020,NHOPI,2186-5,1617,observed,0,zero
California,2020,Native Hawaiian or Other Pacific Islander,Unknown or Not Stated,06,2020,NHOPI,9,132,observed,0,zero
California,2020,White,Hispanic or Latino,06,2020,2106-3,2135-2,185550,observed,90,observed
California,2020,White,Not Hispanic or Latino,06,2020,2106-3,2186-5,115543,observed,35,observed
California,2020,White,Unknown or Not Stated,06,2020,2106-3,9,10154,observed,Suppressed,suppressed
California,2021,American Indian or Alaska Native,Hispanic or Latino,06,2021,1002-5,2135-2,790,observed,0,zero
California,2021,American Indian or Alaska Native,Not Hispanic or Latino,06,2021,1002-5,2186-5,1316,observed,Suppressed,suppressed
California,2021,American Indian or Alaska Native,Unknown or Not Stated,06,2021,1002-5,9,123,observed,0,zero
California,2021,Asian,Hispanic or Latino,06,2021,A,2135-2,1012,observed,0,zero
California,2021,Asian,Not Hispanic or Latino,06,2021,A,2186-5,55777,observed,12,observed
California,2021,Asian,Unknown or Not Stated,06,2021,A,9,5099,observed,Suppressed,suppressed
California,2021,Black or African American,Hispanic or Latino,06,2021,2054-5,2135-2,1991,observed,Suppressed,suppressed
California,2021,Black or African American,Not Hispanic or Latino,06,2021,2054-5,2186-5,21287,observed,Suppressed,suppressed
California,2021,Black or African American,Unknown or Not Stated,06,2021,2054-5,9,1832,observed,Suppressed,suppressed
California,2021,More than one race,Hispanic or Latino,06,2021,M,2135-2,4918,observed,Suppressed,suppressed
California,2021,More than one race,Not Hispanic or Latino,06,2021,M,2186-5,10571,observed,Suppressed,suppressed
California,2021,More than one race,Unknown or Not Stated,06,2021,M,9,38,observed,0,zero
California,2021,Native Hawaiian or Other Pacific Islander,Hispanic or Latino,06,2021,NHOPI,2135-2,197,observed,0,zero
California,2021,Native Hawaiian or Other Pacific Islander,Not Hispanic or Latino,06,2021,NHOPI,2186-5,1619,observed,0,zero
California,2021,Native Hawaiian or Other Pacific Islander,Unknown or Not Stated,06,2021,NHOPI,9,178,observed,0,zero
California,2021,White,Hispanic or Latino,06,2021,2106-3,2135-2,187169,observed,92,observed
California,2021,White,Not Hispanic or Latino,06,2021,2106-3,2186-5,115845,observed,34,observed
California,2021,White,Unknown or Not Stated,06,2021,2106-3,9,10846,observed,Suppressed,suppressed
California,2022,American Indian or Alaska Native,Hispanic or Latino,06,2022,1002-5,2135-2,848,observed,0,zero
California,2022,American Indian or Alaska Native,Not Hispanic or Latino,06,2022,1002-5,2186-5,1297,observed,0,zero
California,2022,American Indian or Alaska Native,Unknown or Not Stated,06,2022,1002-5,9,109,observed,0,zero
California,2022,Asian,Hispanic or Latino,06,2022,A,2135-2,1158,observed,0,zero
California,2022,Asian,Not Hispanic or Latino,06,2022,A,2186-5,56915,observed,11,observed
California,2022,Asian,Unknown or Not Stated,06,2022,A,9,4486,observed,Suppressed,suppressed
California,2022,Black or African American,Hispanic or Latino,06,2022,2054-5,2135-2,2025,observed,0,zero
California,2022,Black or African American,Not Hispanic or Latino,06,2022,2054-5,2186-5,20050,observed,Suppressed,suppressed
California,2022,Black or African American,Unknown or Not Stated,06,2022,2054-5,9,1550,observed,0,zero
California,2022,More than one race,Hispanic or Latino,06,2022,M,2135-2,5091,observed,Suppressed,suppressed
California,2022,More than one race,Not Hispanic or Latino,06,2022,M,2186-5,10114,observed,Suppressed,suppressed
California,2022,More than one race,Unknown or Not Stated,06,2022,M,9,42,observed,0,zero
California,2022,Native Hawaiian or Other Pacific Islander,Hispanic or Latino,06,2022,NHOPI,2135-2,205,observed,0,zero
California,2022,Native Hawaiian or Other Pacific Islander,Not Hispanic or Latino,06,2022,NHOPI,2186-5,1601,observed,Suppressed,suppressed
California,2022,Native Hawaiian or Other Pacific Islander,Unknown or Not Stated,06,2022,NHOPI,9,121,observed,0,zero
California,2022,White,Hispanic or Latino,06,2022,2106-3,2135-2,193985,observed,80,observed
California,2022,White,Not Hispanic or Latino,06,2022,2106-3,2186-5,110370,observed,30,observed
California,2022,White,Unknown or Not Stated,06,2022,2106-3,9,9137,observed,Suppressed,suppressed
California,2023,American Indian or Alaska Native,Hispanic or Latino,06,2023,1002-5,2135-2,871,observed,0,zero
California,2023,American Indian or Alaska Native,Not Hispanic or Latino,06,2023,1002-5,2186-5,1169,observed,0,zero
California,2023,American Indian or Alaska Native,Unknown or Not Stated,06,2023,1002-5,9,81,observed,0,zero
California,2023,Asian,Hispanic or Latino,06,2023,A,2135-2,1272,observed,0,zero
California,2023,Asian,Not Hispanic or Latino,06,2023,A,2186-5,55780,observed,11,observed
California,2023,Asian,Unknown or Not Stated,06,2023,A,9,4112,observed,Suppressed,suppressed
California,2023,Black or African American,Hispanic or Latino,06,2023,2054-5,2135-2,1955,observed,0,zero
California,2023,Black or African American,Not Hispanic or Latino,06,2023,2054-5,2186-5,18340,observed,Suppressed,suppressed
California,2023,Black or African American,Unknown or Not Stated,06,2023,2054-5,9,1348,observed,0,zero
California,2023,More than one race,Hispanic or Latino,06,2023,M,2135-2,4901,observed,Suppressed,suppressed
California,2023,More than one race,Not Hispanic or Latino,06,2023,M,2186-5,10031,observed,Suppressed,suppressed
California,2023,More than one race,Unknown or Not Stated,06,2023,M,9,51,observed,0,zero
California,2023,Native Hawaiian or Other Pacific Islander,Hispanic or Latino,06,2023,NHOPI,2135-2,195,observed,0,zero
California,2023,Native Hawaiian or Other Pacific Islander,Not Hispanic or Latino,06,2023,NHOPI,2186-5,1453,observed,0,zero
California,2023,Native Hawaiian or Other Pacific Islander,Unknown or Not Stated,06,2023,NHOPI,9,105,observed,0,zero
California,2023,White,Hispanic or Latino,06,2023,2106-3,2135-2,185745,observed,110,observed
California,2023,White,Not Hispanic or Latino,06,2023,2106-3,2186-5,104381,observed,32,observed
California,2023,White,Unknown or Not Stated,06,2023,2106-3,9,8318,observed,Suppressed,suppressed
California,2024,American Indian or Alaska Native,Hispanic or Latino,06,2024,1002-5,2135-2,928,observed,0,zero
California,2024,American Indian or Alaska Native,Not Hispanic or Latino,06,2024,1002-5,2186-5,1185,observed,0,zero
California,2024,American Indian or Alaska Native,Unknown or Not Stated,06,2024,1002-5,9,94,observed,0,zero
California,2024,Asian,Hispanic or Latino,06,2024,A,2135-2,1265,observed,0,zero
California,2024,Asian,Not Hispanic or Latino,06,2024,A,2186-5,58695,observed,Suppressed,suppressed
California,2024,Asian,Unknown or Not Stated,06,2024,A,9,4245,observed,0,zero
California,2024,Black or African American,Hispanic or Latino,06,2024,2054-5,2135-2,2013,observed,Suppressed,suppressed
California,2024,Black or African American,Not Hispanic or Latino,06,2024,2054-5,2186-5,17722,observed,Suppressed,suppressed
California,2024,Black or African American,Unknown or Not Stated,06,2024,2054-5,9,1330,observed,Suppressed,suppressed
California,2024,More than one race,Hispanic or Latino,06,2024,M,2135-2,5087,observed,0,zero
California,2024,More than one race,Not Hispanic or Latino,06,2024,M,2186-5,9991,observed,Suppressed,suppressed
California,2024,More than one race,Unknown or Not Stated,06,2024,M,9,48,observed,0,zero
California,2024,Native Hawaiian or Other Pacific Islander,Hispanic or Latino,06,2024,NHOPI,2135-2,174,observed,0,zero
California,2024,Native Hawaiian or Other Pacific Islander,Not Hispanic or Latino,06,2024,NHOPI,2186-5,1416,observed,0,zero
California,2024,Native Hawaiian or Other Pacific Islander,Unknown or Not Stated,06,2024,NHOPI,9,119,observed,0,zero
California,2024,White,Hispanic or Latino,06,2024,2106-3,2135-2,186845,observed,83,observed
California,2024,White,Not Hispanic or Latino,06,2024,2106-3,2186-5,102406,observed,40,observed
California,2024,White,Unknown or Not Stated,06,2024,2106-3,9,8512,observed,Suppressed,suppressed
Colorado,2016,American Indian or Alaska Native,Hispanic or Latino,08,2016,1002-5,2135-2,272,observed,Suppressed,suppressed
Colorado,2016,American Indian or Alaska Native,Not Hispanic or Latino,08,2016,1002-5,2186-5,412,observed,0,zero
Colorado,2016,American Indian or Alaska Native,Unknown or Not Stated,08,2016,1002-5,9,21,observed,0,zero
Colorado,2016,Asian,Hispanic or Latino,08,2016,A,2135-2,219,observed,Suppressed,suppressed
Colorado,2016,Asian,Not Hispanic or Latino,08,2016,A,2186-5,2617,observed,Suppressed,suppressed
Colorado,2016,Asian,Unknown or Not Stated,08,2016,A,9,44,observed,0,zero
Colorado,2016,Black or African American,Hispanic or Latino,08,2016,2054-5,2135-2,514,observed,0,zero
Colorado,2016,Black or African American,Not Hispanic or Latino,08,2016,2054-5,2186-5,3004,observed,Suppressed,suppressed
Colorado,2016,Black or African American,Unknown or Not Stated,08,2016,2054-5,9,120,observed,Suppressed,suppressed
Colorado,2016,More than one race,Hispanic or Latino,08,2016,M,2135-2,331,observed,0,zero
Colorado,2016,More than one race,Not Hispanic or Latino,08,2016,M,2186-5,1481,observed,Suppressed,suppressed
Colorado,2016,More than one race,Unknown or Not Stated,08,2016,M,9,22,observed,0,zero
Colorado,2016,Native Hawaiian or Other Pacific Islander,Hispanic or Latino,08,2016,NHOPI,2135-2,44,observed,0,zero
Colorado,2016,Native Hawaiian or Other Pacific Islander,Not Hispanic or Latino,08,2016,NHOPI,2186-5,145,observed,0,zero
Colorado,2016,White,Hispanic or Latino,08,2016,2106-3,2135-2,17133,observed,17,observed
Colorado,2016,White,Not Hispanic or Latino,08,2016,2106-3,2186-5,39617,observed,34,observed
Colorado,2016,White,Unknown or Not Stated,08,2016,2106-3,9,617,observed,Suppressed,suppressed
Colorado,2017,American Indian or Alaska Native,Hispanic or Latino,08,2017,1002-5,2135-2,304,observed,Suppressed,suppressed
Colorado,2017,American Indian or Alaska Native,Not Hispanic or Latino,08,2017,1002-5,2186-5,421,observed,0,zero
Colorado,2017,American Indian or Alaska Native,Unknown or Not Stated,08,2017,1002-5,9,24,observed,0,zero
Colorado,2017,Asian,Hispanic or Latino,08,2017,A,2135-2,216,observed,0,zero
Colorado,2017,Asian,Not Hispanic or Latino,08,2017,A,2186-5,2611,observed,Suppressed,suppressed
Colorado,2017,Asian,Unknown or Not Stated,08,2017,A,9,60,observed,0,zero
Colorado,2017,Black or African American,Hispanic or Latino,08,2017,2054-5,2135-2,530,observed,0,zero
Colorado,2017,Black or African American,Not Hispanic or Latino,08,2017,2054-5,2186-5,3110,observed,Suppressed,suppressed
Colorado,2017,Black or African American,Unknown or Not Stated,08,2017,2054-5,9,102,observed,Suppressed,suppressed
Colorado,2017,More than one race,Hispanic or Latino,08,2017,M,2135-2,365,observed,Suppressed,suppressed
Colorado,2017,More than one race,Not Hispanic or Latino,08,2017,M,2186-5,1488,observed,0,zero
Colorado,2017,More than one race,Unknown or Not Stated,08,2017,M,9,27,observed,0,zero
Colorado,2017,Native Hawaiian or Other Pacific Islander,Hispanic or Latino,08,2017,NHOPI,2135-2,42,observed,0,zero
Colorado,2017,Native Hawaiian or Other Pacific Islander,Not Hispanic or Latino,08,2017,NHOPI,2186-5,145,observed,0,zero
Colorado,2017,Native Hawaiian or Other Pacific Islander,Unknown or Not Stated,08,2017,NHOPI,9,Suppressed,suppressed,0,zero
Colorado,2017,White,Hispanic or Latino,08,2017,2106-3,2135-2,16668,observed,15,observed
Colorado,2017,White,Not Hispanic or Latino,08,2017,2106-3,2186-5,37516,observed,27,observed
Colorado,2017,White,Unknown or Not Stated,08,2017,2106-3,9,748,observed,Suppressed,suppressed
Colorado,2018,American Indian or Alaska Native,Hispanic or Latino,08,2018,1002-5,2135-2,356,observed,0,zero
Colorado,2018,American Indian or Alaska Native,Not Hispanic or Latino,08,2018,1002-5,2186-5,352,observed,0,zero
Colorado,2018,American Indian or Alaska Native,Unknown or Not Stated,08,2018,1002-5,9,25,observed,0,zero
Colorado,2018,Asian,Hispanic or Latino,08,2018,A,2135-2,127,observed,0,zero
Colorado,2018,Asian,Not Hispanic or Latino,08,2018,A,2186-5,2496,observed,0,zero
Colorado,2018,Asian,Unknown or Not Stated,08,2018,A,9,81,observed,Suppressed,suppressed
Colorado,2018,Black or African American,Hispanic or Latino,08,2018,2054-5,2135-2,518,observed,0,zero
Colorado,2018,Black or African American,Not Hispanic or Latino,08,2018,2054-5,2186-5,3032,observed,Suppressed,suppressed
Colorado,2018,Black or African American,Unknown or Not Stated,08,2018,2054-5,9,146,observed,0,zero
Colorado,2018,More than one race,Hispanic or Latino,08,2018,M,2135-2,350,observed,0,zero
Colorado,2018,More than one race,Not Hispanic or Latino,08,2018,M,2186-5,1569,observed,0,zero
Colorado,2018,More than one race,Unknown or Not Stated,08,2018,M,9,21,observed,0,zero
Colorado,2018,Native Hawaiian or Other Pacific Islander,Hispanic or Latino,08,2018,NHOPI,2135-2,50,observed,0,zero
Colorado,2018,Native Hawaiian or Other Pacific Islander,Not Hispanic or Latino,08,2018,NHOPI,2186-5,155,observed,0,zero
Colorado,2018,Native Hawaiian or Other Pacific Islander,Unknown or Not Stated,08,2018,NHOPI,9,Suppressed,suppressed,0,zero
Colorado,2018,White,Hispanic or Latino,08,2018,2106-3,2135-2,16416,observed,17,observed
Colorado,2018,White,Not Hispanic or Latino,08,2018,2106-3,2186-5,36466,observed,30,observed
Colorado,2018,White,Unknown or Not Stated,08,2018,2106-3,9,720,observed,Suppressed,suppressed
Colorado,2019,American Indian or Alaska Native,Hispanic or Latino,08,2019,1002-5,2135-2,316,observed,0,zero
Colorado,2019,American Indian or Alaska Native,Not Hispanic or Latino,08,2019,1002-5,2186-5,365,observed,0,zero
Colorado,2019,American Indian or Alaska Native,Unknown or Not Stated,08,2019,1002-5,9,18,observed,0,zero
Colorado,2019,Asian,Hispanic or Latino,08,2019,A,2135-2,101,observed,0,zero
Colorado,2019,Asian,Not Hispanic or Latino,08,2019,A,2186-5,2540,observed,Suppressed,suppressed
Colorado,2019,Asian,Unknown or Not Stated,08,2019,A,9,73,observed,0,zero
Colorado,2019,Black or African American,Hispanic or Latino,08,2019,2054-5,2135-2,454,observed,0,zero
Colorado,2019,Black or African American,Not Hispanic or Latino,08,2019,2054-5,2186-5,3044,observed,Suppressed,suppressed
Colorado,2019,Black or African American,Unknown or Not Stated,08,2019,2054-5,9,122,observed,0,zero
Colorado,2019,More than one race,Hispanic or Latino,08,2019,M,2135-2,348,observed,Suppressed,suppressed
Colorado,2019,More than one race,Not Hispanic or Latino,08,2019,M,2186-5,1536,observed,Suppressed,suppressed
Colorado,2019,More than one race,Unknown or Not Stated,08,2019,M,9,29,observed,0,zero
Colorado,2019,Native Hawaiian or Other Pacific Islander,Hispanic or Latino,08,2019,NHOPI,2135-2,54,observed,0,zero
Colorado,2019,Native Hawaiian or Other Pacific Islander,Not Hispanic or Latino,08,2019,NHOPI,2186-5,168,observed,0,zero
Colorado,2019,Native Hawaiian or Other Pacific Islander,Unknown or Not Stated,08,2019,NHOPI,9,Suppressed,suppressed,0,zero
Colorado,2019,White,Hispanic or Latino,08,2019,2106-3,2135-2,16932,observed,18,observed
Colorado,2019,White,Not Hispanic or Latino,08,2019,2106-3,2186-5,36022,observed,33,observed
Colorado,2019,White,Unknown or Not Stated,08,2019,2106-3,9,743,observed,0,zero
Colorado,2020,American Indian or Alaska Native,Hispanic or Latino,08,2020,1002-5,2135-2,346,observed,Suppressed,suppressed
Colorado,2020,American Indian or Alaska Native,Not Hispanic or Latino,08,2020,1002-5,2186-5,338,observed,0,zero
Colorado,2020,American Indian or Alaska Native,Unknown or Not Stated,08,2020,1002-5,9,23,observed,0,zero
Colorado,2020,Asian,Hispanic or Latino,08,2020,A,2135-2,136,observed,0,zero
Colorado,2020,Asian,Not Hispanic or Latino,08,2020,A,2186-5,2519,observed,Suppressed,suppressed
Colorado,2020,Asian,Unknown or Not Stated,08,2020,A,9,49,observed,0,zero
Colorado,2020,Black or African American,Hispanic or Latino,08,2020,2054-5,2135-2,557,observed,Suppressed,suppressed
Colorado,2020,Black or African American,Not Hispanic or Latino,08,2020,2054-5,2186-5,3146,observed,Suppressed,suppressed
Colorado,2020,Black or African American,Unknown or Not Stated,08,2020,2054-5,9,39,observed,0,zero
Colorado,2020,More than one race,Hispanic or Latino,08,2020,M,2135-2,369,observed,Suppressed,suppressed
Colorado,2020,More than one race,Not Hispanic or Latino,08,2020,M,2186-5,1601,observed,Suppressed,suppressed
Colorado,2020,More than one race,Unknown or Not Stated,08,2020,M,9,19,observed,0,zero
Colorado,2020,Native Hawaiian or Other Pacific Islander,Hispanic or Latino,08,2020,NHOPI,2135-2,44,observed,0,zero
Colorado,2020,Native Hawaiian or Other Pacific Islander,Not Hispanic or Latino,08,2020,NHOPI,2186-5,169,observed,0,zero
Colorado,2020,Native Hawaiian or Other Pacific Islander,Unknown or Not Stated,08,2020,NHOPI,9,Suppressed,suppressed,0,zero
Colorado,2020,White,Hispanic or Latino,08,2020,2106-3,2135-2,16659,observed,25,observed
Colorado,2020,White,Not Hispanic or Latino,08,2020,2106-3,2186-5,34924,observed,17,observed
Colorado,2020,White,Unknown or Not Stated,08,2020,2106-3,9,553,observed,0,zero
Colorado,2021,American Indian or Alaska Native,Hispanic or Latino,08,2021,1002-5,2135-2,319,observed,Suppressed,suppressed
Colorado,2021,American Indian or Alaska Native,Not Hispanic or Latino,08,2021,1002-5,2186-5,323,observed,0,zero
Colorado,2021,American Indian or Alaska Native,Unknown or Not Stated,08,2021,1002-5,9,10,observed,0,zero
Colorado,2021,Asian,Hispanic or Latino,08,2021,A,2135-2,108,observed,0,zero
Colorado,2021,Asian,Not Hispanic or Latino,08,2021,A,2186-5,2490,observed,Suppressed,suppressed
Colorado,2021,Asian,Unknown or Not Stated,08,2021,A,9,39,observed,0,zero
Colorado,2021,Black or African American,Hispanic or Latino,08,2021,2054-5,2135-2,468,observed,Suppressed,suppressed
Colorado,2021,Black or African American,Not Hispanic or Latino,08,2021,2054-5,2186-5,2988,observed,Suppressed,suppressed
Colorado,2021,Black or African American,Unknown or Not Stated,08,2021,2054-5,9,45,observed,0,zero
Colorado,2021,More than one race,Hispanic or Latino,08,2021,M,2135-2,406,observed,0,zero
Colorado,2021,More than one race,Not Hispanic or Latino,08,2021,M,2186-5,1657,observed,Suppressed,suppressed
Colorado,2021,More than one race,Unknown or Not Stated,08,2021,M,9,26,observed,0,zero
Colorado,2021,Native Hawaiian or Other Pacific Islander,Hispanic or Latino,08,2021,NHOPI,2135-2,35,observed,0,zero
Colorado,2021,Native Hawaiian or Other Pacific Islander,Not Hispanic or Latino,08,2021,NHOPI,2186-5,202,observed,0,zero
Colorado,2021,Native Hawaiian or Other Pacific Islander,Unknown or Not Stated,08,2021,NHOPI,9,Suppressed,suppressed,0,zero
Colorado,2021,White,Hispanic or Latino,08,2021,2106-3,2135-2,17026,observed,13,observed
Colorado,2021,White,Not Hispanic or Latino,08,2021,2106-3,2186-5,36334,observed,25,observed
Colorado,2021,White,Unknown or Not Stated,08,2021,2106-3,9,470,observed,0,zero
Colorado,2022,American Indian or Alaska Native,Hispanic or Latino,08,2022,1002-5,2135-2,356,observed,0,zero
Colorado,2022,American Indian or Alaska Native,Not Hispanic or Latino,08,2022,1002-5,2186-5,336,observed,0,zero
Colorado,2022,American Indian or Alaska Native,Unknown or Not Stated,08,2022,1002-5,9,12,observed,0,zero
Colorado,2022,Asian,Hispanic or Latino,08,2022,A,2135-2,144,observed,0,zero
Colorado,2022,Asian,Not Hispanic or Latino,08,2022,A,2186-5,2450,observed,0,zero
Colorado,2022,Asian,Unknown or Not Stated,08,2022,A,9,35,observed,0,zero
Colorado,2022,Black or African American,Hispanic or Latino,08,2022,2054-5,2135-2,510,observed,0,zero
Colorado,2022,Black or African American,Not Hispanic or Latino,08,2022,2054-5,2186-5,2981,observed,Suppressed,suppressed
Colorado,2022,Black or African American,Unknown or Not Stated,08,2022,2054-5,9,39,observed,0,zero
Colorado,2022,More than one race,Hispanic or Latino,08,2022,M,2135-2,363,observed,0,zero
Colorado,2022,More than one race,Not Hispanic or Latino,08,2022,M,2186-5,1713,observed,Suppressed,suppressed
Colorado,2022,More than one race,Unknown or Not Stated,08,2022,M,9,21,observed,0,zero
Colorado,2022,Native Hawaiian or Other Pacific Islander,Hispanic or Latino,08,2022,NHOPI,2135-2,59,observed,0,zero
Colorado,2022,Native Hawaiian or Other Pacific Islander,Not Hispanic or Latino,08,2022,NHOPI,2186-5,203,observed,0,zero
Colorado,2022,Native Hawaiian or Other Pacific Islander,Unknown or Not Stated,08,2022,NHOPI,9,Suppressed,suppressed,0,zero
Colorado,2022,White,Hispanic or Latino,08,2022,2106-3,2135-2,17550,observed,14,observed
Colorado,2022,White,Not Hispanic or Latino,08,2022,2106-3,2186-5,35076,observed,22,observed
Colorado,2022,White,Unknown or Not Stated,08,2022,2106-3,9,533,observed,0,zero
Colorado,2023,American Indian or Alaska Native,Hispanic or Latino,08,2023,1002-5,2135-2,445,observed,Suppressed,suppressed
Colorado,2023,American Indian or Alaska Native,Not Hispanic or Latino,08,2023,1002-5,2186-5,310,observed,0,zero
Colorado,2023,American Indian or Alaska Native,Unknown or Not Stated,08,2023,1002-5,9,11,observed,0,zero
Colorado,2023,Asian,Hispanic or Latino,08,2023,A,2135-2,161,observed,0,zero
Colorado,2023,Asian,Not Hispanic or Latino,08,2023,A,2186-5,2498,observed,Suppressed,suppressed
Colorado,2023,Asian,Unknown or Not Stated,08,2023,A,9,28,observed,0,zero
Colorado,2023,Black or African American,Hispanic or Latino,08,2023,2054-5,2135-2,628,observed,Suppressed,suppressed
Colorado,2023,Black or African American,Not Hispanic or Latino,08,2023,2054-5,2186-5,2904,observed,Suppressed,suppressed
Colorado,2023,Black or African American,Unknown or Not Stated,08,2023,2054-5,9,39,observed,0,zero
Colorado,2023,More than one race,Hispanic or Latino,08,2023,M,2135-2,374,observed,0,zero
Colorado,2023,More than one race,Not Hispanic or Latino,08,2023,M,2186-5,1710,observed,0,zero
Colorado,2023,More than one race,Unknown or Not Stated,08,2023,M,9,21,observed,Suppressed,suppressed
Colorado,2023,Native Hawaiian or Other Pacific Islander,Hispanic or Latino,08,2023,NHOPI,2135-2,52,observed,0,zero
Colorado,2023,Native Hawaiian or Other Pacific Islander,Not Hispanic or Latino,08,2023,NHOPI,2186-5,256,observed,0,zero
Colorado,2023,Native Hawaiian or Other Pacific Islander,Unknown or Not Stated,08,2023,NHOPI,9,Suppressed,suppressed,0,zero
Colorado,2023,White,Hispanic or Latino,08,2023,2106-3,2135-2,17884,observed,21,observed
Colorado,2023,White,Not Hispanic or Latino,08,2023,2106-3,2186-5,33640,observed,17,observed
Colorado,2023,White,Unknown or Not Stated,08,2023,2106-3,9,531,observed,Suppressed,suppressed
Colorado,2024,American Indian or Alaska Native,Hispanic or Latino,08,2024,1002-5,2135-2,480,observed,0,zero
Colorado,2024,American Indian or Alaska Native,Not Hispanic or Latino,08,2024,1002-5,2186-5,309,observed,0,zero
Colorado,2024,American Indian or Alaska Native,Unknown or Not Stated,08,2024,1002-5,9,10,observed,0,zero
Colorado,2024,Asian,Hispanic or Latino,08,2024,A,2135-2,165,observed,0,zero
Colorado,2024,Asian,Not Hispanic or Latino,08,2024,A,2186-5,2677,observed,0,zero
Colorado,2024,Asian,Unknown or Not Stated,08,2024,A,9,68,observed,0,zero
Colorado,2024,Black or African American,Hispanic or Latino,08,2024,2054-5,2135-2,641,observed,0,zero
Colorado,2024,Black or African American,Not Hispanic or Latino,08,2024,2054-5,2186-5,2929,observed,Suppressed,suppressed
Colorado,2024,Black or African American,Unknown or Not Stated,08,2024,2054-5,9,67,observed,0,zero
Colorado,2024,More than one race,Hispanic or Latino,08,2024,M,2135-2,404,observed,0,zero
Colorado,2024,More than one race,Not Hispanic or Latino,08,2024,M,2186-5,1750,observed,Suppressed,suppressed
Colorado,2024,More than one race,Unknown or Not Stated,08,2024,M,9,25,observed,0,zero
Colorado,2024,Native Hawaiian or Other Pacific Islander,Hispanic or Latino,08,2024,NHOPI,2135-2,72,observed,0,zero
Colorado,2024,Native Hawaiian or Other Pacific Islander,Not Hispanic or Latino,08,2024,NHOPI,2186-5,256,observed,0,zero
Colorado,2024,Native Hawaiian or Other Pacific Islander,Unknown or Not Stated,08,2024,NHOPI,9,Suppressed,suppressed,0,zero
Colorado,2024,White,Hispanic or Latino,08,2024,2106-3,2135-2,19481,observed,21,observed
Colorado,2024,White,Not Hispanic or Latino,08,2024,2106-3,2186-5,34331,observed,19,observed
Colorado,2024,White,Unknown or Not Stated,08,2024,2106-3,9,599,observed,0,zero
Connecticut,2016,American Indian or Alaska Native,Hispanic or Latino,09,2016,1002-5,2135-2,115,observed,0,zero
Connecticut,2016,American Indian or Alaska Native,Not Hispanic or Latino,09,2016,1002-5,2186-5,26,observed,0,zero
Connecticut,2016,American Indian or Alaska Native,Unknown or Not Stated,09,2016,1002-5,9,Suppressed,suppressed,0,zero
Connecticut,2016,Asian,Hispanic or Latino,09,2016,A,2135-2,172,observed,0,zero
Connecticut,2016,Asian,Not Hispanic or Latino,09,2016,A,2186-5,2583,observed,Suppressed,suppressed
Connecticut,2016,Asian,Unknown or Not Stated,09,2016,A,9,Suppressed,suppressed,0,zero
Connecticut,2016,Black or African American,Hispanic or Latino,09,2016,2054-5,2135-2,890,observed,0,zero
Connecticut,2016,Black or African American,Not Hispanic or Latino,09,2016,2054-5,2186-5,4453,observed,Suppressed,suppressed
Connecticut,2016,Black or African American,Unknown or Not Stated,09,2016,2054-5,9,12,observed,0,zero
Connecticut,2016,More than one race,Hispanic or Latino,09,2016,M,2135-2,156,observed,0,zero
Connecticut,2016,More than one race,Not Hispanic or Latino,09,2016,M,2186-5,683,observed,Suppressed,suppressed
Connecticut,2016,More than one race,Unknown or Not Stated,09,2016,M,9,Suppressed,suppressed,0,zero
Connecticut,2016,Native Hawaiian or Other Pacific Islander,Hispanic or Latino,09,2016,NHOPI,2135-2,16,observed,0,zero
Connecticut,2016,Native Hawaiian or Other Pacific Islander,Not Hispanic or Latino,09,2016,NHOPI,2186-5,Suppressed,suppressed,0,zero
Connecticut,2016,White,Hispanic or Latino,09,2016,2106-3,2135-2,7273,observed,Suppressed,suppressed
Connecticut,2016,White,Not Hispanic or Latino,09,2016,2106-3,2186-5,19551,observed,Suppressed,suppressed
Connecticut,2016,White,Unknown or Not Stated,09,2016,2106-3,9,73,observed,0,zero
Connecticut,2017,American Indian or Alaska Native,Hispanic or Latino,09,2017,1002-5,2135-2,137,observed,0,zero
Connecticut,2017,American Indian or Alaska Native,Not Hispanic or Latino,09,2017,1002-5,2186-5,28,observed,0,zero
Connecticut,2017,Asian,Hispanic or Latino,09,2017,A,2135-2,168,observed,0,zero
Connecticut,2017,Asian,Not Hispanic or Latino,09,2017,A,2186-5,2475,observed,Suppressed,suppressed
Connecticut,2017,Asian,Unknown or Not Stated,09,2017,A,9,Suppressed,suppressed,0,zero
Connecticut,2017,Black or African American,Hispanic or Latino,09,2017,2054-5,2135-2,922,observed,0,zero
Connecticut,2017,Black or African American,Not Hispanic or Latino,09,2017,2054-5,2186-5,4301,observed,Suppressed,suppressed
Connecticut,2017,Black or African American,Unknown or Not Stated,09,2017,2054-5,9,13,observed,0,zero
Connecticut,2017,More than one race,Hispanic or Latino,09,2017,M,2135-2,165,observed,0,zero
Connecticut,2017,More than one race,Not Hispanic or Latino,09,2017,M,2186-5,695,observed,0,zero
Connecticut,2017,More than one race,Unknown or Not Stated,09,2017,M,9,Suppressed,suppressed,0,zero
Connecticut,2017,Native Hawaiian or Other Pacific Islander,Hispanic or Latino,09,2017,NHOPI,2135-2,12,observed,Suppressed,suppressed
Connecticut,2017,Native Hawaiian or Other Pacific Islander,Not Hispanic or Latino,09,2017,NHOPI,2186-5,Suppressed,suppressed,0,zero
Connecticut,2017,White,Hispanic or Latino,09,2017,2106-3,2135-2,7429,observed,Suppressed,suppressed
Connecticut,2017,White,Not Hispanic or Latino,09,2017,2106-3,2186-5,18842,observed,Suppressed,suppressed
Connecticut,2017,White,Unknown or Not Stated,09,2017,2106-3,9,21,observed,0,zero
Connecticut,2018,American Indian or Alaska Native,Hispanic or Latino,09,2018,1002-5,2135-2,172,observed,0,zero
Connecticut,2018,American Indian or Alaska Native,Not Hispanic or Latino,09,2018,1002-5,2186-5,38,observed,0,zero
Connecticut,2018,Asian,Hispanic or Latino,09,2018,A,2135-2,46,observed,0,zero
Connecticut,2018,Asian,Not Hispanic or Latino,09,2018,A,2186-5,2232,observed,Suppressed,suppressed
Connecticut,2018,Asian,Unknown or Not Stated,09,2018,A,9,Suppressed,suppressed,0,zero
Connecticut,2018,Black or African American,Hispanic or Latino,09,2018,2054-5,2135-2,865,observed,0,zero
Connecticut,2018,Black or African American,Not Hispanic or Latino,09,2018,2054-5,2186-5,4423,observed,Suppressed,suppressed
Connecticut,2018,Black or African American,Unknown or Not Stated,09,2018,2054-5,9,Suppressed,suppressed,0,zero
Connecticut,2018,More than one race,Hispanic or Latino,09,2018,M,2135-2,165,observed,0,zero
Connecticut,2018,More than one race,Not Hispanic or Latino,09,2018,M,2186-5,744,observed,Suppressed,suppressed
Connecticut,2018,More than one race,Unknown or Not Stated,09,2018,M,9,Suppressed,suppressed,0,zero
Connecticut,2018,Native Hawaiian or Other Pacific Islander,Hispanic or Latino,09,2018,NHOPI,2135-2,11,observed,0,zero
Connecticut,2018,Native Hawaiian or Other Pacific Islander,Not Hispanic or Latino,09,2018,NHOPI,2186-5,Suppressed,suppressed,0,zero
Connecticut,2018,White,Hispanic or Latino,09,2018,2106-3,2135-2,7503,observed,Suppressed,suppressed
Connecticut,2018,White,Not Hispanic or Latino,09,2018,2106-3,2186-5,18488,observed,Suppressed,suppressed
Connecticut,2018,White,Unknown or Not Stated,09,2018,2106-3,9,26,observed,0,zero
Connecticut,2019,American Indian or Alaska Native,Hispanic or Latino,09,2019,1002-5,2135-2,240,observed,0,zero
Connecticut,2019,American Indian or Alaska Native,Not Hispanic or Latino,09,2019,1002-5,2186-5,24,observed,0,zero
Connecticut,2019,Asian,Hispanic or Latino,09,2019,A,2135-2,49,observed,0,zero
Connecticut,2019,Asian,Not Hispanic or Latino,09,2019,A,2186-5,2199,observed,0,zero
Connecticut,2019,Black or African American,Hispanic or Latino,09,2019,2054-5,2135-2,984,observed,Suppressed,suppressed
Connecticut,2019,Black or African American,Not Hispanic or Latino,09,2019,2054-5,2186-5,4221,observed,Suppressed,suppressed
Connecticut,2019,Black or African American,Unknown or Not Stated,09,2019,2054-5,9,Suppressed,suppressed,0,zero
Connecticut,2019,More than one race,Hispanic or Latino,09,2019,M,2135-2,188,observed,0,zero
Connecticut,2019,More than one race,Not Hispanic or Latino,09,2019,M,2186-5,692,observed,0,zero
Connecticut,2019,Native Hawaiian or Other Pacific Islander,Hispanic or Latino,09,2019,NHOPI,2135-2,Suppressed,suppressed,0,zero
Connecticut,2019,Native Hawaiian or Other Pacific Islander,Not Hispanic or Latino,09,2019,NHOPI,2186-5,Suppressed,suppressed,0,zero
Connecticut,2019,White,Hispanic or Latino,09,2019,2106-3,2135-2,7258,observed,Suppressed,suppressed
Connecticut,2019,White,Not Hispanic or Latino,09,2019,2106-3,2186-5,18366,observed,Suppressed,suppressed
Connecticut,2019,White,Unknown or Not Stated,09,2019,2106-3,9,15,observed,0,zero
Connecticut,2020,American Indian or Alaska Native,Hispanic or Latino,09,2020,1002-5,2135-2,234,observed,Suppressed,suppressed
Connecticut,2020,American Indian or Alaska Native,Not Hispanic or Latino,09,2020,1002-5,2186-5,35,observed,0,zero
Connecticut,2020,Asian,Hispanic or Latino,09,2020,A,2135-2,37,observed,0,zero
Connecticut,2020,Asian,Not Hispanic or Latino,09,2020,A,2186-5,1992,observed,0,zero
Connecticut,2020,Asian,Unknown or Not Stated,09,2020,A,9,Suppressed,suppressed,0,zero
Connecticut,2020,Black or African American,Hispanic or Latino,09,2020,2054-5,2135-2,1009,observed,0,zero
Connecticut,2020,Black or African American,Not Hispanic or Latino,09,2020,2054-5,2186-5,4056,observed,Suppressed,suppressed
Connecticut,2020,More than one race,Hispanic or Latino,09,2020,M,2135-2,176,observed,0,zero
Connecticut,2020,More than one race,Not Hispanic or Latino,09,2020,M,2186-5,695,observed,0,zero
Connecticut,2020,More than one race,Unknown or Not Stated,09,2020,M,9,Suppressed,suppressed,0,zero
Connecticut,2020,Native Hawaiian or Other Pacific Islander,Hispanic or Latino,09,2020,NHOPI,2135-2,Suppressed,suppressed,0,zero
Connecticut,2020,Native Hawaiian or Other Pacific Islander,Not Hispanic or Latino,09,2020,NHOPI,2186-5,Suppressed,suppressed,0,zero
Connecticut,2020,White,Hispanic or Latino,09,2020,2106-3,2135-2,7398,observed,Suppressed,suppressed
Connecticut,2020,White,Not Hispanic or Latino,09,2020,2106-3,2186-5,17785,observed,Suppressed,suppressed
Connecticut,2020,White,Unknown or Not Stated,09,2020,2106-3,9,27,observed,0,zero
Connecticut,2021,American Indian or Alaska Native,Hispanic or Latino,09,2021,1002-5,2135-2,250,observed,0,zero
Connecticut,2021,American Indian or Alaska Native,Not Hispanic or Latino,09,2021,1002-5,2186-5,33,observed,0,zero
Connecticut,2021,Asian,Hispanic or Latino,09,2021,A,2135-2,60,observed,0,zero
Connecticut,2021,Asian,Not Hispanic or Latino,09,2021,A,2186-5,1921,observed,0,zero
Connecticut,2021,Black or African American,Hispanic or Latino,09,2021,2054-5,2135-2,1220,observed,0,zero
Connecticut,2021,Black or African American,Not Hispanic or Latino,09,2021,2054-5,2186-5,4357,observed,Suppressed,suppressed
Connecticut,2021,Black or African American,Unknown or Not Stated,09,2021,2054-5,9,Suppressed,suppressed,0,zero
Connecticut,2021,More than one race,Hispanic or Latino,09,2021,M,2135-2,218,observed,0,zero
Connecticut,2021,More than one race,Not Hispanic or Latino,09,2021,M,2186-5,704,observed,0,zero
Connecticut,2021,Native Hawaiian or Other Pacific Islander,Hispanic or Latino,09,2021,NHOPI,2135-2,14,observed,0,zero
Connecticut,2021,Native Hawaiian or Other Pacific Islander,Not Hispanic or Latino,09,2021,NHOPI,2186-5,10,observed,0,zero
Connecticut,2021,White,Hispanic or Latino,09,2021,2106-3,2135-2,7720,observed,Suppressed,suppressed
Connecticut,2021,White,Not Hispanic or Latino,09,2021,2106-3,2186-5,19136,observed,Suppressed,suppressed
Connecticut,2021,White,Unknown or Not Stated,09,2021,2106-3,9,23,observed,0,zero
Connecticut,2022,American Indian or Alaska Native,Hispanic or Latino,09,2022,1002-5,2135-2,280,observed,0,zero
Connecticut,2022,American Indian or Alaska Native,Not Hispanic or Latino,09,2022,1002-5,2186-5,30,observed,0,zero
Connecticut,2022,Asian,Hispanic or Latino,09,2022,A,2135-2,47,observed,0,zero
Connecticut,2022,Asian,Not Hispanic or Latino,09,2022,A,2186-5,1878,observed,Suppressed,suppressed
Connecticut,2022,Black or African American,Hispanic or Latino,09,2022,2054-5,2135-2,1318,observed,0,zero
Connecticut,2022,Black or African American,Not Hispanic or Latino,09,2022,2054-5,2186-5,4298,observed,Suppressed,suppressed
Connecticut,2022,Black or African American,Unknown or Not Stated,09,2022,2054-5,9,Suppressed,suppressed,0,zero
Connecticut,2022,More than one race,Hispanic or Latino,09,2022,M,2135-2,224,observed,0,zero
Connecticut,2022,More than one race,Not Hispanic or Latino,09,2022,M,2186-5,827,observed,0,zero
Connecticut,2022,Native Hawaiian or Other Pacific Islander,Hispanic or Latino,09,2022,NHOPI,2135-2,26,observed,0,zero
Connecticut,2022,Native Hawaiian or Other Pacific Islander,Not Hispanic or Latino,09,2022,NHOPI,2186-5,Suppressed,suppressed,0,zero
Connecticut,2022,White,Hispanic or Latino,09,2022,2106-3,2135-2,7702,observed,Suppressed,suppressed
Connecticut,2022,White,Not Hispanic or Latino,09,2022,2106-3,2186-5,18681,observed,12,observed
Connecticut,2022,White,Unknown or Not Stated,09,2022,2106-3,9,15,observed,0,zero
Connecticut,2023,American Indian or Alaska Native,Hispanic or Latino,09,2023,1002-5,2135-2,262,observed,Suppressed,suppressed
Connecticut,2023,American Indian or Alaska Native,Not Hispanic or Latino,09,2023,1002-5,2186-5,34,observed,0,zero
Connecticut,2023,Asian,Hispanic or Latino,09,2023,A,2135-2,64,observed,0,zero
Connecticut,2023,Asian,Not Hispanic or Latino,09,2023,A,2186-5,1850,observed,0,zero
Connecticut,2023,Asian,Unknown or Not Stated,09,2023,A,9,Suppressed,suppressed,0,zero
Connecticut,2023,Black or African American,Hispanic or Latino,09,2023,2054-5,2135-2,1286,observed,0,zero
Connecticut,2023,Black or African American,Not Hispanic or Latino,09,2023,2054-5,2186-5,4053,observed,Suppressed,suppressed
Connecticut,2023,Black or African American,Unknown or Not Stated,09,2023,2054-5,9,Suppressed,suppressed,0,zero
Connecticut,2023,More than one race,Hispanic or Latino,09,2023,M,2135-2,365,observed,0,zero
Connecticut,2023,More than one race,Not Hispanic or Latino,09,2023,M,2186-5,824,observed,0,zero
Connecticut,2023,Native Hawaiian or Other Pacific Islander,Hispanic or Latino,09,2023,NHOPI,2135-2,22,observed,0,zero
Connecticut,2023,Native Hawaiian or Other Pacific Islander,Not Hispanic or Latino,09,2023,NHOPI,2186-5,Suppressed,suppressed,0,zero
Connecticut,2023,White,Hispanic or Latino,09,2023,2106-3,2135-2,7804,observed,Suppressed,suppressed
Connecticut,2023,White,Not Hispanic or Latino,09,2023,2106-3,2186-5,17969,observed,Suppressed,suppressed
Connecticut,2023,White,Unknown or Not Stated,09,2023,2106-3,9,11,observed,0,zero
Connecticut,2024,American Indian or Alaska Native,Hispanic or Latino,09,2024,1002-5,2135-2,218,observed,0,zero
Connecticut,2024,American Indian or Alaska Native,Not Hispanic or Latino,09,2024,1002-5,2186-5,31,observed,0,zero
Connecticut,2024,Asian,Hispanic or Latino,09,2024,A,2135-2,69,observed,0,zero
Connecticut,2024,Asian,Not Hispanic or Latino,09,2024,A,2186-5,1909,observed,0,zero
Connecticut,2024,Asian,Unknown or Not Stated,09,2024,A,9,Suppressed,suppressed,0,zero
Connecticut,2024,Black or African American,Hispanic or Latino,09,2024,2054-5,2135-2,1275,observed,0,zero
Connecticut,2024,Black or African American,Not Hispanic or Latino,09,2024,2054-5,2186-5,3944,observed,Suppressed,suppressed
Connecticut,2024,Black or African American,Unknown or Not Stated,09,2024,2054-5,9,Suppressed,suppressed,0,zero
Connecticut,2024,More than one race,Hispanic or Latino,09,2024,M,2135-2,280,observed,0,zero
Connecticut,2024,More than one race,Not Hispanic or Latino,09,2024,M,2186-5,762,observed,0,zero
Connecticut,2024,More than one race,Unknown or Not Stated,09,2024,M,9,Suppressed,suppressed,0,zero
Connecticut,2024,Native Hawaiian or Other Pacific Islander,Hispanic or Latino,09,2024,NHOPI,2135-2,10,observed,0,zero
Connecticut,2024,Native Hawaiian or Other Pacific Islander,Not Hispanic or Latino,09,2024,NHOPI,2186-5,Suppressed,suppressed,0,zero
Connecticut,2024,White,Hispanic or Latino,09,2024,2106-3,2135-2,8210,observed,10,observed
Connecticut,2024,White,Not Hispanic or Latino,09,2024,2106-3,2186-5,17857,observed,Suppressed,suppressed
Connecticut,2024,White,Unknown or Not Stated,09,2024,2106-3,9,20,observed,0,zero
Delaware,2016,American Indian or Alaska Native,Hispanic or Latino,10,2016,1002-5,2135-2,Suppressed,suppressed,0,zero
Delaware,2016,American Indian or Alaska Native,Not Hispanic or Latino,10,2016,1002-5,2186-5,13,observed,0,zero
Delaware,2016,Asian,Hispanic or Latino,10,2016,A,2135-2,34,observed,0,zero
Delaware,2016,Asian,Not Hispanic or Latino,10,2016,A,2186-5,627,observed,0,zero
Delaware,2016,Asian,Unknown or Not Stated,10,2016,A,9,Suppressed,suppressed,0,zero
Delaware,2016,Black or African American,Hispanic or Latino,10,2016,2054-5,2135-2,236,observed,0,zero
Delaware,2016,Black or African American,Not Hispanic or Latino,10,2016,2054-5,2186-5,2832,observed,Suppressed,suppressed
Delaware,2016,Black or African American,Unknown or Not Stated,10,2016,2054-5,9,Suppressed,suppressed,0,zero
Delaware,2016,More than one race,Hispanic or Latino,10,2016,M,2135-2,42,observed,0,zero
Delaware,2016,More than one race,Not Hispanic or Latino,10,2016,M,2186-5,239,observed,Suppressed,suppressed
Delaware,2016,Native Hawaiian or Other Pacific Islander,Hispanic or Latino,10,2016,NHOPI,2135-2,Suppressed,suppressed,0,zero
Delaware,2016,Native Hawaiian or Other Pacific Islander,Not Hispanic or Latino,10,2016,NHOPI,2186-5,Suppressed,suppressed,0,zero
Delaware,2016,White,Hispanic or Latino,10,2016,2106-3,2135-2,1105,observed,0,zero
Delaware,2016,White,Not Hispanic or Latino,10,2016,2106-3,2186-5,5827,observed,Suppressed,suppressed
Delaware,2016,White,Unknown or Not Stated,10,2016,2106-3,9,10,observed,0,zero
Delaware,2017,American Indian or Alaska Native,Hispanic or Latino,10,2017,1002-5,2135-2,13,observed,0,zero
Delaware,2017,American Indian or Alaska Native,Not Hispanic or Latino,10,2017,1002-5,2186-5,20,observed,0,zero
Delaware,2017,Asian,Hispanic or Latino,10,2017,A,2135-2,48,observed,0,zero
Delaware,2017,Asian,Not Hispanic or Latino,10,2017,A,2186-5,646,observed,0,zero
Delaware,2017,Asian,Unknown or Not Stated,10,2017,A,9,Suppressed,suppressed,0,zero
Delaware,2017,Black or African American,Hispanic or Latino,10,2017,2054-5,2135-2,293,observed,Suppressed,suppressed
Delaware,2017,Black or African American,Not Hispanic or Latino,10,2017,2054-5,2186-5,2818,observed,Suppressed,suppressed
Delaware,2017,Black or African American,Unknown or Not Stated,10,2017,2054-5,9,Suppressed,suppressed,0,zero
Delaware,2017,More than one race,Hispanic or Latino,10,2017,M,2135-2,35,observed,0,zero
Delaware,2017,More than one race,Not Hispanic or Latino,10,2017,M,2186-5,297,observed,0,zero
Delaware,2017,More than one race,Unknown or Not Stated,10,2017,M,9,Suppressed,suppressed,0,zero
Delaware,2017,Native Hawaiian or Other Pacific Islander,Hispanic or Latino,10,2017,NHOPI,2135-2,Suppressed,suppressed,0,zero
Delaware,2017,Native Hawaiian or Other Pacific Islander,Not Hispanic or Latino,10,2017,NHOPI,2186-5,Suppressed,suppressed,0,zero
Delaware,2017,White,Hispanic or Latino,10,2017,2106-3,2135-2,1354,observed,Suppressed,suppressed
Delaware,2017,White,Not Hispanic or Latino,10,2017,2106-3,2186-5,5309,observed,11,observed
Delaware,2017,White,Unknown or Not Stated,10,2017,2106-3,9,Suppressed,suppressed,0,zero
Delaware,2018,American Indian or Alaska Native,Hispanic or Latino,10,2018,1002-5,2135-2,Suppressed,suppressed,0,zero
Delaware,2018,American Indian or Alaska Native,Not Hispanic or Latino,10,2018,1002-5,2186-5,10,observed,0,zero
Delaware,2018,Asian,Hispanic or Latino,10,2018,A,2135-2,13,observed,0,zero
Delaware,2018,Asian,Not Hispanic or Latino,10,2018,A,2186-5,634,observed,Suppressed,suppressed
Delaware,2018,Asian,Unknown or Not Stated,10,2018,A,9,Suppressed,suppressed,0,zero
Delaware,2018,Black or African American,Hispanic or Latino,10,2018,2054-5,2135-2,240,observed,0,zero
Delaware,2018,Black or African American,Not Hispanic or Latino,10,2018,2054-5,2186-5,2773,observed,Suppressed,suppressed
Delaware,2018,Black or African American,Unknown or Not Stated,10,2018,2054-5,9,20,observed,0,zero
Delaware,2018,More than one race,Hispanic or Latino,10,2018,M,2135-2,30,observed,0,zero
Delaware,2018,More than one race,Not Hispanic or Latino,10,2018,M,2186-5,283,observed,0,zero
Delaware,2018,More than one race,Unknown or Not Stated,10,2018,M,9,Suppressed,suppressed,0,zero
Delaware,2018,Native Hawaiian or Other Pacific Islander,Hispanic or Latino,10,2018,NHOPI,2135-2,Suppressed,suppressed,0,zero
Delaware,2018,Native Hawaiian or Other Pacific Islander,Not Hispanic or Latino,10,2018,NHOPI,2186-5,Suppressed,suppressed,0,zero
Delaware,2018,White,Hispanic or Latino,10,2018,2106-3,2135-2,1415,observed,Suppressed,suppressed
Delaware,2018,White,Not Hispanic or Latino,10,2018,2106-3,2186-5,5171,observed,Suppressed,suppressed
Delaware,2018,White,Unknown or Not Stated,10,2018,2106-3,9,11,observed,0,zero
Delaware,2019,American Indian or Alaska Native,Hispanic or Latino,10,2019,1002-5,2135-2,10,observed,0,zero
Delaware,2019,American Indian or Alaska Native,Not Hispanic or Latino,10,2019,1002-5,2186-5,14,observed,0,zero
Delaware,2019,American Indian or Alaska Native,Unknown or Not Stated,10,2019,1002-5,9,Suppressed,suppressed,0,zero
Delaware,2019,Asian,Hispanic or Latino,10,2019,A,2135-2,15,observed,0,zero
Delaware,2019,Asian,Not Hispanic or Latino,10,2019,A,2186-5,624,observed,0,zero
Delaware,2019,Asian,Unknown or Not Stated,10,2019,A,9,Suppressed,suppressed,0,zero
Delaware,2019,Black or African American,Hispanic or Latino,10,2019,2054-5,2135-2,248,observed,0,zero
Delaware,2019,Black or African American,Not Hispanic or Latino,10,2019,2054-5,2186-5,2804,observed,Suppressed,suppressed
Delaware,2019,Black or African American,Unknown or Not Stated,10,2019,2054-5,9,12,observed,0,zero
Delaware,2019,More than one race,Hispanic or Latino,10,2019,M,2135-2,43,observed,0,zero
Delaware,2019,More than one race,Not Hispanic or Latino,10,2019,M,2186-5,329,observed,0,zero
Delaware,2019,More than one race,Unknown or Not Stated,10,2019,M,9,Suppressed,suppressed,0,zero
Delaware,2019,Native Hawaiian or Other Pacific Islander,Hispanic or Latino,10,2019,NHOPI,2135-2,23,observed,0,zero
Delaware,2019,Native Hawaiian or Other Pacific Islander,Not Hispanic or Latino,10,2019,NHOPI,2186-5,Suppressed,suppressed,0,zero
Delaware,2019,White,Hispanic or Latino,10,2019,2106-3,2135-2,1398,observed,Suppressed,suppressed
Delaware,2019,White,Not Hispanic or Latino,10,2019,2106-3,2186-5,5024,observed,Suppressed,suppressed
Delaware,2019,White,Unknown or Not Stated,10,2019,2106-3,9,11,observed,0,zero
Delaware,2020,American Indian or Alaska Native,Hispanic or Latino,10,2020,1002-5,2135-2,13,observed,0,zero
Delaware,2020,American Indian or Alaska Native,Not Hispanic or Latino,10,2020,1002-5,2186-5,18,observed,0,zero
Delaware,2020,American Indian or Alaska Native,Unknown or Not Stated,10,2020,1002-5,9,Suppressed,suppressed,0,zero
Delaware,2020,Asian,Hispanic or Latino,10,2020,A,2135-2,Suppressed,suppressed,0,zero
Delaware,2020,Asian,Not Hispanic or Latino,10,2020,A,2186-5,617,observed,0,zero
Delaware,2020,Asian,Unknown or Not Stated,10,2020,A,9,Suppressed,suppressed,0,zero
Delaware,2020,Black or African American,Hispanic or Latino,10,2020,2054-5,2135-2,252,observed,0,zero
Delaware,2020,Black or African American,Not Hispanic or Latino,10,2020,2054-5,2186-5,2722,observed,Suppressed,suppressed
Delaware,2020,Black or African American,Unknown or Not Stated,10,2020,2054-5,9,15,observed,0,zero
Delaware,2020,More than one race,Hispanic or Latino,10,2020,M,2135-2,39,observed,0,zero
Delaware,2020,More than one race,Not Hispanic or Latino,10,2020,M,2186-5,281,observed,0,zero
Delaware,2020,More than one race,Unknown or Not Stated,10,2020,M,9,Suppressed,suppressed,0,zero
Delaware,2020,Native Hawaiian or Other Pacific Islander,Hispanic or Latino,10,2020,NHOPI,2135-2,15,observed,0,zero
Delaware,2020,Native Hawaiian or Other Pacific Islander,Not Hispanic or Latino,10,2020,NHOPI,2186-5,Suppressed,suppressed,0,zero
Delaware,2020,White,Hispanic or Latino,10,2020,2106-3,2135-2,1443,observed,Suppressed,suppressed
Delaware,2020,White,Not Hispanic or Latino,10,2020,2106-3,2186-5,4949,observed,Suppressed,suppressed
Delaware,2020,White,Unknown or Not Stated,10,2020,2106-3,9,16,observed,0,zero
Delaware,2021,American Indian or Alaska Native,Hispanic or Latino,10,2021,1002-5,2135-2,Suppressed,suppressed,0,zero
Delaware,2021,American Indian or Alaska Native,Not Hispanic or Latino,10,2021,1002-5,2186-5,12,observed,0,zero
Delaware,2021,Asian,Hispanic or Latino,10,2021,A,2135-2,Suppressed,suppressed,0,zero
Delaware,2021,Asian,Not Hispanic or Latino,10,2021,A,2186-5,538,observed,0,zero
Delaware,2021,Asian,Unknown or Not Stated,10,2021,A,9,Suppressed,suppressed,0,zero
Delaware,2021,Black or African American,Hispanic or Latino,10,2021,2054-5,2135-2,229,observed,0,zero
Delaware,2021,Black or African American,Not Hispanic or Latino,10,2021,2054-5,2186-5,2711,observed,0,zero
Delaware,2021,Black or African American,Unknown or Not Stated,10,2021,2054-5,9,26,observed,0,zero
Delaware,2021,More than one race,Hispanic or Latino,10,2021,M,2135-2,46,observed,0,zero
Delaware,2021,More than one race,Not Hispanic or Latino,10,2021,M,2186-5,305,observed,0,zero
Delaware,2021,More than one race,Unknown or Not Stated,10,2021,M,9,Suppressed,suppressed,0,zero
Delaware,2021,Native Hawaiian or Other Pacific Islander,Hispanic or Latino,10,2021,NHOPI,2135-2,12,observed,0,zero
Delaware,2021,Native Hawaiian or Other Pacific Islander,Not Hispanic or Latino,10,2021,NHOPI,2186-5,Suppressed,suppressed,0,zero
Delaware,2021,White,Hispanic or Latino,10,2021,2106-3,2135-2,1525,observed,Suppressed,suppressed
Delaware,2021,White,Not Hispanic or Latino,10,2021,2106-3,2186-5,5042,observed,Suppressed,suppressed
Delaware,2021,White,Unknown or Not Stated,10,2021,2106-3,9,18,observed,0,zero
Delaware,2022,American Indian or Alaska Native,Hispanic or Latino,10,2022,1002-5,2135-2,Suppressed,suppressed,0,zero
Delaware,2022,American Indian or Alaska Native,Not Hispanic or Latino,10,2022,1002-5,2186-5,13,observed,0,zero
Delaware,2022,Asian,Hispanic or Latino,10,2022,A,2135-2,13,observed,0,zero
Delaware,2022,Asian,Not Hispanic or Latino,10,2022,A,2186-5,553,observed,0,zero
Delaware,2022,Asian,Unknown or Not Stated,10,2022,A,9,Suppressed,suppressed,0,zero
Delaware,2022,Black or African American,Hispanic or Latino,10,2022,2054-5,2135-2,270,observed,0,zero
Delaware,2022,Black or African American,Not Hispanic or Latino,10,2022,2054-5,2186-5,2853,observed,Suppressed,suppressed
Delaware,2022,Black or African American,Unknown or Not Stated,10,2022,2054-5,9,22,observed,0,zero
Delaware,2022,More than one race,Hispanic or Latino,10,2022,M,2135-2,36,observed,0,zero
Delaware,2022,More than one race,Not Hispanic or Latino,10,2022,M,2186-5,310,observed,Suppressed,suppressed
Delaware,2022,More than one race,Unknown or Not Stated,10,2022,M,9,Suppressed,suppressed,0,zero
Delaware,2022,Native Hawaiian or Other Pacific Islander,Hispanic or Latino,10,2022,NHOPI,2135-2,26,observed,Suppressed,suppressed
Delaware,2022,Native Hawaiian or Other Pacific Islander,Not Hispanic or Latino,10,2022,NHOPI,2186-5,Suppressed,suppressed,0,zero
Delaware,2022,White,Hispanic or Latino,10,2022,2106-3,2135-2,1642,observed,Suppressed,suppressed
Delaware,2022,White,Not Hispanic or Latino,10,2022,2106-3,2186-5,5035,observed,0,zero
Delaware,2022,White,Unknown or Not Stated,10,2022,2106-3,9,24,observed,0,zero
Delaware,2023,American Indian or Alaska Native,Hispanic or Latino,10,2023,1002-5,2135-2,14,observed,0,zero
Delaware,2023,American Indian or Alaska Native,Not Hispanic or Latino,10,2023,1002-5,2186-5,17,observed,0,zero
Delaware,2023,American Indian or Alaska Native,Unknown or Not Stated,10,2023,1002-5,9,Suppressed,suppressed,0,zero
Delaware,2023,Asian,Hispanic or Latino,10,2023,A,2135-2,20,observed,0,zero
Delaware,2023,Asian,Not Hispanic or Latino,10,2023,A,2186-5,621,observed,0,zero
Delaware,2023,Asian,Unknown or Not Stated,10,2023,A,9,Suppressed,suppressed,0,zero
Delaware,2023,Black or African American,Hispanic or Latino,10,2023,2054-5,2135-2,263,observed,0,zero
Delaware,2023,Black or African American,Not Hispanic or Latino,10,2023,2054-5,2186-5,2694,observed,Suppressed,suppressed
Delaware,2023,Black or African American,Unknown or Not Stated,10,2023,2054-5,9,30,observed,0,zero
Delaware,2023,More than one race,Hispanic or Latino,10,2023,M,2135-2,43,observed,0,zero
Delaware,2023,More than one race,Not Hispanic or Latino,10,2023,M,2186-5,313,observed,0,zero
Delaware,2023,More than one race,Unknown or Not Stated,10,2023,M,9,Suppressed,suppressed,0,zero
Delaware,2023,Native Hawaiian or Other Pacific Islander,Hispanic or Latino,10,2023,NHOPI,2135-2,10,observed,0,zero
Delaware,2023,Native Hawaiian or Other Pacific Islander,Not Hispanic or Latino,10,2023,NHOPI,2186-5,Suppressed,suppressed,0,zero
Delaware,2023,White,Hispanic or Latino,10,2023,2106-3,2135-2,1665,observed,Suppressed,suppressed
Delaware,2023,White,Not Hispanic or Latino,10,2023,2106-3,2186-5,4702,observed,Suppressed,suppressed
Delaware,2023,White,Unknown or Not Stated,10,2023,2106-3,9,23,observed,Suppressed,suppressed
Delaware,2024,American Indian or Alaska Native,Hispanic or Latino,10,2024,1002-5,2135-2,14,observed,0,zero
Delaware,2024,American Indian or Alaska Native,Not Hispanic or Latino,10,2024,1002-5,2186-5,18,observed,0,zero
Delaware,2024,Asian,Hispanic or Latino,10,2024,A,2135-2,21,observed,0,zero
Delaware,2024,Asian,Not Hispanic or Latino,10,2024,A,2186-5,599,observed,0,zero
Delaware,2024,Black or African American,Hispanic or Latino,10,2024,2054-5,2135-2,317,observed,0,zero
Delaware,2024,Black or African American,Not Hispanic or Latino,10,2024,2054-5,2186-5,2711,observed,Suppressed,suppressed
Delaware,2024,Black or African American,Unknown or Not Stated,10,2024,2054-5,9,21,observed,0,zero
Delaware,2024,More than one race,Hispanic or Latino,10,2024,M,2135-2,39,observed,0,zero
Delaware,2024,More than one race,Not Hispanic or Latino,10,2024,M,2186-5,344,observed,0,zero
Delaware,2024,More than one race,Unknown or Not Stated,10,2024,M,9,Suppressed,suppressed,0,zero
Delaware,2024,Native Hawaiian or Other Pacific Islander,Hispanic or Latino,10,2024,NHOPI,2135-2,31,observed,0,zero
Delaware,2024,Native Hawaiian or Other Pacific Islander,Not Hispanic or Latino,10,2024,NHOPI,2186-5,Suppressed,suppressed,0,zero
Delaware,2024,White,Hispanic or Latino,10,2024,2106-3,2135-2,1790,observed,Suppressed,suppressed
Delaware,2024,White,Not Hispanic or Latino,10,2024,2106-3,2186-5,4626,observed,Suppressed,suppressed
Delaware,2024,White,Unknown or Not Stated,10,2024,2106-3,9,14,observed,0,zero
District of Columbia,2016,American Indian or Alaska Native,Hispanic or Latino,11,2016,1002-5,2135-2,Suppressed,suppressed,0,zero
District of Columbia,2016,American Indian or Alaska Native,Not Hispanic or Latino,11,2016,1002-5,2186-5,Suppressed,suppressed,0,zero
District of Columbia,2016,Asian,Hispanic or Latino,11,2016,A,2135-2,59,observed,0,zero
District of Columbia,2016,Asian,Not Hispanic or Latino,11,2016,A,2186-5,436,observed,0,zero
District of Columbia,2016,Asian,Unknown or Not Stated,11,2016,A,9,Suppressed,suppressed,0,zero
District of Columbia,2016,Black or African American,Hispanic or Latino,11,2016,2054-5,2135-2,669,observed,0,zero
District of Columbia,2016,Black or African American,Not Hispanic or Latino,11,2016,2054-5,2186-5,4804,observed,Suppressed,suppressed
District of Columbia,2016,Black or African American,Unknown or Not Stated,11,2016,2054-5,9,Suppressed,suppressed,0,zero
District of Columbia,2016,More than one race,Hispanic or Latino,11,2016,M,2135-2,17,observed,0,zero
District of Columbia,2016,More than one race,Not Hispanic or Latino,11,2016,M,2186-5,171,observed,0,zero
District of Columbia,2016,More than one race,Unknown or Not Stated,11,2016,M,9,Suppressed,suppressed,0,zero
District of Columbia,2016,Native Hawaiian or Other Pacific Islander,Hispanic or Latino,11,2016,NHOPI,2135-2,15,observed,0,zero
District of Columbia,2016,Native Hawaiian or Other Pacific Islander,Not Hispanic or Latino,11,2016,NHOPI,2186-5,Suppressed,suppressed,0,zero
District of Columbia,2016,White,Hispanic or Latino,11,2016,2106-3,2135-2,580,observed,0,zero
District of Columbia,2016,White,Not Hispanic or Latino,11,2016,2106-3,2186-5,3071,observed,0,zero
District of Columbia,2016,White,Unknown or Not Stated,11,2016,2106-3,9,Suppressed,suppressed,0,zero
District of Columbia,2017,American Indian or Alaska Native,Hispanic or Latino,11,2017,1002-5,2135-2,Suppressed,suppressed,Suppressed,suppressed
District of Columbia,2017,American Indian or Alaska Native,Not Hispanic or Latino,11,2017,1002-5,2186-5,Suppressed,suppressed,0,zero
District of Columbia,2017,Asian,Hispanic or Latino,11,2017,A,2135-2,77,observed,0,zero
District of Columbia,2017,Asian,Not Hispanic or Latino,11,2017,A,2186-5,396,observed,0,zero
District of Columbia,2017,Black or African American,Hispanic or Latino,11,2017,2054-5,2135-2,627,observed,0,zero
District of Columbia,2017,Black or African American,Not Hispanic or Latino,11,2017,2054-5,2186-5,4573,observed,Suppressed,suppressed
District of Columbia,2017,Black or African American,Unknown or Not Stated,11,2017,2054-5,9,Suppressed,suppressed,0,zero
District of Columbia,2017,More than one race,Hispanic or Latino,11,2017,M,2135-2,11,observed,0,zero
District of Columbia,2017,More than one race,Not Hispanic or Latino,11,2017,M,2186-5,196,observed,Suppressed,suppressed
District of Columbia,2017,Native Hawaiian or Other Pacific Islander,Hispanic or Latino,11,2017,NHOPI,2135-2,24,observed,0,zero
District of Columbia,2017,Native Hawaiian or Other Pacific Islander,Not Hispanic or Latino,11,2017,NHOPI,2186-5,Suppressed,suppressed,0,zero
District of Columbia,2017,White,Hispanic or Latino,11,2017,2106-3,2135-2,591,observed,Suppressed,suppressed
District of Columbia,2017,White,Not Hispanic or Latino,11,2017,2106-3,2186-5,3042,observed,Suppressed,suppressed
District of Columbia,2017,White,Unknown or Not Stated,11,2017,2106-3,9,Suppressed,suppressed,0,zero
District of Columbia,2018,American Indian or Alaska Native,Hispanic or Latino,11,2018,1002-5,2135-2,10,observed,0,zero
District of Columbia,2018,American Indian or Alaska Native,Not Hispanic or Latino,11,2018,1002-5,2186-5,15,observed,0,zero
District of Columbia,2018,Asian,Hispanic or Latino,11,2018,A,2135-2,32,observed,0,zero
District of Columbia,2018,Asian,Not Hispanic or Latino,11,2018,A,2186-5,444,observed,0,zero
District of Columbia,2018,Black or African American,Hispanic or Latino,11,2018,2054-5,2135-2,256,observed,0,zero
District of Columbia,2018,Black or African American,Not Hispanic or Latino,11,2018,2054-5,2186-5,4252,observed,Suppressed,suppressed
District of Columbia,2018,Black or African American,Unknown or Not Stated,11,2018,2054-5,9,Suppressed,suppressed,0,zero
District of Columbia,2018,More than one race,Hispanic or Latino,11,2018,M,2135-2,20,observed,0,zero
District of Columbia,2018,More than one race,Not Hispanic or Latino,11,2018,M,2186-5,162,observed,0,zero
District of Columbia,2018,Native Hawaiian or Other Pacific Islander,Hispanic or Latino,11,2018,NHOPI,2135-2,47,observed,0,zero
District of Columbia,2018,Native Hawaiian or Other Pacific Islander,Not Hispanic or Latino,11,2018,NHOPI,2186-5,Suppressed,suppressed,0,zero
District of Columbia,2018,White,Hispanic or Latino,11,2018,2106-3,2135-2,931,observed,0,zero
District of Columbia,2018,White,Not Hispanic or Latino,11,2018,2106-3,2186-5,3040,observed,0,zero
District of Columbia,2019,American Indian or Alaska Native,Hispanic or Latino,11,2019,1002-5,2135-2,14,observed,0,zero
District of Columbia,2019,American Indian or Alaska Native,Not Hispanic or Latino,11,2019,1002-5,2186-5,11,observed,0,zero
District of Columbia,2019,Asian,Hispanic or Latino,11,2019,A,2135-2,30,observed,0,zero
District of Columbia,2019,Asian,Not Hispanic or Latino,11,2019,A,2186-5,392,observed,0,zero
District of Columbia,2019,Black or African American,Hispanic or Latino,11,2019,2054-5,2135-2,284,observed,0,zero
District of Columbia,2019,Black or African American,Not Hispanic or Latino,11,2019,2054-5,2186-5,4131,observed,Suppressed,suppressed
District of Columbia,2019,Black or African American,Unknown or Not Stated,11,2019,2054-5,9,Suppressed,suppressed,0,zero
District of Columbia,2019,More than one race,Hispanic or Latino,11,2019,M,2135-2,18,observed,0,zero
District of Columbia,2019,More than one race,Not Hispanic or Latino,11,2019,M,2186-5,199,observed,0,zero
District of Columbia,2019,Native Hawaiian or Other Pacific Islander,Hispanic or Latino,11,2019,NHOPI,2135-2,19,observed,0,zero
District of Columbia,2019,Native Hawaiian or Other Pacific Islander,Not Hispanic or Latino,11,2019,NHOPI,2186-5,Suppressed,suppressed,0,zero
District of Columbia,2019,White,Hispanic or Latino,11,2019,2106-3,2135-2,989,observed,Suppressed,suppressed
District of Columbia,2019,White,Not Hispanic or Latino,11,2019,2106-3,2186-5,2985,observed,0,zero
District of Columbia,2019,White,Unknown or Not Stated,11,2019,2106-3,9,Suppressed,suppressed,0,zero
District of Columbia,2020,American Indian or Alaska Native,Hispanic or Latino,11,2020,1002-5,2135-2,59,observed,0,zero
District of Columbia,2020,American Indian or Alaska Native,Not Hispanic or Latino,11,2020,1002-5,2186-5,Suppressed,suppressed,0,zero
District of Columbia,2020,Asian,Hispanic or Latino,11,2020,A,2135-2,35,observed,0,zero
District of Columbia,2020,Asian,Not Hispanic or Latino,11,2020,A,2186-5,393,observed,0,zero
District of Columbia,2020,Asian,Unknown or Not Stated,11,2020,A,9,Suppressed,suppressed,0,zero
District of Columbia,2020,Black or African American,Hispanic or Latino,11,2020,2054-5,2135-2,270,observed,0,zero
District of Columbia,2020,Black or African American,Not Hispanic or Latino,11,2020,2054-5,2186-5,3992,observed,Suppressed,suppressed
District of Columbia,2020,Black or African American,Unknown or Not Stated,11,2020,2054-5,9,Suppressed,suppressed,0,zero
District of Columbia,2020,More than one race,Hispanic or Latino,11,2020,M,2135-2,20,observed,0,zero
District of Columbia,2020,More than one race,Not Hispanic or Latino,11,2020,M,2186-5,177,observed,0,zero
District of Columbia,2020,Native Hawaiian or Other Pacific Islander,Hispanic or Latino,11,2020,NHOPI,2135-2,Suppressed,suppressed,0,zero
District of Columbia,2020,Native Hawaiian or Other Pacific Islander,Not Hispanic or Latino,11,2020,NHOPI,2186-5,Suppressed,suppressed,0,zero
District of Columbia,2020,White,Hispanic or Latino,11,2020,2106-3,2135-2,962,observed,Suppressed,suppressed
District of Columbia,2020,White,Not Hispanic or Latino,11,2020,2106-3,2186-5,2947,observed,0,zero
District of Columbia,2020,White,Unknown or Not Stated,11,2020,2106-3,9,Suppressed,suppressed,0,zero
District of Columbia,2021,American Indian or Alaska Native,Hispanic or Latino,11,2021,1002-5,2135-2,22,observed,0,zero
District of Columbia,2021,American Indian or Alaska Native,Not Hispanic or Latino,11,2021,1002-5,2186-5,14,observed,0,zero
District of Columbia,2021,American Indian or Alaska Native,Unknown or Not Stated,11,2021,1002-5,9,Suppressed,suppressed,0,zero
District of Columbia,2021,Asian,Hispanic or Latino,11,2021,A,2135-2,42,observed,Suppressed,suppressed
District of Columbia,2021,Asian,Not Hispanic or Latino,11,2021,A,2186-5,402,observed,0,zero
District of Columbia,2021,Asian,Unknown or Not Stated,11,2021,A,9,Suppressed,suppressed,0,zero
District of Columbia,2021,Black or African American,Hispanic or Latino,11,2021,2054-5,2135-2,278,observed,Suppressed,suppressed
District of Columbia,2021,Black or African American,Not Hispanic or Latino,11,2021,2054-5,2186-5,3591,observed,0,zero
District of Columbia,2021,More than one race,Hispanic or Latino,11,2021,M,2135-2,16,observed,0,zero
District of Columbia,2021,More than one race,Not Hispanic or Latino,11,2021,M,2186-5,335,observed,0,zero
District of Columbia,2021,More than one race,Unknown or Not Stated,11,2021,M,9,Suppressed,suppressed,0,zero
District of Columbia,2021,Native Hawaiian or Other Pacific Islander,Hispanic or Latino,11,2021,NHOPI,2135-2,Suppressed,suppressed,0,zero
District of Columbia,2021,Native Hawaiian or Other Pacific Islander,Not Hispanic or Latino,11,2021,NHOPI,2186-5,Suppressed,suppressed,0,zero
District of Columbia,2021,White,Hispanic or Latino,11,2021,2106-3,2135-2,974,observed,0,zero
District of Columbia,2021,White,Not Hispanic or Latino,11,2021,2106-3,2186-5,2959,observed,Suppressed,suppressed
District of Columbia,2021,White,Unknown or Not Stated,11,2021,2106-3,9,10,observed,0,zero
District of Columbia,2022,American Indian or Alaska Native,Hispanic or Latino,11,2022,1002-5,2135-2,15,observed,0,zero
District of Columbia,2022,American Indian or Alaska Native,Not Hispanic or Latino,11,2022,1002-5,2186-5,11,observed,0,zero
District of Columbia,2022,Asian,Hispanic or Latino,11,2022,A,2135-2,35,observed,0,zero
District of Columbia,2022,Asian,Not Hispanic or Latino,11,2022,A,2186-5,393,observed,0,zero
District of Columbia,2022,Asian,Unknown or Not Stated,11,2022,A,9,Suppressed,suppressed,0,zero
District of Columbia,2022,Black or African American,Hispanic or Latino,11,2022,2054-5,2135-2,241,observed,Suppressed,suppressed
District of Columbia,2022,Black or African American,Not Hispanic or Latino,11,2022,2054-5,2186-5,3495,observed,Suppressed,suppressed
District of Columbia,2022,Black or African American,Unknown or Not Stated,11,2022,2054-5,9,Suppressed,suppressed,0,zero
District of Columbia,2022,More than one race,Hispanic or Latino,11,2022,M,2135-2,27,observed,0,zero
District of Columbia,2022,More than one race,Not Hispanic or Latino,11,2022,M,2186-5,197,observed,0,zero
District of Columbia,2022,Native Hawaiian or Other Pacific Islander,Hispanic or Latino,11,2022,NHOPI,2135-2,12,observed,0,zero
District of Columbia,2022,Native Hawaiian or Other Pacific Islander,Not Hispanic or Latino,11,2022,NHOPI,2186-5,Suppressed,suppressed,0,zero
District of Columbia,2022,White,Hispanic or Latino,11,2022,2106-3,2135-2,1018,observed,Suppressed,suppressed
District of Columbia,2022,White,Not Hispanic or Latino,11,2022,2106-3,2186-5,2602,observed,0,zero
District of Columbia,2022,White,Unknown or Not Stated,11,2022,2106-3,9,12,observed,0,zero
District of Columbia,2023,American Indian or Alaska Native,Hispanic or Latino,11,2023,1002-5,2135-2,42,observed,0,zero
District of Columbia,2023,American Indian or Alaska Native,Not Hispanic or Latino,11,2023,1002-5,2186-5,10,observed,0,zero
District of Columbia,2023,Asian,Hispanic or Latino,11,2023,A,2135-2,25,observed,0,zero
District of Columbia,2023,Asian,Not Hispanic or Latino,11,2023,A,2186-5,347,observed,0,zero
District of Columbia,2023,Asian,Unknown or Not Stated,11,2023,A,9,Suppressed,suppressed,0,zero
District of Columbia,2023,Black or African American,Hispanic or Latino,11,2023,2054-5,2135-2,262,observed,0,zero
District of Columbia,2023,Black or African American,Not Hispanic or Latino,11,2023,2054-5,2186-5,3362,observed,Suppressed,suppressed
District of Columbia,2023,Black or African American,Unknown or Not Stated,11,2023,2054-5,9,Suppressed,suppressed,0,zero
District of Columbia,2023,More than one race,Hispanic or Latino,11,2023,M,2135-2,19,observed,0,zero
District of Columbia,2023,More than one race,Not Hispanic or Latino,11,2023,M,2186-5,173,observed,0,zero
District of Columbia,2023,Native Hawaiian or Other Pacific Islander,Hispanic or Latino,11,2023,NHOPI,2135-2,24,observed,0,zero
District of Columbia,2023,Native Hawaiian or Other Pacific Islander,Not Hispanic or Latino,11,2023,NHOPI,2186-5,Suppressed,suppressed,0,zero
District of Columbia,2023,White,Hispanic or Latino,11,2023,2106-3,2135-2,1041,observed,Suppressed,suppressed
District of Columbia,2023,White,Not Hispanic or Latino,11,2023,2106-3,2186-5,2570,observed,Suppressed,suppressed
District of Columbia,2023,White,Unknown or Not Stated,11,2023,2106-3,9,Suppressed,suppressed,0,zero
District of Columbia,2024,American Indian or Alaska Native,Hispanic or Latino,11,2024,1002-5,2135-2,32,observed,0,zero
District of Columbia,2024,American Indian or Alaska Native,Not Hispanic or Latino,11,2024,1002-5,2186-5,13,observed,0,zero
District of Columbia,2024,Asian,Hispanic or Latino,11,2024,A,2135-2,12,observed,0,zero
District of Columbia,2024,Asian,Not Hispanic or Latino,11,2024,A,2186-5,373,observed,0,zero
District of Columbia,2024,Asian,Unknown or Not Stated,11,2024,A,9,Suppressed,suppressed,0,zero
District of Columbia,2024,Black or African American,Hispanic or Latino,11,2024,2054-5,2135-2,249,observed,0,zero
District of Columbia,2024,Black or African American,Not Hispanic or Latino,11,2024,2054-5,2186-5,3188,observed,0,zero
District of Columbia,2024,Black or African American,Unknown or Not Stated,11,2024,2054-5,9,23,observed,0,zero
District of Columbia,2024,More than one race,Hispanic or Latino,11,2024,M,2135-2,26,observed,0,zero
District of Columbia,2024,More than one race,Not Hispanic or Latino,11,2024,M,2186-5,173,observed,0,zero
District of Columbia,2024,Native Hawaiian or Other Pacific Islander,Hispanic or Latino,11,2024,NHOPI,2135-2,Suppressed,suppressed,0,zero
District of Columbia,2024,Native Hawaiian or Other Pacific Islander,Not Hispanic or Latino,11,2024,NHOPI,2186-5,Suppressed,suppressed,0,zero
District of Columbia,2024,White,Hispanic or Latino,11,2024,2106-3,2135-2,1078,observed,Suppressed,suppressed
District of Columbia,2024,White,Not Hispanic or Latino,11,2024,2106-3,2186-5,2415,observed,0,zero
District of Columbia,2024,White,Unknown or Not Stated,11,2024,2106-3,9,29,observed,0,zero
Florida,2016,American Indian or Alaska Native,Hispanic or Latino,12,2016,1002-5,2135-2,79,observed,0,zero
Florida,2016,American Indian or Alaska Native,Not Hispanic or Latino,12,2016,1002-5,2186-5,237,observed,0,zero
Florida,2016,American Indian or Alaska Native,Unknown or Not Stated,12,2016,1002-5,9,Suppressed,suppressed,0,zero
Florida,2016,Asian,Hispanic or Latino,12,2016,A,2135-2,886,observed,0,zero
Florida,2016,Asian,Not Hispanic or Latino,12,2016,A,2186-5,7178,observed,Suppressed,suppressed
Florida,2016,Asian,Unknown or Not Stated,12,2016,A,9,22,observed,0,zero
Florida,2016,Black or African American,Hispanic or Latino,12,2016,2054-5,2135-2,7449,observed,Suppressed,suppressed
Florida,2016,Black or African American,Not Hispanic or Latino,12,2016,2054-5,2186-5,48928,observed,10,observed
Florida,2016,Black or African American,Unknown or Not Stated,12,2016,2054-5,9,217,observed,0,zero
Florida,2016,More than one race,Hispanic or Latino,12,2016,M,2135-2,324,observed,0,zero
Florida,2016,More than one race,Not Hispanic or Latino,12,2016,M,2186-5,2491,observed,Suppressed,suppressed
Florida,2016,More than one race,Unknown or Not Stated,12,2016,M,9,13,observed,0,zero
Florida,2016,Native Hawaiian or Other Pacific Islander,Hispanic or Latino,12,2016,NHOPI,2135-2,52,observed,0,zero
Florida,2016,Native Hawaiian or Other Pacific Islander,Not Hispanic or Latino,12,2016,NHOPI,2186-5,136,observed,0,zero
Florida,2016,Native Hawaiian or Other Pacific Islander,Unknown or Not Stated,12,2016,NHOPI,9,Suppressed,suppressed,0,zero
Florida,2016,White,Hispanic or Latino,12,2016,2106-3,2135-2,57105,observed,13,observed
Florida,2016,White,Not Hispanic or Latino,12,2016,2106-3,2186-5,99344,observed,24,observed
Florida,2016,White,Unknown or Not Stated,12,2016,2106-3,9,557,observed,0,zero
Florida,2017,American Indian or Alaska Native,Hispanic or Latino,12,2017,1002-5,2135-2,122,observed,0,zero
Florida,2017,American Indian or Alaska Native,Not Hispanic or Latino,12,2017,1002-5,2186-5,270,observed,0,zero
Florida,2017,American Indian or Alaska Native,Unknown or Not Stated,12,2017,1002-5,9,Suppressed,suppressed,0,zero
Florida,2017,Asian,Hispanic or Latino,12,2017,A,2135-2,887,observed,Suppressed,suppressed
Florida,2017,Asian,Not Hispanic or Latino,12,2017,A,2186-5,7015,observed,0,zero
Florida,2017,Asian,Unknown or Not Stated,12,2017,A,9,13,observed,0,zero
Florida,2017,Black or African American,Hispanic or Latino,12,2017,2054-5,2135-2,7759,observed,Suppressed,suppressed
Florida,2017,Black or African American,Not Hispanic or Latino,12,2017,2054-5,2186-5,49428,observed,Suppressed,suppressed
Florida,2017,Black or African American,Unknown or Not Stated,12,2017,2054-5,9,132,observed,0,zero
Florida,2017,More than one race,Hispanic or Latino,12,2017,M,2135-2,442,observed,0,zero
Florida,2017,More than one race,Not Hispanic or Latino,12,2017,M,2186-5,2812,observed,Suppressed,suppressed
Florida,2017,More than one race,Unknown or Not Stated,12,2017,M,9,22,observed,0,zero
Florida,2017,Native Hawaiian or Other Pacific Islander,Hispanic or Latino,12,2017,NHOPI,2135-2,61,observed,0,zero
Florida,2017,Native Hawaiian or Other Pacific Islander,Not Hispanic or Latino,12,2017,NHOPI,2186-5,159,observed,0,zero
Florida,2017,Native Hawaiian or Other Pacific Islander,Unknown or Not Stated,12,2017,NHOPI,9,Suppressed,suppressed,0,zero
Florida,2017,White,Hispanic or Latino,12,2017,2106-3,2135-2,57778,observed,18,observed
Florida,2017,White,Not Hispanic or Latino,12,2017,2106-3,2186-5,96280,observed,16,observed
Florida,2017,White,Unknown or Not Stated,12,2017,2106-3,9,446,observed,0,zero
Florida,2018,American Indian or Alaska Native,Hispanic or Latino,12,2018,1002-5,2135-2,211,observed,0,zero
Florida,2018,American Indian or Alaska Native,Not Hispanic or Latino,12,2018,1002-5,2186-5,261,observed,0,zero
Florida,2018,Asian,Hispanic or Latino,12,2018,A,2135-2,395,observed,0,zero
Florida,2018,Asian,Not Hispanic or Latino,12,2018,A,2186-5,6996,observed,Suppressed,suppressed
Florida,2018,Asian,Unknown or Not Stated,12,2018,A,9,Suppressed,suppressed,0,zero
Florida,2018,Black or African American,Hispanic or Latino,12,2018,2054-5,2135-2,4135,observed,0,zero
Florida,2018,Black or African American,Not Hispanic or Latino,12,2018,2054-5,2186-5,48174,observed,12,observed
Florida,2018,Black or African American,Unknown or Not Stated,12,2018,2054-5,9,40,observed,0,zero
Florida,2018,More than one race,Hispanic or Latino,12,2018,M,2135-2,428,observed,0,zero
Florida,2018,More than one race,Not Hispanic or Latino,12,2018,M,2186-5,2745,observed,0,zero
Florida,2018,More than one race,Unknown or Not Stated,12,2018,M,9,Suppressed,suppressed,0,zero
Florida,2018,Native Hawaiian or Other Pacific Islander,Hispanic or Latino,12,2018,NHOPI,2135-2,55,observed,0,zero
Florida,2018,Native Hawaiian or Other Pacific Islander,Not Hispanic or Latino,12,2018,NHOPI,2186-5,152,observed,0,zero
Florida,2018,Native Hawaiian or Other Pacific Islander,Unknown or Not Stated,12,2018,NHOPI,9,Suppressed,suppressed,0,zero
Florida,2018,White,Hispanic or Latino,12,2018,2106-3,2135-2,61977,observed,14,observed
Florida,2018,White,Not Hispanic or Latino,12,2018,2106-3,2186-5,95868,observed,26,observed
Florida,2018,White,Unknown or Not Stated,12,2018,2106-3,9,100,observed,0,zero
Florida,2019,American Indian or Alaska Native,Hispanic or Latino,12,2019,1002-5,2135-2,167,observed,0,zero
Florida,2019,American Indian or Alaska Native,Not Hispanic or Latino,12,2019,1002-5,2186-5,234,observed,0,zero
Florida,2019,Asian,Hispanic or Latino,12,2019,A,2135-2,368,observed,0,zero
Florida,2019,Asian,Not Hispanic or Latino,12,2019,A,2186-5,7069,observed,0,zero
Florida,2019,Asian,Unknown or Not Stated,12,2019,A,9,Suppressed,suppressed,0,zero
Florida,2019,Black or African American,Hispanic or Latino,12,2019,2054-5,2135-2,4437,observed,Suppressed,suppressed
Florida,2019,Black or African American,Not Hispanic or Latino,12,2019,2054-5,2186-5,47730,observed,Suppressed,suppressed
Florida,2019,Black or African American,Unknown or Not Stated,12,2019,2054-5,9,35,observed,0,zero
Florida,2019,More than one race,Hispanic or Latino,12,2019,M,2135-2,399,observed,0,zero
Florida,2019,More than one race,Not Hispanic or Latino,12,2019,M,2186-5,2898,observed,Suppressed,suppressed
Florida,2019,Native Hawaiian or Other Pacific Islander,Hispanic or Latino,12,2019,NHOPI,2135-2,32,observed,0,zero
Florida,2019,Native Hawaiian or Other Pacific Islander,Not Hispanic or Latino,12,2019,NHOPI,2186-5,166,observed,0,zero
Florida,2019,White,Hispanic or Latino,12,2019,2106-3,2135-2,62831,observed,11,observed
Florida,2019,White,Not Hispanic or Latino,12,2019,2106-3,2186-5,93590,observed,27,observed
Florida,2019,White,Unknown or Not Stated,12,2019,2106-3,9,42,observed,0,zero
Florida,2020,American Indian or Alaska Native,Hispanic or Latino,12,2020,1002-5,2135-2,109,observed,0,zero
Florida,2020,American Indian or Alaska Native,Not Hispanic or Latino,12,2020,1002-5,2186-5,229,observed,0,zero
Florida,2020,American Indian or Alaska Native,Unknown or Not Stated,12,2020,1002-5,9,Suppressed,suppressed,0,zero
Florida,2020,Asian,Hispanic or Latino,12,2020,A,2135-2,371,observed,0,zero
Florida,2020,Asian,Not Hispanic or Latino,12,2020,A,2186-5,6539,observed,0,zero
Florida,2020,Asian,Unknown or Not Stated,12,2020,A,9,12,observed,0,zero
Florida,2020,Black or African American,Hispanic or Latino,12,2020,2054-5,2135-2,4652,observed,0,zero
Florida,2020,Black or African American,Not Hispanic or Latino,12,2020,2054-5,2186-5,45585,observed,11,observed
Florida,2020,Black or African American,Unknown or Not Stated,12,2020,2054-5,9,35,observed,0,zero
Florida,2020,More than one race,Hispanic or Latino,12,2020,M,2135-2,453,observed,0,zero
Florida,2020,More than one race,Not Hispanic or Latino,12,2020,M,2186-5,2823,observed,0,zero
Florida,2020,Native Hawaiian or Other Pacific Islander,Hispanic or Latino,12,2020,NHOPI,2135-2,55,observed,0,zero
Florida,2020,Native Hawaiian or Other Pacific Islander,Not Hispanic or Latino,12,2020,NHOPI,2186-5,145,observed,0,zero
Florida,2020,Native Hawaiian or Other Pacific Islander,Unknown or Not Stated,12,2020,NHOPI,9,Suppressed,suppressed,0,zero
Florida,2020,White,Hispanic or Latino,12,2020,2106-3,2135-2,60516,observed,12,observed
Florida,2020,White,Not Hispanic or Latino,12,2020,2106-3,2186-5,88080,observed,24,observed
Florida,2020,White,Unknown or Not Stated,12,2020,2106-3,9,65,observed,0,zero
Florida,2021,American Indian or Alaska Native,Hispanic or Latino,12,2021,1002-5,2135-2,165,observed,0,zero
Florida,2021,American Indian or Alaska Native,Not Hispanic or Latino,12,2021,1002-5,2186-5,227,observed,0,zero
Florida,2021,Asian,Hispanic or Latino,12,2021,A,2135-2,410,observed,Suppressed,suppressed
Florida,2021,Asian,Not Hispanic or Latino,12,2021,A,2186-5,6506,observed,Suppressed,suppressed
Florida,2021,Asian,Unknown or Not Stated,12,2021,A,9,10,observed,0,zero
Florida,2021,Black or African American,Hispanic or Latino,12,2021,2054-5,2135-2,4805,observed,Suppressed,suppressed
Florida,2021,Black or African American,Not Hispanic or Latino,12,2021,2054-5,2186-5,45710,observed,Suppressed,suppressed
Florida,2021,Black or African American,Unknown or Not Stated,12,2021,2054-5,9,52,observed,0,zero
Florida,2021,More than one race,Hispanic or Latino,12,2021,M,2135-2,471,observed,0,zero
Florida,2021,More than one race,Not Hispanic or Latino,12,2021,M,2186-5,2912,observed,Suppressed,suppressed
Florida,2021,More than one race,Unknown or Not Stated,12,2021,M,9,Suppressed,suppressed,0,zero
Florida,2021,Native Hawaiian or Other Pacific Islander,Hispanic or Latino,12,2021,NHOPI,2135-2,75,observed,0,zero
Florida,2021,Native Hawaiian or Other Pacific Islander,Not Hispanic or Latino,12,2021,NHOPI,2186-5,151,observed,0,zero
Florida,2021,Native Hawaiian or Other Pacific Islander,Unknown or Not Stated,12,2021,NHOPI,9,Suppressed,suppressed,0,zero
Florida,2021,White,Hispanic or Latino,12,2021,2106-3,2135-2,63449,observed,19,observed
Florida,2021,White,Not Hispanic or Latino,12,2021,2106-3,2186-5,91223,observed,29,observed
Florida,2021,White,Unknown or Not Stated,12,2021,2106-3,9,91,observed,0,zero
Florida,2022,American Indian or Alaska Native,Hispanic or Latino,12,2022,1002-5,2135-2,238,observed,0,zero
Florida,2022,American Indian or Alaska Native,Not Hispanic or Latino,12,2022,1002-5,2186-5,231,observed,0,zero
Florida,2022,Asian,Hispanic or Latino,12,2022,A,2135-2,452,observed,0,zero
Florida,2022,Asian,Not Hispanic or Latino,12,2022,A,2186-5,6592,observed,Suppressed,suppressed
Florida,2022,Asian,Unknown or Not Stated,12,2022,A,9,10,observed,0,zero
Florida,2022,Black or African American,Hispanic or Latino,12,2022,2054-5,2135-2,5114,observed,Suppressed,suppressed
Florida,2022,Black or African American,Not Hispanic or Latino,12,2022,2054-5,2186-5,47635,observed,Suppressed,suppressed
Florida,2022,Black or African American,Unknown or Not Stated,12,2022,2054-5,9,33,observed,0,zero
Florida,2022,More than one race,Hispanic or Latino,12,2022,M,2135-2,492,observed,0,zero
Florida,2022,More than one race,Not Hispanic or Latino,12,2022,M,2186-5,3077,observed,0,zero
Florida,2022,More than one race,Unknown or Not Stated,12,2022,M,9,Suppressed,suppressed,0,zero
Florida,2022,Native Hawaiian or Other Pacific Islander,Hispanic or Latino,12,2022,NHOPI,2135-2,97,observed,0,zero
Florida,2022,Native Hawaiian or Other Pacific Islander,Not Hispanic or Latino,12,2022,NHOPI,2186-5,155,observed,0,zero
Florida,2022,White,Hispanic or Latino,12,2022,2106-3,2135-2,68471,observed,Suppressed,suppressed
Florida,2022,White,Not Hispanic or Latino,12,2022,2106-3,2186-5,91763,observed,23,observed
Florida,2022,White,Unknown or Not Stated,12,2022,2106-3,9,72,observed,0,zero
Florida,2023,American Indian or Alaska Native,Hispanic or Latino,12,2023,1002-5,2135-2,256,observed,0,zero
Florida,2023,American Indian or Alaska Native,Not Hispanic or Latino,12,2023,1002-5,2186-5,239,observed,0,zero
Florida,2023,American Indian or Alaska Native,Unknown or Not Stated,12,2023,1002-5,9,Suppressed,suppressed,0,zero
Florida,2023,Asian,Hispanic or Latino,12,2023,A,2135-2,409,observed,0,zero
Florida,2023,Asian,Not Hispanic or Latino,12,2023,A,2186-5,6789,observed,Suppressed,suppressed
Florida,2023,Asian,Unknown or Not Stated,12,2023,A,9,Suppressed,suppressed,0,zero
Florida,2023,Black or African American,Hispanic or Latino,12,2023,2054-5,2135-2,5462,observed,Suppressed,suppressed
Florida,2023,Black or African American,Not Hispanic or Latino,12,2023,2054-5,2186-5,44898,observed,23,observed
Florida,2023,Black or African American,Unknown or Not Stated,12,2023,2054-5,9,28,observed,0,zero
Florida,2023,More than one race,Hispanic or Latino,12,2023,M,2135-2,477,observed,Suppressed,suppressed
Florida,2023,More than one race,Not Hispanic or Latino,12,2023,M,2186-5,3110,observed,Suppressed,suppressed
Florida,2023,More than one race,Unknown or Not Stated,12,2023,M,9,Suppressed,suppressed,0,zero
Florida,2023,Native Hawaiian or Other Pacific Islander,Hispanic or Latino,12,2023,NHOPI,2135-2,92,observed,0,zero
Florida,2023,Native Hawaiian or Other Pacific Islander,Not Hispanic or Latino,12,2023,NHOPI,2186-5,169,observed,0,zero
Florida,2023,Native Hawaiian or Other Pacific Islander,Unknown or Not Stated,12,2023,NHOPI,9,Suppressed,suppressed,0,zero
Florida,2023,White,Hispanic or Latino,12,2023,2106-3,2135-2,69291,observed,19,observed
Florida,2023,White,Not Hispanic or Latino,12,2023,2106-3,2186-5,90118,observed,38,observed
Florida,2023,White,Unknown or Not Stated,12,2023,2106-3,9,60,observed,0,zero
Florida,2024,American Indian or Alaska Native,Hispanic or Latino,12,2024,1002-5,2135-2,290,observed,0,zero
Florida,2024,American Indian or Alaska Native,Not Hispanic or Latino,12,2024,1002-5,2186-5,222,observed,0,zero
Florida,2024,American Indian or Alaska Native,Unknown or Not Stated,12,2024,1002-5,9,Suppressed,suppressed,0,zero
Florida,2024,Asian,Hispanic or Latino,12,2024,A,2135-2,493,observed,0,zero
Florida,2024,Asian,Not Hispanic or Latino,12,2024,A,2186-5,7112,observed,Suppressed,suppressed
Florida,2024,Asian,Unknown or Not Stated,12,2024,A,9,39,observed,0,zero
Florida,2024,Black or African American,Hispanic or Latino,12,2024,2054-5,2135-2,5370,observed,Suppressed,suppressed
Florida,2024,Black or African American,Not Hispanic or Latino,12,2024,2054-5,2186-5,42908,observed,15,observed
Florida,2024,Black or African American,Unknown or Not Stated,12,2024,2054-5,9,164,observed,0,zero
Florida,2024,More than one race,Hispanic or Latino,12,2024,M,2135-2,562,observed,0,zero
Florida,2024,More than one race,Not Hispanic or Latino,12,2024,M,2186-5,3143,observed,Suppressed,suppressed
Florida,2024,More than one race,Unknown or Not Stated,12,2024,M,9,21,observed,0,zero
Florida,2024,Native Hawaiian or Other Pacific Islander,Hispanic or Latino,12,2024,NHOPI,2135-2,123,observed,0,zero
Florida,2024,Native Hawaiian or Other Pacific Islander,Not Hispanic or Latino,12,2024,NHOPI,2186-5,155,observed,0,zero
Florida,2024,Native Hawaiian or Other Pacific Islander,Unknown or Not Stated,12,2024,NHOPI,9,Suppressed,suppressed,0,zero
Florida,2024,White,Hispanic or Latino,12,2024,2106-3,2135-2,72643,observed,25,observed
Florida,2024,White,Not Hispanic or Latino,12,2024,2106-3,2186-5,90531,observed,35,observed
Florida,2024,White,Unknown or Not Stated,12,2024,2106-3,9,609,observed,0,zero
Georgia,2016,American Indian or Alaska Native,Hispanic or Latino,13,2016,1002-5,2135-2,85,observed,0,zero
Georgia,2016,American Indian or Alaska Native,Not Hispanic or Latino,13,2016,1002-5,2186-5,125,observed,0,zero
Georgia,2016,American Indian or Alaska Native,Unknown or Not Stated,13,2016,1002-5,9,Suppressed,suppressed,0,zero
Georgia,2016,Asian,Hispanic or Latino,13,2016,A,2135-2,475,observed,0,zero
Georgia,2016,Asian,Not Hispanic or Latino,13,2016,A,2186-5,5879,observed,Suppressed,suppressed
Georgia,2016,Asian,Unknown or Not Stated,13,2016,A,9,80,observed,0,zero
Georgia,2016,Black or African American,Hispanic or Latino,13,2016,2054-5,2135-2,2826,observed,0,zero
Georgia,2016,Black or African American,Not Hispanic or Latino,13,2016,2054-5,2186-5,44408,observed,19,observed
Georgia,2016,Black or African American,Unknown or Not Stated,13,2016,2054-5,9,531,observed,0,zero
Georgia,2016,More than one race,Hispanic or Latino,13,2016,M,2135-2,159,observed,0,zero
Georgia,2016,More than one race,Not Hispanic or Latino,13,2016,M,2186-5,2248,observed,Suppressed,suppressed
Georgia,2016,More than one race,Unknown or Not Stated,13,2016,M,9,31,observed,0,zero
Georgia,2016,Native Hawaiian or Other Pacific Islander,Hispanic or Latino,13,2016,NHOPI,2135-2,72,observed,0,zero
Georgia,2016,Native Hawaiian or Other Pacific Islander,Not Hispanic or Latino,13,2016,NHOPI,2186-5,102,observed,0,zero
Georgia,2016,Native Hawaiian or Other Pacific Islander,Unknown or Not Stated,13,2016,NHOPI,9,Suppressed,suppressed,0,zero
Georgia,2016,White,Hispanic or Latino,13,2016,2106-3,2135-2,14340,observed,10,observed
Georgia,2016,White,Not Hispanic or Latino,13,2016,2106-3,2186-5,57971,observed,36,observed
Georgia,2016,White,Unknown or Not Stated,13,2016,2106-3,9,703,observed,0,zero
Georgia,2017,American Indian or Alaska Native,Hispanic or Latino,13,2017,1002-5,2135-2,82,observed,0,zero
Georgia,2017,American Indian or Alaska Native,Not Hispanic or Latino,13,2017,1002-5,2186-5,113,observed,0,zero
Georgia,2017,American Indian or Alaska Native,Unknown or Not Stated,13,2017,1002-5,9,Suppressed,suppressed,0,zero
Georgia,2017,Asian,Hispanic or Latino,13,2017,A,2135-2,418,observed,Suppressed,suppressed
Georgia,2017,Asian,Not Hispanic or Latino,13,2017,A,2186-5,6039,observed,Suppressed,suppressed
Georgia,2017,Asian,Unknown or Not Stated,13,2017,A,9,76,observed,0,zero
Georgia,2017,Black or African American,Hispanic or Latino,13,2017,2054-5,2135-2,2337,observed,0,zero
Georgia,2017,Black or African American,Not Hispanic or Latino,13,2017,2054-5,2186-5,44447,observed,11,observed
Georgia,2017,Black or African American,Unknown or Not Stated,13,2017,2054-5,9,525,observed,0,zero
Georgia,2017,More than one race,Hispanic or Latino,13,2017,M,2135-2,204,observed,0,zero
Georgia,2017,More than one race,Not Hispanic or Latino,13,2017,M,2186-5,2375,observed,0,zero
Georgia,2017,More than one race,Unknown or Not Stated,13,2017,M,9,30,observed,0,zero
Georgia,2017,Native Hawaiian or Other Pacific Islander,Hispanic or Latino,13,2017,NHOPI,2135-2,64,observed,0,zero
Georgia,2017,Native Hawaiian or Other Pacific Islander,Not Hispanic or Latino,13,2017,NHOPI,2186-5,110,observed,0,zero
Georgia,2017,Native Hawaiian or Other Pacific Islander,Unknown or Not Stated,13,2017,NHOPI,9,Suppressed,suppressed,0,zero
Georgia,2017,White,Hispanic or Latino,13,2017,2106-3,2135-2,14849,observed,Suppressed,suppressed
Georgia,2017,White,Not Hispanic or Latino,13,2017,2106-3,2186-5,56985,observed,25,observed
Georgia,2017,White,Unknown or Not Stated,13,2017,2106-3,9,581,observed,Suppressed,suppressed
Georgia,2018,American Indian or Alaska Native,Hispanic or Latino,13,2018,1002-5,2135-2,70,observed,0,zero
Georgia,2018,American Indian or Alaska Native,Not Hispanic or Latino,13,2018,1002-5,2186-5,102,observed,0,zero
Georgia,2018,American Indian or Alaska Native,Unknown or Not Stated,13,2018,1002-5,9,Suppressed,suppressed,0,zero
Georgia,2018,Asian,Hispanic or Latino,13,2018,A,2135-2,283,observed,0,zero
Georgia,2018,Asian,Not Hispanic or Latino,13,2018,A,2186-5,5768,observed,Suppressed,suppressed
Georgia,2018,Asian,Unknown or Not Stated,13,2018,A,9,63,observed,0,zero
Georgia,2018,Black or African American,Hispanic or Latino,13,2018,2054-5,2135-2,1131,observed,Suppressed,suppressed
Georgia,2018,Black or African American,Not Hispanic or Latino,13,2018,2054-5,2186-5,43746,observed,Suppressed,suppressed
Georgia,2018,Black or African American,Unknown or Not Stated,13,2018,2054-5,9,380,observed,Suppressed,suppressed
Georgia,2018,More than one race,Hispanic or Latino,13,2018,M,2135-2,188,observed,0,zero
Georgia,2018,More than one race,Not Hispanic or Latino,13,2018,M,2186-5,2398,observed,0,zero
Georgia,2018,More than one race,Unknown or Not Stated,13,2018,M,9,23,observed,0,zero
Georgia,2018,Native Hawaiian or Other Pacific Islander,Hispanic or Latino,13,2018,NHOPI,2135-2,95,observed,0,zero
Georgia,2018,Native Hawaiian or Other Pacific Islander,Not Hispanic or Latino,13,2018,NHOPI,2186-5,104,observed,0,zero
Georgia,2018,Native Hawaiian or Other Pacific Islander,Unknown or Not Stated,13,2018,NHOPI,9,Suppressed,suppressed,0,zero
Georgia,2018,White,Hispanic or Latino,13,2018,2106-3,2135-2,15665,observed,Suppressed,suppressed
Georgia,2018,White,Not Hispanic or Latino,13,2018,2106-3,2186-5,55676,observed,19,observed
Georgia,2018,White,Unknown or Not Stated,13,2018,2106-3,9,469,observed,0,zero
Georgia,2019,American Indian or Alaska Native,Hispanic or Latino,13,2019,1002-5,2135-2,61,observed,0,zero
Georgia,2019,American Indian or Alaska Native,Not Hispanic or Latino,13,2019,1002-5,2186-5,87,observed,0,zero
Georgia,2019,American Indian or Alaska Native,Unknown or Not Stated,13,2019,1002-5,9,Suppressed,suppressed,0,zero
Georgia,2019,Asian,Hispanic or Latino,13,2019,A,2135-2,225,observed,0,zero
Georgia,2019,Asian,Not Hispanic or Latino,13,2019,A,2186-5,5809,observed,0,zero
Georgia,2019,Asian,Unknown or Not Stated,13,2019,A,9,59,observed,0,zero
Georgia,2019,Black or African American,Hispanic or Latino,13,2019,2054-5,2135-2,1186,observed,0,zero
Georgia,2019,Black or African American,Not Hispanic or Latino,13,2019,2054-5,2186-5,43710,observed,18,observed
Georgia,2019,Black or African American,Unknown or Not Stated,13,2019,2054-5,9,375,observed,0,zero
Georgia,2019,More than one race,Hispanic or Latino,13,2019,M,2135-2,184,observed,0,zero
Georgia,2019,More than one race,Not Hispanic or Latino,13,2019,M,2186-5,2489,observed,0,zero
Georgia,2019,More than one race,Unknown or Not Stated,13,2019,M,9,15,observed,0,zero
Georgia,2019,Native Hawaiian or Other Pacific Islander,Hispanic or Latino,13,2019,NHOPI,2135-2,106,observed,0,zero
Georgia,2019,Native Hawaiian or Other Pacific Islander,Not Hispanic or Latino,13,2019,NHOPI,2186-5,99,observed,0,zero
Georgia,2019,Native Hawaiian or Other Pacific Islander,Unknown or Not Stated,13,2019,NHOPI,9,Suppressed,suppressed,0,zero
Georgia,2019,White,Hispanic or Latino,13,2019,2106-3,2135-2,16664,observed,10,observed
Georgia,2019,White,Not Hispanic or Latino,13,2019,2106-3,2186-5,54850,observed,38,observed
Georgia,2019,White,Unknown or Not Stated,13,2019,2106-3,9,447,observed,0,zero
Georgia,2020,American Indian or Alaska Native,Hispanic or Latino,13,2020,1002-5,2135-2,95,observed,0,zero
Georgia,2020,American Indian or Alaska Native,Not Hispanic or Latino,13,2020,1002-5,2186-5,115,observed,0,zero
Georgia,2020,American Indian or Alaska Native,Unknown or Not Stated,13,2020,1002-5,9,Suppressed,suppressed,0,zero
Georgia,2020,Asian,Hispanic or Latino,13,2020,A,2135-2,219,observed,0,zero
Georgia,2020,Asian,Not Hispanic or Latino,13,2020,A,2186-5,5579,observed,0,zero
Georgia,2020,Asian,Unknown or Not Stated,13,2020,A,9,54,observed,0,zero
Georgia,2020,Black or African American,Hispanic or Latino,13,2020,2054-5,2135-2,1315,observed,Suppressed,suppressed
Georgia,2020,Black or African American,Not Hispanic or Latino,13,2020,2054-5,2186-5,42373,observed,12,observed
Georgia,2020,Black or African American,Unknown or Not Stated,13,2020,2054-5,9,275,observed,0,zero
Georgia,2020,More than one race,Hispanic or Latino,13,2020,M,2135-2,223,observed,0,zero
Georgia,2020,More than one race,Not Hispanic or Latino,13,2020,M,2186-5,2461,observed,Suppressed,suppressed
Georgia,2020,More than one race,Unknown or Not Stated,13,2020,M,9,14,observed,0,zero
Georgia,2020,Native Hawaiian or Other Pacific Islander,Hispanic or Latino,13,2020,NHOPI,2135-2,116,observed,0,zero
Georgia,2020,Native Hawaiian or Other Pacific Islander,Not Hispanic or Latino,13,2020,NHOPI,2186-5,127,observed,0,zero
Georgia,2020,Native Hawaiian or Other Pacific Islander,Unknown or Not Stated,13,2020,NHOPI,9,Suppressed,suppressed,0,zero
Georgia,2020,White,Hispanic or Latino,13,2020,2106-3,2135-2,16447,observed,12,observed
Georgia,2020,White,Not Hispanic or Latino,13,2020,2106-3,2186-5,52717,observed,31,observed
Georgia,2020,White,Unknown or Not Stated,13,2020,2106-3,9,331,observed,0,zero
Georgia,2021,American Indian or Alaska Native,Hispanic or Latino,13,2021,1002-5,2135-2,79,observed,0,zero
Georgia,2021,American Indian or Alaska Native,Not Hispanic or Latino,13,2021,1002-5,2186-5,123,observed,0,zero
Georgia,2021,American Indian or Alaska Native,Unknown or Not Stated,13,2021,1002-5,9,Suppressed,suppressed,0,zero
Georgia,2021,Asian,Hispanic or Latino,13,2021,A,2135-2,267,observed,Suppressed,suppressed
Georgia,2021,Asian,Not Hispanic or Latino,13,2021,A,2186-5,5432,observed,Suppressed,suppressed
Georgia,2021,Asian,Unknown or Not Stated,13,2021,A,9,38,observed,0,zero
Georgia,2021,Black or African American,Hispanic or Latino,13,2021,2054-5,2135-2,1348,observed,Suppressed,suppressed
Georgia,2021,Black or African American,Not Hispanic or Latino,13,2021,2054-5,2186-5,41887,observed,16,observed
Georgia,2021,Black or African American,Unknown or Not Stated,13,2021,2054-5,9,222,observed,0,zero
Georgia,2021,More than one race,Hispanic or Latino,13,2021,M,2135-2,251,observed,0,zero
Georgia,2021,More than one race,Not Hispanic or Latino,13,2021,M,2186-5,2763,observed,0,zero
Georgia,2021,More than one race,Unknown or Not Stated,13,2021,M,9,12,observed,0,zero
Georgia,2021,Native Hawaiian or Other Pacific Islander,Hispanic or Latino,13,2021,NHOPI,2135-2,136,observed,0,zero
Georgia,2021,Native Hawaiian or Other Pacific Islander,Not Hispanic or Latino,13,2021,NHOPI,2186-5,118,observed,0,zero
Georgia,2021,Native Hawaiian or Other Pacific Islander,Unknown or Not Stated,13,2021,NHOPI,9,Suppressed,suppressed,0,zero
Georgia,2021,White,Hispanic or Latino,13,2021,2106-3,2135-2,17399,observed,14,observed
Georgia,2021,White,Not Hispanic or Latino,13,2021,2106-3,2186-5,53675,observed,24,observed
Georgia,2021,White,Unknown or Not Stated,13,2021,2106-3,9,317,observed,Suppressed,suppressed
Georgia,2022,American Indian or Alaska Native,Hispanic or Latino,13,2022,1002-5,2135-2,117,observed,0,zero
Georgia,2022,American Indian or Alaska Native,Not Hispanic or Latino,13,2022,1002-5,2186-5,104,observed,0,zero
Georgia,2022,American Indian or Alaska Native,Unknown or Not Stated,13,2022,1002-5,9,Suppressed,suppressed,0,zero
Georgia,2022,Asian,Hispanic or Latino,13,2022,A,2135-2,270,observed,0,zero
Georgia,2022,Asian,Not Hispanic or Latino,13,2022,A,2186-5,5640,observed,Suppressed,suppressed
Georgia,2022,Asian,Unknown or Not Stated,13,2022,A,9,37,observed,0,zero
Georgia,2022,Black or African American,Hispanic or Latino,13,2022,2054-5,2135-2,1405,observed,Suppressed,suppressed
Georgia,2022,Black or African American,Not Hispanic or Latino,13,2022,2054-5,2186-5,42042,observed,23,observed
Georgia,2022,Black or African American,Unknown or Not Stated,13,2022,2054-5,9,222,observed,0,zero
Georgia,2022,More than one race,Hispanic or Latino,13,2022,M,2135-2,258,observed,0,zero
Georgia,2022,More than one race,Not Hispanic or Latino,13,2022,M,2186-5,2800,observed,0,zero
Georgia,2022,More than one race,Unknown or Not Stated,13,2022,M,9,13,observed,0,zero
Georgia,2022,Native Hawaiian or Other Pacific Islander,Hispanic or Latino,13,2022,NHOPI,2135-2,165,observed,0,zero
Georgia,2022,Native Hawaiian or Other Pacific Islander,Not Hispanic or Latino,13,2022,NHOPI,2186-5,110,observed,0,zero
Georgia,2022,Native Hawaiian or Other Pacific Islander,Unknown or Not Stated,13,2022,NHOPI,9,Suppressed,suppressed,0,zero
Georgia,2022,White,Hispanic or Latino,13,2022,2106-3,2135-2,18987,observed,14,observed
Georgia,2022,White,Not Hispanic or Latino,13,2022,2106-3,2186-5,53638,observed,23,observed
Georgia,2022,White,Unknown or Not Stated,13,2022,2106-3,9,317,observed,0,zero
Georgia,2023,American Indian or Alaska Native,Hispanic or Latino,13,2023,1002-5,2135-2,128,observed,0,zero
Georgia,2023,American Indian or Alaska Native,Not Hispanic or Latino,13,2023,1002-5,2186-5,102,observed,0,zero
Georgia,2023,American Indian or Alaska Native,Unknown or Not Stated,13,2023,1002-5,9,Suppressed,suppressed,0,zero
Georgia,2023,Asian,Hispanic or Latino,13,2023,A,2135-2,253,observed,0,zero
Georgia,2023,Asian,Not Hispanic or Latino,13,2023,A,2186-5,5719,observed,Suppressed,suppressed
Georgia,2023,Asian,Unknown or Not Stated,13,2023,A,9,46,observed,0,zero
Georgia,2023,Black or African American,Hispanic or Latino,13,2023,2054-5,2135-2,1365,observed,Suppressed,suppressed
Georgia,2023,Black or African American,Not Hispanic or Latino,13,2023,2054-5,2186-5,41118,observed,10,observed
Georgia,2023,Black or African American,Unknown or Not Stated,13,2023,2054-5,9,287,observed,0,zero
Georgia,2023,More than one race,Hispanic or Latino,13,2023,M,2135-2,283,observed,0,zero
Georgia,2023,More than one race,Not Hispanic or Latino,13,2023,M,2186-5,2851,observed,Suppressed,suppressed
Georgia,2023,More than one race,Unknown or Not Stated,13,2023,M,9,27,observed,0,zero
Georgia,2023,Native Hawaiian or Other Pacific Islander,Hispanic or Latino,13,2023,NHOPI,2135-2,202,observed,0,zero
Georgia,2023,Native Hawaiian or Other Pacific Islander,Not Hispanic or Latino,13,2023,NHOPI,2186-5,119,observed,0,zero
Georgia,2023,Native Hawaiian or Other Pacific Islander,Unknown or Not Stated,13,2023,NHOPI,9,Suppressed,suppressed,0,zero
Georgia,2023,White,Hispanic or Latino,13,2023,2106-3,2135-2,19772,observed,12,observed
Georgia,2023,White,Not Hispanic or Latino,13,2023,2106-3,2186-5,52541,observed,23,observed
Georgia,2023,White,Unknown or Not Stated,13,2023,2106-3,9,295,observed,0,zero
Georgia,2024,American Indian or Alaska Native,Hispanic or Latino,13,2024,1002-5,2135-2,81,observed,0,zero
Georgia,2024,American Indian or Alaska Native,Not Hispanic or Latino,13,2024,1002-5,2186-5,113,observed,0,zero
Georgia,2024,American Indian or Alaska Native,Unknown or Not Stated,13,2024,1002-5,9,Suppressed,suppressed,0,zero
Georgia,2024,Asian,Hispanic or Latino,13,2024,A,2135-2,249,observed,0,zero
Georgia,2024,Asian,Not Hispanic or Latino,13,2024,A,2186-5,6023,observed,Suppressed,suppressed
Georgia,2024,Asian,Unknown or Not Stated,13,2024,A,9,44,observed,0,zero
Georgia,2024,Black or African American,Hispanic or Latino,13,2024,2054-5,2135-2,1278,observed,0,zero
Georgia,2024,Black or African American,Not Hispanic or Latino,13,2024,2054-5,2186-5,39320,observed,10,observed
Georgia,2024,Black or African American,Unknown or Not Stated,13,2024,2054-5,9,199,observed,Suppressed,suppressed
Georgia,2024,More than one race,Hispanic or Latino,13,2024,M,2135-2,300,observed,0,zero
Georgia,2024,More than one race,Not Hispanic or Latino,13,2024,M,2186-5,2992,observed,Suppressed,suppressed
Georgia,2024,More than one race,Unknown or Not Stated,13,2024,M,9,Suppressed,suppressed,0,zero
Georgia,2024,Native Hawaiian or Other Pacific Islander,Hispanic or Latino,13,2024,NHOPI,2135-2,212,observed,0,zero
Georgia,2024,Native Hawaiian or Other Pacific Islander,Not Hispanic or Latino,13,2024,NHOPI,2186-5,93,observed,0,zero
Georgia,2024,Native Hawaiian or Other Pacific Islander,Unknown or Not Stated,13,2024,NHOPI,9,Suppressed,suppressed,0,zero
Georgia,2024,White,Hispanic or Latino,13,2024,2106-3,2135-2,22015,observed,19,observed
Georgia,2024,White,Not Hispanic or Latino,13,2024,2106-3,2186-5,53236,observed,16,observed
Georgia,2024,White,Unknown or Not Stated,13,2024,2106-3,9,268,observed,0,zero
Hawaii,2016,American Indian or Alaska Native,Hispanic or Latino,15,2016,1002-5,2135-2,Suppressed,suppressed,0,zero
Hawaii,2016,American Indian or Alaska Native,Not Hispanic or Latino,15,2016,1002-5,2186-5,28,observed,0,zero
Hawaii,2016,Asian,Hispanic or Latino,15,2016,A,2135-2,23,observed,0,zero
Hawaii,2016,Asian,Not Hispanic or Latino,15,2016,A,2186-5,4616,observed,0,zero
Hawaii,2016,Asian,Unknown or Not Stated,15,2016,A,9,13,observed,0,zero
Hawaii,2016,Black or African American,Hispanic or Latino,15,2016,2054-5,2135-2,Suppressed,suppressed,0,zero
Hawaii,2016,Black or African American,Not Hispanic or Latino,15,2016,2054-5,2186-5,463,observed,0,zero
Hawaii,2016,Black or African American,Unknown or Not Stated,15,2016,2054-5,9,Suppressed,suppressed,0,zero
Hawaii,2016,More than one race,Hispanic or Latino,15,2016,M,2135-2,1700,observed,0,zero
Hawaii,2016,More than one race,Not Hispanic or Latino,15,2016,M,2186-5,4725,observed,Suppressed,suppressed
Hawaii,2016,More than one race,Unknown or Not Stated,15,2016,M,9,Suppressed,suppressed,0,zero
Hawaii,2016,Native Hawaiian or Other Pacific Islander,Hispanic or Latino,15,2016,NHOPI,2135-2,Suppressed,suppressed,0,zero
Hawaii,2016,Native Hawaiian or Other Pacific Islander,Not Hispanic or Latino,15,2016,NHOPI,2186-5,1747,observed,0,zero
Hawaii,2016,Native Hawaiian or Other Pacific Islander,Unknown or Not Stated,15,2016,NHOPI,9,17,observed,0,zero
Hawaii,2016,White,Hispanic or Latino,15,2016,2106-3,2135-2,1032,observed,0,zero
Hawaii,2016,White,Not Hispanic or Latino,15,2016,2106-3,2186-5,3649,observed,0,zero
Hawaii,2016,White,Unknown or Not Stated,15,2016,2106-3,9,25,observed,0,zero
Hawaii,2017,American Indian or Alaska Native,Hispanic or Latino,15,2017,1002-5,2135-2,Suppressed,suppressed,0,zero
Hawaii,2017,American Indian or Alaska Native,Not Hispanic or Latino,15,2017,1002-5,2186-5,39,observed,0,zero
Hawaii,2017,Asian,Hispanic or Latino,15,2017,A,2135-2,16,observed,0,zero
Hawaii,2017,Asian,Not Hispanic or Latino,15,2017,A,2186-5,4653,observed,Suppressed,suppressed
Hawaii,2017,Asian,Unknown or Not Stated,15,2017,A,9,20,observed,0,zero
Hawaii,2017,Black or African American,Hispanic or Latino,15,2017,2054-5,2135-2,Suppressed,suppressed,0,zero
Hawaii,2017,Black or African American,Not Hispanic or Latino,15,2017,2054-5,2186-5,406,observed,Suppressed,suppressed
Hawaii,2017,More than one race,Hispanic or Latino,15,2017,M,2135-2,1666,observed,0,zero
Hawaii,2017,More than one race,Not Hispanic or Latino,15,2017,M,2186-5,4604,observed,0,zero
Hawaii,2017,More than one race,Unknown or Not Stated,15,2017,M,9,Suppressed,suppressed,0,zero
Hawaii,2017,Native Hawaiian or Other Pacific Islander,Hispanic or Latino,15,2017,NHOPI,2135-2,11,observed,0,zero
Hawaii,2017,Native Hawaiian or Other Pacific Islander,Not Hispanic or Latino,15,2017,NHOPI,2186-5,1684,observed,0,zero
Hawaii,2017,Native Hawaiian or Other Pacific Islander,Unknown or Not Stated,15,2017,NHOPI,9,11,observed,0,zero
Hawaii,2017,White,Hispanic or Latino,15,2017,2106-3,2135-2,974,observed,Suppressed,suppressed
Hawaii,2017,White,Not Hispanic or Latino,15,2017,2106-3,2186-5,3407,observed,Suppressed,suppressed
Hawaii,2017,White,Unknown or Not Stated,15,2017,2106-3,9,17,observed,0,zero
Hawaii,2018,American Indian or Alaska Native,Hispanic or Latino,15,2018,1002-5,2135-2,Suppressed,suppressed,0,zero
Hawaii,2018,American Indian or Alaska Native,Not Hispanic or Latino,15,2018,1002-5,2186-5,33,observed,0,zero
Hawaii,2018,Asian,Hispanic or Latino,15,2018,A,2135-2,11,observed,0,zero
Hawaii,2018,Asian,Not Hispanic or Latino,15,2018,A,2186-5,4366,observed,0,zero
Hawaii,2018,Asian,Unknown or Not Stated,15,2018,A,9,30,observed,0,zero
Hawaii,2018,Black or African American,Hispanic or Latino,15,2018,2054-5,2135-2,Suppressed,suppressed,0,zero
Hawaii,2018,Black or African American,Not Hispanic or Latino,15,2018,2054-5,2186-5,424,observed,0,zero
Hawaii,2018,Black or African American,Unknown or Not Stated,15,2018,2054-5,9,Suppressed,suppressed,0,zero
Hawaii,2018,More than one race,Hispanic or Latino,15,2018,M,2135-2,1602,observed,0,zero
Hawaii,2018,More than one race,Not Hispanic or Latino,15,2018,M,2186-5,4513,observed,Suppressed,suppressed
Hawaii,2018,More than one race,Unknown or Not Stated,15,2018,M,9,Suppressed,suppressed,0,zero
Hawaii,2018,Native Hawaiian or Other Pacific Islander,Hispanic or Latino,15,2018,NHOPI,2135-2,Suppressed,suppressed,0,zero
Hawaii,2018,Native Hawaiian or Other Pacific Islander,Not Hispanic or Latino,15,2018,NHOPI,2186-5,1706,observed,0,zero
Hawaii,2018,Native Hawaiian or Other Pacific Islander,Unknown or Not Stated,15,2018,NHOPI,9,Suppressed,suppressed,0,zero
Hawaii,2018,White,Hispanic or Latino,15,2018,2106-3,2135-2,955,observed,0,zero
Hawaii,2018,White,Not Hispanic or Latino,15,2018,2106-3,2186-5,3288,observed,Suppressed,suppressed
Hawaii,2018,White,Unknown or Not Stated,15,2018,2106-3,9,22,observed,0,zero
Hawaii,2019,American Indian or Alaska Native,Hispanic or Latino,15,2019,1002-5,2135-2,Suppressed,suppressed,0,zero
Hawaii,2019,American Indian or Alaska Native,Not Hispanic or Latino,15,2019,1002-5,2186-5,27,observed,0,zero
Hawaii,2019,Asian,Hispanic or Latino,15,2019,A,2135-2,14,observed,0,zero
Hawaii,2019,Asian,Not Hispanic or Latino,15,2019,A,2186-5,4330,observed,0,zero
Hawaii,2019,Asian,Unknown or Not Stated,15,2019,A,9,29,observed,0,zero
Hawaii,2019,Black or African American,Hispanic or Latino,15,2019,2054-5,2135-2,Suppressed,suppressed,0,zero
Hawaii,2019,Black or African American,Not Hispanic or Latino,15,2019,2054-5,2186-5,429,observed,0,zero
Hawaii,2019,Black or African American,Unknown or Not Stated,15,2019,2054-5,9,Suppressed,suppressed,0,zero
Hawaii,2019,More than one race,Hispanic or Latino,15,2019,M,2135-2,1587,observed,0,zero
Hawaii,2019,More than one race,Not Hispanic or Latino,15,2019,M,2186-5,4449,observed,0,zero
Hawaii,2019,More than one race,Unknown or Not Stated,15,2019,M,9,Suppressed,suppressed,0,zero
Hawaii,2019,Native Hawaiian or Other Pacific Islander,Hispanic or Latino,15,2019,NHOPI,2135-2,Suppressed,suppressed,0,zero
Hawaii,2019,Native Hawaiian or Other Pacific Islander,Not Hispanic or Latino,15,2019,NHOPI,2186-5,1695,observed,0,zero
Hawaii,2019,Native Hawaiian or Other Pacific Islander,Unknown or Not Stated,15,2019,NHOPI,9,11,observed,0,zero
Hawaii,2019,White,Hispanic or Latino,15,2019,2106-3,2135-2,976,observed,0,zero
Hawaii,2019,White,Not Hispanic or Latino,15,2019,2106-3,2186-5,3223,observed,Suppressed,suppressed
Hawaii,2019,White,Unknown or Not Stated,15,2019,2106-3,9,11,observed,0,zero
Hawaii,2020,American Indian or Alaska Native,Hispanic or Latino,15,2020,1002-5,2135-2,Suppressed,suppressed,0,zero
Hawaii,2020,American Indian or Alaska Native,Not Hispanic or Latino,15,2020,1002-5,2186-5,25,observed,0,zero
Hawaii,2020,Asian,Hispanic or Latino,15,2020,A,2135-2,Suppressed,suppressed,0,zero
Hawaii,2020,Asian,Not Hispanic or Latino,15,2020,A,2186-5,3940,observed,0,zero
Hawaii,2020,Asian,Unknown or Not Stated,15,2020,A,9,24,observed,0,zero
Hawaii,2020,Black or African American,Hispanic or Latino,15,2020,2054-5,2135-2,Suppressed,suppressed,0,zero
Hawaii,2020,Black or African American,Not Hispanic or Latino,15,2020,2054-5,2186-5,383,observed,0,zero
Hawaii,2020,Black or African American,Unknown or Not Stated,15,2020,2054-5,9,Suppressed,suppressed,0,zero
Hawaii,2020,More than one race,Hispanic or Latino,15,2020,M,2135-2,1613,observed,0,zero
Hawaii,2020,More than one race,Not Hispanic or Latino,15,2020,M,2186-5,4118,observed,Suppressed,suppressed
Hawaii,2020,More than one race,Unknown or Not Stated,15,2020,M,9,Suppressed,suppressed,0,zero
Hawaii,2020,Native Hawaiian or Other Pacific Islander,Hispanic or Latino,15,2020,NHOPI,2135-2,Suppressed,suppressed,0,zero
Hawaii,2020,Native Hawaiian or Other Pacific Islander,Not Hispanic or Latino,15,2020,NHOPI,2186-5,1577,observed,0,zero
Hawaii,2020,Native Hawaiian or Other Pacific Islander,Unknown or Not Stated,15,2020,NHOPI,9,11,observed,0,zero
Hawaii,2020,White,Hispanic or Latino,15,2020,2106-3,2135-2,993,observed,0,zero
Hawaii,2020,White,Not Hispanic or Latino,15,2020,2106-3,2186-5,3060,observed,0,zero
Hawaii,2020,White,Unknown or Not Stated,15,2020,2106-3,9,21,observed,0,zero
Hawaii,2021,American Indian or Alaska Native,Hispanic or Latino,15,2021,1002-5,2135-2,Suppressed,suppressed,0,zero
Hawaii,2021,American Indian or Alaska Native,Not Hispanic or Latino,15,2021,1002-5,2186-5,23,observed,0,zero
Hawaii,2021,Asian,Hispanic or Latino,15,2021,A,2135-2,15,observed,0,zero
Hawaii,2021,Asian,Not Hispanic or Latino,15,2021,A,2186-5,3851,observed,0,zero
Hawaii,2021,Asian,Unknown or Not Stated,15,2021,A,9,37,observed,0,zero
Hawaii,2021,Black or African American,Hispanic or Latino,15,2021,2054-5,2135-2,Suppressed,suppressed,0,zero
Hawaii,2021,Black or African American,Not Hispanic or Latino,15,2021,2054-5,2186-5,342,observed,0,zero
Hawaii,2021,Black or African American,Unknown or Not Stated,15,2021,2054-5,9,Suppressed,suppressed,0,zero
Hawaii,2021,More than one race,Hispanic or Latino,15,2021,M,2135-2,1629,observed,Suppressed,suppressed
Hawaii,2021,More than one race,Not Hispanic or Latino,15,2021,M,2186-5,4283,observed,Suppressed,suppressed
Hawaii,2021,More than one race,Unknown or Not Stated,15,2021,M,9,Suppressed,suppressed,0,zero
Hawaii,2021,Native Hawaiian or Other Pacific Islander,Hispanic or Latino,15,2021,NHOPI,2135-2,Suppressed,suppressed,0,zero
Hawaii,2021,Native Hawaiian or Other Pacific Islander,Not Hispanic or Latino,15,2021,NHOPI,2186-5,1371,observed,0,zero
Hawaii,2021,Native Hawaiian or Other Pacific Islander,Unknown or Not Stated,15,2021,NHOPI,9,Suppressed,suppressed,0,zero
Hawaii,2021,White,Hispanic or Latino,15,2021,2106-3,2135-2,999,observed,0,zero
Hawaii,2021,White,Not Hispanic or Latino,15,2021,2106-3,2186-5,3018,observed,Suppressed,suppressed
Hawaii,2021,White,Unknown or Not Stated,15,2021,2106-3,9,22,observed,0,zero
Hawaii,2022,American Indian or Alaska Native,Hispanic or Latino,15,2022,1002-5,2135-2,Suppressed,suppressed,0,zero
Hawaii,2022,American Indian or Alaska Native,Not Hispanic or Latino,15,2022,1002-5,2186-5,30,observed,0,zero
Hawaii,2022,Asian,Hispanic or Latino,15,2022,A,2135-2,Suppressed,suppressed,0,zero
Hawaii,2022,Asian,Not Hispanic or Latino,15,2022,A,2186-5,3854,observed,0,zero
Hawaii,2022,Asian,Unknown or Not Stated,15,2022,A,9,17,observed,0,zero
Hawaii,2022,Black or African American,Hispanic or Latino,15,2022,2054-5,2135-2,Suppressed,suppressed,0,zero
Hawaii,2022,Black or African American,Not Hispanic or Latino,15,2022,2054-5,2186-5,326,observed,0,zero
Hawaii,2022,Black or African American,Unknown or Not Stated,15,2022,2054-5,9,Suppressed,suppressed,0,zero
Hawaii,2022,More than one race,Hispanic or Latino,15,2022,M,2135-2,1597,observed,0,zero
Hawaii,2022,More than one race,Not Hispanic or Latino,15,2022,M,2186-5,4188,observed,0,zero
Hawaii,2022,More than one race,Unknown or Not Stated,15,2022,M,9,Suppressed,suppressed,0,zero
Hawaii,2022,Native Hawaiian or Other Pacific Islander,Hispanic or Latino,15,2022,NHOPI,2135-2,10,observed,0,zero
Hawaii,2022,Native Hawaiian or Other Pacific Islander,Not Hispanic or Latino,15,2022,NHOPI,2186-5,1486,observed,0,zero
Hawaii,2022,Native Hawaiian or Other Pacific Islander,Unknown or Not Stated,15,2022,NHOPI,9,Suppressed,suppressed,0,zero
Hawaii,2022,White,Hispanic or Latino,15,2022,2106-3,2135-2,1075,observed,Suppressed,suppressed
Hawaii,2022,White,Not Hispanic or Latino,15,2022,2106-3,2186-5,2896,observed,Suppressed,suppressed
Hawaii,2022,White,Unknown or Not Stated,15,2022,2106-3,9,20,observed,0,zero
Hawaii,2023,American Indian or Alaska Native,Hispanic or Latino,15,2023,1002-5,2135-2,Suppressed,suppressed,0,zero
Hawaii,2023,American Indian or Alaska Native,Not Hispanic or Latino,15,2023,1002-5,2186-5,31,observed,0,zero
Hawaii,2023,Asian,Hispanic or Latino,15,2023,A,2135-2,16,observed,0,zero
Hawaii,2023,Asian,Not Hispanic or Latino,15,2023,A,2186-5,3524,observed,Suppressed,suppressed
Hawaii,2023,Asian,Unknown or Not Stated,15,2023,A,9,29,observed,0,zero
Hawaii,2023,Black or African American,Hispanic or Latino,15,2023,2054-5,2135-2,10,observed,0,zero
Hawaii,2023,Black or African American,Not Hispanic or Latino,15,2023,2054-5,2186-5,313,observed,0,zero
Hawaii,2023,Black or African American,Unknown or Not Stated,15,2023,2054-5,9,Suppressed,suppressed,0,zero
Hawaii,2023,More than one race,Hispanic or Latino,15,2023,M,2135-2,1534,observed,0,zero
Hawaii,2023,More than one race,Not Hispanic or Latino,15,2023,M,2186-5,4048,observed,0,zero
Hawaii,2023,More than one race,Unknown or Not Stated,15,2023,M,9,Suppressed,suppressed,0,zero
Hawaii,2023,Native Hawaiian or Other Pacific Islander,Hispanic or Latino,15,2023,NHOPI,2135-2,Suppressed,suppressed,0,zero
Hawaii,2023,Native Hawaiian or Other Pacific Islander,Not Hispanic or Latino,15,2023,NHOPI,2186-5,1396,observed,Suppressed,suppressed
Hawaii,2023,Native Hawaiian or Other Pacific Islander,Unknown or Not Stated,15,2023,NHOPI,9,17,observed,0,zero
Hawaii,2023,White,Hispanic or Latino,15,2023,2106-3,2135-2,1045,observed,0,zero
Hawaii,2023,White,Not Hispanic or Latino,15,2023,2106-3,2186-5,2806,observed,Suppressed,suppressed
Hawaii,2023,White,Unknown or Not Stated,15,2023,2106-3,9,31,observed,0,zero
Hawaii,2024,American Indian or Alaska Native,Hispanic or Latino,15,2024,1002-5,2135-2,Suppressed,suppressed,0,zero
Hawaii,2024,American Indian or Alaska Native,Not Hispanic or Latino,15,2024,1002-5,2186-5,23,observed,0,zero
Hawaii,2024,Asian,Hispanic or Latino,15,2024,A,2135-2,22,observed,0,zero
Hawaii,2024,Asian,Not Hispanic or Latino,15,2024,A,2186-5,3540,observed,Suppressed,suppressed
Hawaii,2024,Asian,Unknown or Not Stated,15,2024,A,9,27,observed,0,zero
Hawaii,2024,Black or African American,Hispanic or Latino,15,2024,2054-5,2135-2,Suppressed,suppressed,0,zero
Hawaii,2024,Black or African American,Not Hispanic or Latino,15,2024,2054-5,2186-5,301,observed,0,zero
Hawaii,2024,Black or African American,Unknown or Not Stated,15,2024,2054-5,9,Suppressed,suppressed,0,zero
Hawaii,2024,More than one race,Hispanic or Latino,15,2024,M,2135-2,1600,observed,0,zero
Hawaii,2024,More than one race,Not Hispanic or Latino,15,2024,M,2186-5,4037,observed,Suppressed,suppressed
Hawaii,2024,More than one race,Unknown or Not Stated,15,2024,M,9,Suppressed,suppressed,0,zero
Hawaii,2024,Native Hawaiian or Other Pacific Islander,Hispanic or Latino,15,2024,NHOPI,2135-2,Suppressed,suppressed,0,zero
Hawaii,2024,Native Hawaiian or Other Pacific Islander,Not Hispanic or Latino,15,2024,NHOPI,2186-5,1431,observed,0,zero
Hawaii,2024,Native Hawaiian or Other Pacific Islander,Unknown or Not Stated,15,2024,NHOPI,9,13,observed,0,zero
Hawaii,2024,White,Hispanic or Latino,15,2024,2106-3,2135-2,1060,observed,0,zero
Hawaii,2024,White,Not Hispanic or Latino,15,2024,2106-3,2186-5,2818,observed,Suppressed,suppressed
Hawaii,2024,White,Unknown or Not Stated,15,2024,2106-3,9,21,observed,0,zero
Idaho,2016,American Indian or Alaska Native,Hispanic or Latino,16,2016,1002-5,2135-2,101,observed,0,zero
Idaho,2016,American Indian or Alaska Native,Not Hispanic or Latino,16,2016,1002-5,2186-5,261,observed,Suppressed,suppressed
Idaho,2016,American Indian or Alaska Native,Unknown or Not Stated,16,2016,1002-5,9,Suppressed,suppressed,0,zero
Idaho,2016,Asian,Hispanic or Latino,16,2016,A,2135-2,29,observed,0,zero
Idaho,2016,Asian,Not Hispanic or Latino,16,2016,A,2186-5,363,observed,0,zero
Idaho,2016,Asian,Unknown or Not Stated,16,2016,A,9,Suppressed,suppressed,0,zero
Idaho,2016,Black or African American,Hispanic or Latino,16,2016,2054-5,2135-2,24,observed,0,zero
Idaho,2016,Black or African American,Not Hispanic or Latino,16,2016,2054-5,2186-5,217,observed,0,zero
Idaho,2016,Black or African American,Unknown or Not Stated,16,2016,2054-5,9,Suppressed,suppressed,0,zero
Idaho,2016,More than one race,Hispanic or Latino,16,2016,M,2135-2,54,observed,0,zero
Idaho,2016,More than one race,Not Hispanic or Latino,16,2016,M,2186-5,344,observed,Suppressed,suppressed
Idaho,2016,More than one race,Unknown or Not Stated,16,2016,M,9,Suppressed,suppressed,0,zero
Idaho,2016,Native Hawaiian or Other Pacific Islander,Hispanic or Latino,16,2016,NHOPI,2135-2,Suppressed,suppressed,0,zero
Idaho,2016,Native Hawaiian or Other Pacific Islander,Not Hispanic or Latino,16,2016,NHOPI,2186-5,58,observed,0,zero
Idaho,2016,White,Hispanic or Latino,16,2016,2106-3,2135-2,3399,observed,Suppressed,suppressed
Idaho,2016,White,Not Hispanic or Latino,16,2016,2106-3,2186-5,17543,observed,19,observed
Idaho,2016,White,Unknown or Not Stated,16,2016,2106-3,9,71,observed,0,zero
Idaho,2017,American Indian or Alaska Native,Hispanic or Latino,16,2017,1002-5,2135-2,77,observed,0,zero
Idaho,2017,American Indian or Alaska Native,Not Hispanic or Latino,16,2017,1002-5,2186-5,289,observed,0,zero
Idaho,2017,American Indian or Alaska Native,Unknown or Not Stated,16,2017,1002-5,9,Suppressed,suppressed,0,zero
Idaho,2017,Asian,Hispanic or Latino,16,2017,A,2135-2,42,observed,0,zero
Idaho,2017,Asian,Not Hispanic or Latino,16,2017,A,2186-5,366,observed,0,zero
Idaho,2017,Asian,Unknown or Not Stated,16,2017,A,9,Suppressed,suppressed,0,zero
Idaho,2017,Black or African American,Hispanic or Latino,16,2017,2054-5,2135-2,40,observed,0,zero
Idaho,2017,Black or African American,Not Hispanic or Latino,16,2017,2054-5,2186-5,243,observed,Suppressed,suppressed
Idaho,2017,Black or African American,Unknown or Not Stated,16,2017,2054-5,9,Suppressed,suppressed,0,zero
Idaho,2017,More than one race,Hispanic or Latino,16,2017,M,2135-2,54,observed,0,zero
Idaho,2017,More than one race,Not Hispanic or Latino,16,2017,M,2186-5,408,observed,Suppressed,suppressed
Idaho,2017,More than one race,Unknown or Not Stated,16,2017,M,9,Suppressed,suppressed,0,zero
Idaho,2017,Native Hawaiian or Other Pacific Islander,Hispanic or Latino,16,2017,NHOPI,2135-2,14,observed,0,zero
Idaho,2017,Native Hawaiian or Other Pacific Islander,Not Hispanic or Latino,16,2017,NHOPI,2186-5,48,observed,0,zero
Idaho,2017,White,Hispanic or Latino,16,2017,2106-3,2135-2,3371,observed,Suppressed,suppressed
Idaho,2017,White,Not Hispanic or Latino,16,2017,2106-3,2186-5,17151,observed,11,observed
Idaho,2017,White,Unknown or Not Stated,16,2017,2106-3,9,68,observed,0,zero
Idaho,2018,American Indian or Alaska Native,Hispanic or Latino,16,2018,1002-5,2135-2,89,observed,0,zero
Idaho,2018,American Indian or Alaska Native,Not Hispanic or Latino,16,2018,1002-5,2186-5,220,observed,0,zero
Idaho,2018,American Indian or Alaska Native,Unknown or Not Stated,16,2018,1002-5,9,Suppressed,suppressed,0,zero
Idaho,2018,Asian,Hispanic or Latino,16,2018,A,2135-2,39,observed,0,zero
Idaho,2018,Asian,Not Hispanic or Latino,16,2018,A,2186-5,348,observed,0,zero
Idaho,2018,Asian,Unknown or Not Stated,16,2018,A,9,Suppressed,suppressed,0,zero
Idaho,2018,Black or African American,Hispanic or Latino,16,2018,2054-5,2135-2,51,observed,0,zero
Idaho,2018,Black or African American,Not Hispanic or Latino,16,2018,2054-5,2186-5,233,observed,0,zero
Idaho,2018,Black or African American,Unknown or Not Stated,16,2018,2054-5,9,Suppressed,suppressed,0,zero
Idaho,2018,More than one race,Hispanic or Latino,16,2018,M,2135-2,63,observed,0,zero
Idaho,2018,More than one race,Not Hispanic or Latino,16,2018,M,2186-5,353,observed,0,zero
Idaho,2018,More than one race,Unknown or Not Stated,16,2018,M,9,Suppressed,suppressed,0,zero
Idaho,2018,Native Hawaiian or Other Pacific Islander,Hispanic or Latino,16,2018,NHOPI,2135-2,16,observed,0,zero
Idaho,2018,Native Hawaiian or Other Pacific Islander,Not Hispanic or Latino,16,2018,NHOPI,2186-5,65,observed,0,zero
Idaho,2018,White,Hispanic or Latino,16,2018,2106-3,2135-2,3291,observed,Suppressed,suppressed
Idaho,2018,White,Not Hispanic or Latino,16,2018,2106-3,2186-5,16574,observed,17,observed
Idaho,2018,White,Unknown or Not Stated,16,2018,2106-3,9,52,observed,0,zero
Idaho,2019,American Indian or Alaska Native,Hispanic or Latino,16,2019,1002-5,2135-2,125,observed,Suppressed,suppressed
Idaho,2019,American Indian or Alaska Native,Not Hispanic or Latino,16,2019,1002-5,2186-5,219,observed,0,zero
Idaho,2019,American Indian or Alaska Native,Unknown or Not Stated,16,2019,1002-5,9,Suppressed,suppressed,0,zero
Idaho,2019,Asian,Hispanic or Latino,16,2019,A,2135-2,38,observed,0,zero
Idaho,2019,Asian,Not Hispanic or Latino,16,2019,A,2186-5,350,observed,0,zero
Idaho,2019,Asian,Unknown or Not Stated,16,2019,A,9,Suppressed,suppressed,0,zero
Idaho,2019,Black or African American,Hispanic or Latino,16,2019,2054-5,2135-2,38,observed,0,zero
Idaho,2019,Black or African American,Not Hispanic or Latino,16,2019,2054-5,2186-5,261,observed,Suppressed,suppressed
Idaho,2019,Black or African American,Unknown or Not Stated,16,2019,2054-5,9,Suppressed,suppressed,0,zero
Idaho,2019,More than one race,Hispanic or Latino,16,2019,M,2135-2,88,observed,Suppressed,suppressed
Idaho,2019,More than one race,Not Hispanic or Latino,16,2019,M,2186-5,416,observed,0,zero
Idaho,2019,More than one race,Unknown or Not Stated,16,2019,M,9,Suppressed,suppressed,0,zero
Idaho,2019,Native Hawaiian or Other Pacific Islander,Hispanic or Latino,16,2019,NHOPI,2135-2,Suppressed,suppressed,0,zero
Idaho,2019,Native Hawaiian or Other Pacific Islander,Not Hispanic or Latino,16,2019,NHOPI,2186-5,72,observed,0,zero
Idaho,2019,Native Hawaiian or Other Pacific Islander,Unknown or Not Stated,16,2019,NHOPI,9,Suppressed,suppressed,0,zero
Idaho,2019,White,Hispanic or Latino,16,2019,2106-3,2135-2,3407,observed,Suppressed,suppressed
Idaho,2019,White,Not Hispanic or Latino,16,2019,2106-3,2186-5,16959,observed,12,observed
Idaho,2019,White,Unknown or Not Stated,16,2019,2106-3,9,71,observed,0,zero
Idaho,2020,American Indian or Alaska Native,Hispanic or Latino,16,2020,1002-5,2135-2,99,observed,Suppressed,suppressed
Idaho,2020,American Indian or Alaska Native,Not Hispanic or Latino,16,2020,1002-5,2186-5,206,observed,0,zero
Idaho,2020,American Indian or Alaska Native,Unknown or Not Stated,16,2020,1002-5,9,Suppressed,suppressed,0,zero
Idaho,2020,Asian,Hispanic or Latino,16,2020,A,2135-2,30,observed,0,zero
Idaho,2020,Asian,Not Hispanic or Latino,16,2020,A,2186-5,327,observed,0,zero
Idaho,2020,Asian,Unknown or Not Stated,16,2020,A,9,Suppressed,suppressed,0,zero
Idaho,2020,Black or African American,Hispanic or Latino,16,2020,2054-5,2135-2,54,observed,0,zero
Idaho,2020,Black or African American,Not Hispanic or Latino,16,2020,2054-5,2186-5,265,observed,Suppressed,suppressed
Idaho,2020,More than one race,Hispanic or Latino,16,2020,M,2135-2,88,observed,0,zero
Idaho,2020,More than one race,Not Hispanic or Latino,16,2020,M,2186-5,436,observed,0,zero
Idaho,2020,More than one race,Unknown or Not Stated,16,2020,M,9,Suppressed,suppressed,0,zero
Idaho,2020,Native Hawaiian or Other Pacific Islander,Hispanic or Latino,16,2020,NHOPI,2135-2,13,observed,0,zero
Idaho,2020,Native Hawaiian or Other Pacific Islander,Not Hispanic or Latino,16,2020,NHOPI,2186-5,64,observed,0,zero
Idaho,2020,Native Hawaiian or Other Pacific Islander,Unknown or Not Stated,16,2020,NHOPI,9,Suppressed,suppressed,0,zero
Idaho,2020,White,Hispanic or Latino,16,2020,2106-3,2135-2,3403,observed,Suppressed,suppressed
Idaho,2020,White,Not Hispanic or Latino,16,2020,2106-3,2186-5,16463,observed,13,observed
Idaho,2020,White,Unknown or Not Stated,16,2020,2106-3,9,75,observed,0,zero
Idaho,2021,American Indian or Alaska Native,Hispanic or Latino,16,2021,1002-5,2135-2,119,observed,0,zero
Idaho,2021,American Indian or Alaska Native,Not Hispanic or Latino,16,2021,1002-5,2186-5,232,observed,0,zero
Idaho,2021,American Indian or Alaska Native,Unknown or Not Stated,16,2021,1002-5,9,Suppressed,suppressed,0,zero
Idaho,2021,Asian,Hispanic or Latino,16,2021,A,2135-2,27,observed,0,zero
Idaho,2021,Asian,Not Hispanic or Latino,16,2021,A,2186-5,380,observed,0,zero
Idaho,2021,Asian,Unknown or Not Stated,16,2021,A,9,Suppressed,suppressed,0,zero
Idaho,2021,Black or African American,Hispanic or Latino,16,2021,2054-5,2135-2,37,observed,0,zero
Idaho,2021,Black or African American,Not Hispanic or Latino,16,2021,2054-5,2186-5,271,observed,Suppressed,suppressed
Idaho,2021,Black or African American,Unknown or Not Stated,16,2021,2054-5,9,Suppressed,suppressed,Suppressed,suppressed
Idaho,2021,More than one race,Hispanic or Latino,16,2021,M,2135-2,81,observed,0,zero
Idaho,2021,More than one race,Not Hispanic or Latino,16,2021,M,2186-5,454,observed,0,zero
Idaho,2021,More than one race,Unknown or Not Stated,16,2021,M,9,Suppressed,suppressed,0,zero
Idaho,2021,Native Hawaiian or Other Pacific Islander,Hispanic or Latino,16,2021,NHOPI,2135-2,20,observed,0,zero
Idaho,2021,Native Hawaiian or Other Pacific Islander,Not Hispanic or Latino,16,2021,NHOPI,2186-5,60,observed,0,zero
Idaho,2021,White,Hispanic or Latino,16,2021,2106-3,2135-2,3603,observed,Suppressed,suppressed
Idaho,2021,White,Not Hispanic or Latino,16,2021,2106-3,2186-5,17039,observed,13,observed
Idaho,2021,White,Unknown or Not Stated,16,2021,2106-3,9,93,observed,0,zero
Idaho,2022,American Indian or Alaska Native,Hispanic or Latino,16,2022,1002-5,2135-2,132,observed,0,zero
Idaho,2022,American Indian or Alaska Native,Not Hispanic or Latino,16,2022,1002-5,2186-5,194,observed,0,zero
Idaho,2022,American Indian or Alaska Native,Unknown or Not Stated,16,2022,1002-5,9,Suppressed,suppressed,0,zero
Idaho,2022,Asian,Hispanic or Latino,16,2022,A,2135-2,35,observed,0,zero
Idaho,2022,Asian,Not Hispanic or Latino,16,2022,A,2186-5,378,observed,0,zero
Idaho,2022,Asian,Unknown or Not Stated,16,2022,A,9,Suppressed,suppressed,0,zero
Idaho,2022,Black or African American,Hispanic or Latino,16,2022,2054-5,2135-2,54,observed,Suppressed,suppressed
Idaho,2022,Black or African American,Not Hispanic or Latino,16,2022,2054-5,2186-5,258,observed,Suppressed,suppressed
Idaho,2022,Black or African American,Unknown or Not Stated,16,2022,2054-5,9,Suppressed,suppressed,0,zero
Idaho,2022,More than one race,Hispanic or Latino,16,2022,M,2135-2,85,observed,0,zero
Idaho,2022,More than one race,Not Hispanic or Latino,16,2022,M,2186-5,440,observed,0,zero
Idaho,2022,More than one race,Unknown or Not Stated,16,2022,M,9,Suppressed,suppressed,0,zero
Idaho,2022,Native Hawaiian or Other Pacific Islander,Hispanic or Latino,16,2022,NHOPI,2135-2,28,observed,0,zero
Idaho,2022,Native Hawaiian or Other Pacific Islander,Not Hispanic or Latino,16,2022,NHOPI,2186-5,66,observed,0,zero
Idaho,2022,Native Hawaiian or Other Pacific Islander,Unknown or Not Stated,16,2022,NHOPI,9,Suppressed,suppressed,0,zero
Idaho,2022,White,Hispanic or Latino,16,2022,2106-3,2135-2,3668,observed,Suppressed,suppressed
Idaho,2022,White,Not Hispanic or Latino,16,2022,2106-3,2186-5,16894,observed,18,observed
Idaho,2022,White,Unknown or Not Stated,16,2022,2106-3,9,145,observed,0,zero
Idaho,2023,American Indian or Alaska Native,Hispanic or Latino,16,2023,1002-5,2135-2,106,observed,0,zero
Idaho,2023,American Indian or Alaska Native,Not Hispanic or Latino,16,2023,1002-5,2186-5,174,observed,0,zero
Idaho,2023,American Indian or Alaska Native,Unknown or Not Stated,16,2023,1002-5,9,Suppressed,suppressed,0,zero
Idaho,2023,Asian,Hispanic or Latino,16,2023,A,2135-2,18,observed,0,zero
Idaho,2023,Asian,Not Hispanic or Latino,16,2023,A,2186-5,398,observed,Suppressed,suppressed
Idaho,2023,Asian,Unknown or Not Stated,16,2023,A,9,Suppressed,suppressed,0,zero
Idaho,2023,Black or African American,Hispanic or Latino,16,2023,2054-5,2135-2,36,observed,0,zero
Idaho,2023,Black or African American,Not Hispanic or Latino,16,2023,2054-5,2186-5,291,observed,Suppressed,suppressed
Idaho,2023,Black or African American,Unknown or Not Stated,16,2023,2054-5,9,Suppressed,suppressed,0,zero
Idaho,2023,More than one race,Hispanic or Latino,16,2023,M,2135-2,92,observed,0,zero
Idaho,2023,More than one race,Not Hispanic or Latino,16,2023,M,2186-5,459,observed,Suppressed,suppressed
Idaho,2023,More than one race,Unknown or Not Stated,16,2023,M,9,Suppressed,suppressed,0,zero
Idaho,2023,Native Hawaiian or Other Pacific Islander,Hispanic or Latino,16,2023,NHOPI,2135-2,Suppressed,suppressed,0,zero
Idaho,2023,Native Hawaiian or Other Pacific Islander,Not Hispanic or Latino,16,2023,NHOPI,2186-5,63,observed,0,zero
Idaho,2023,Native Hawaiian or Other Pacific Islander,Unknown or Not Stated,16,2023,NHOPI,9,Suppressed,suppressed,0,zero
Idaho,2023,White,Hispanic or Latino,16,2023,2106-3,2135-2,4004,observed,Suppressed,suppressed
Idaho,2023,White,Not Hispanic or Latino,16,2023,2106-3,2186-5,16649,observed,14,observed
Idaho,2023,White,Unknown or Not Stated,16,2023,2106-3,9,87,observed,0,zero
Idaho,2024,American Indian or Alaska Native,Hispanic or Latino,16,2024,1002-5,2135-2,106,observed,0,zero
Idaho,2024,American Indian or Alaska Native,Not Hispanic or Latino,16,2024,1002-5,2186-5,207,observed,0,zero
Idaho,2024,American Indian or Alaska Native,Unknown or Not Stated,16,2024,1002-5,9,Suppressed,suppressed,0,zero
Idaho,2024,Asian,Hispanic or Latino,16,2024,A,2135-2,31,observed,0,zero
Idaho,2024,Asian,Not Hispanic or Latino,16,2024,A,2186-5,408,observed,0,zero
Idaho,2024,Asian,Unknown or Not Stated,16,2024,A,9,Suppressed,suppressed,0,zero
Idaho,2024,Black or African American,Hispanic or Latino,16,2024,2054-5,2135-2,50,observed,0,zero
Idaho,2024,Black or African American,Not Hispanic or Latino,16,2024,2054-5,2186-5,319,observed,0,zero
Idaho,2024,Black or African American,Unknown or Not Stated,16,2024,2054-5,9,Suppressed,suppressed,0,zero
Idaho,2024,More than one race,Hispanic or Latino,16,2024,M,2135-2,112,observed,0,zero
Idaho,2024,More than one race,Not Hispanic or Latino,16,2024,M,2186-5,511,observed,Suppressed,suppressed
Idaho,2024,More than one race,Unknown or Not Stated,16,2024,M,9,Suppressed,suppressed,0,zero
Idaho,2024,Native Hawaiian or Other Pacific Islander,Hispanic or Latino,16,2024,NHOPI,2135-2,15,observed,0,zero
Idaho,2024,Native Hawaiian or Other Pacific Islander,Not Hispanic or Latino,16,2024,NHOPI,2186-5,67,observed,0,zero
Idaho,2024,White,Hispanic or Latino,16,2024,2106-3,2135-2,4113,observed,Suppressed,suppressed
Idaho,2024,White,Not Hispanic or Latino,16,2024,2106-3,2186-5,17215,observed,22,observed
Idaho,2024,White,Unknown or Not Stated,16,2024,2106-3,9,112,observed,0,zero
Illinois,2016,American Indian or Alaska Native,Hispanic or Latino,17,2016,1002-5,2135-2,39,observed,0,zero
Illinois,2016,American Indian or Alaska Native,Not Hispanic or Latino,17,2016,1002-5,2186-5,110,observed,0,zero
Illinois,2016,American Indian or Alaska Native,Unknown or Not Stated,17,2016,1002-5,9,Suppressed,suppressed,0,zero
Illinois,2016,Asian,Hispanic or Latino,17,2016,A,2135-2,247,observed,Suppressed,suppressed
Illinois,2016,Asian,Not Hispanic or Latino,17,2016,A,2186-5,10015,observed,Suppressed,suppressed
Illinois,2016,Asian,Unknown or Not Stated,17,2016,A,9,141,observed,0,zero
Illinois,2016,Black or African American,Hispanic or Latino,17,2016,2054-5,2135-2,1075,observed,0,zero
Illinois,2016,Black or African American,Not Hispanic or Latino,17,2016,2054-5,2186-5,25619,observed,15,observed
Illinois,2016,Black or African American,Unknown or Not Stated,17,2016,2054-5,9,314,observed,0,zero
Illinois,2016,More than one race,Hispanic or Latino,17,2016,M,2135-2,218,observed,0,zero
Illinois,2016,More than one race,Not Hispanic or Latino,17,2016,M,2186-5,1896,observed,Suppressed,suppressed
Illinois,2016,More than one race,Unknown or Not Stated,17,2016,M,9,Suppressed,suppressed,0,zero
Illinois,2016,Native Hawaiian or Other Pacific Islander,Hispanic or Latino,17,2016,NHOPI,2135-2,Suppressed,suppressed,0,zero
Illinois,2016,Native Hawaiian or Other Pacific Islander,Not Hispanic or Latino,17,2016,NHOPI,2186-5,45,observed,0,zero
Illinois,2016,Native Hawaiian or Other Pacific Islander,Unknown or Not Stated,17,2016,NHOPI,9,Suppressed,suppressed,0,zero
Illinois,2016,White,Hispanic or Latino,17,2016,2106-3,2135-2,31047,observed,32,observed
Illinois,2016,White,Not Hispanic or Latino,17,2016,2106-3,2186-5,82318,observed,64,observed
Illinois,2016,White,Unknown or Not Stated,17,2016,2106-3,9,1345,observed,Suppressed,suppressed
Illinois,2017,American Indian or Alaska Native,Hispanic or Latino,17,2017,1002-5,2135-2,54,observed,0,zero
Illinois,2017,American Indian or Alaska Native,Not Hispanic or Latino,17,2017,1002-5,2186-5,90,observed,0,zero
Illinois,2017,American Indian or Alaska Native,Unknown or Not Stated,17,2017,1002-5,9,Suppressed,suppressed,0,zero
Illinois,2017,Asian,Hispanic or Latino,17,2017,A,2135-2,180,observed,0,zero
Illinois,2017,Asian,Not Hispanic or Latino,17,2017,A,2186-5,9650,observed,Suppressed,suppressed
Illinois,2017,Asian,Unknown or Not Stated,17,2017,A,9,150,observed,0,zero
Illinois,2017,Black or African American,Hispanic or Latino,17,2017,2054-5,2135-2,887,observed,Suppressed,suppressed
Illinois,2017,Black or African American,Not Hispanic or Latino,17,2017,2054-5,2186-5,25685,observed,16,observed
Illinois,2017,Black or African American,Unknown or Not Stated,17,2017,2054-5,9,302,observed,0,zero
Illinois,2017,More than one race,Hispanic or Latino,17,2017,M,2135-2,246,observed,0,zero
Illinois,2017,More than one race,Not Hispanic or Latino,17,2017,M,2186-5,1986,observed,Suppressed,suppressed
Illinois,2017,More than one race,Unknown or Not Stated,17,2017,M,9,Suppressed,suppressed,0,zero
Illinois,2017,Native Hawaiian or Other Pacific Islander,Hispanic or Latino,17,2017,NHOPI,2135-2,19,observed,0,zero
Illinois,2017,Native Hawaiian or Other Pacific Islander,Not Hispanic or Latino,17,2017,NHOPI,2186-5,43,observed,0,zero
Illinois,2017,Native Hawaiian or Other Pacific Islander,Unknown or Not Stated,17,2017,NHOPI,9,Suppressed,suppressed,0,zero
Illinois,2017,White,Hispanic or Latino,17,2017,2106-3,2135-2,30042,observed,29,observed
Illinois,2017,White,Not Hispanic or Latino,17,2017,2106-3,2186-5,78925,observed,48,observed
Illinois,2017,White,Unknown or Not Stated,17,2017,2106-3,9,1125,observed,Suppressed,suppressed
Illinois,2018,American Indian or Alaska Native,Hispanic or Latino,17,2018,1002-5,2135-2,50,observed,0,zero
Illinois,2018,American Indian or Alaska Native,Not Hispanic or Latino,17,2018,1002-5,2186-5,97,observed,0,zero
Illinois,2018,American Indian or Alaska Native,Unknown or Not Stated,17,2018,1002-5,9,Suppressed,suppressed,Suppressed,suppressed
Illinois,2018,Asian,Hispanic or Latino,17,2018,A,2135-2,68,observed,0,zero
Illinois,2018,Asian,Not Hispanic or Latino,17,2018,A,2186-5,9452,observed,Suppressed,suppressed
Illinois,2018,Asian,Unknown or Not Stated,17,2018,A,9,108,observed,0,zero
Illinois,2018,Black or African American,Hispanic or Latino,17,2018,2054-5,2135-2,444,observed,0,zero
Illinois,2018,Black or African American,Not Hispanic or Latino,17,2018,2054-5,2186-5,24482,observed,Suppressed,suppressed
Illinois,2018,Black or African American,Unknown or Not Stated,17,2018,2054-5,9,276,observed,Suppressed,suppressed
Illinois,2018,More than one race,Hispanic or Latino,17,2018,M,2135-2,223,observed,0,zero
Illinois,2018,More than one race,Not Hispanic or Latino,17,2018,M,2186-5,2009,observed,Suppressed,suppressed
Illinois,2018,More than one race,Unknown or Not Stated,17,2018,M,9,Suppressed,suppressed,0,zero
Illinois,2018,Native Hawaiian or Other Pacific Islander,Hispanic or Latino,17,2018,NHOPI,2135-2,21,observed,0,zero
Illinois,2018,Native Hawaiian or Other Pacific Islander,Not Hispanic or Latino,17,2018,NHOPI,2186-5,32,observed,0,zero
Illinois,2018,Native Hawaiian or Other Pacific Islander,Unknown or Not Stated,17,2018,NHOPI,9,Suppressed,suppressed,0,zero
Illinois,2018,White,Hispanic or Latino,17,2018,2106-3,2135-2,29556,observed,34,observed
Illinois,2018,White,Not Hispanic or Latino,17,2018,2106-3,2186-5,77244,observed,50,observed
Illinois,2018,White,Unknown or Not Stated,17,2018,2106-3,9,741,observed,0,zero
Illinois,2019,American Indian or Alaska Native,Hispanic or Latino,17,2019,1002-5,2135-2,42,observed,0,zero
Illinois,2019,American Indian or Alaska Native,Not Hispanic or Latino,17,2019,1002-5,2186-5,79,observed,0,zero
Illinois,2019,Asian,Hispanic or Latino,17,2019,A,2135-2,55,observed,0,zero
Illinois,2019,Asian,Not Hispanic or Latino,17,2019,A,2186-5,9169,observed,Suppressed,suppressed
Illinois,2019,Asian,Unknown or Not Stated,17,2019,A,9,109,observed,0,zero
Illinois,2019,Black or African American,Hispanic or Latino,17,2019,2054-5,2135-2,482,observed,0,zero
Illinois,2019,Black or African American,Not Hispanic or Latino,17,2019,2054-5,2186-5,23258,observed,Suppressed,suppressed
Illinois,2019,Black or African American,Unknown or Not Stated,17,2019,2054-5,9,250,observed,0,zero
Illinois,2019,More than one race,Hispanic or Latino,17,2019,M,2135-2,278,observed,Suppressed,suppressed
Illinois,2019,More than one race,Not Hispanic or Latino,17,2019,M,2186-5,2014,observed,Suppressed,suppressed
Illinois,2019,More than one race,Unknown or Not Stated,17,2019,M,9,Suppressed,suppressed,0,zero
Illinois,2019,Native Hawaiian or Other Pacific Islander,Hispanic or Latino,17,2019,NHOPI,2135-2,16,observed,0,zero
Illinois,2019,Native Hawaiian or Other Pacific Islander,Not Hispanic or Latino,17,2019,NHOPI,2186-5,40,observed,0,zero
Illinois,2019,Native Hawaiian or Other Pacific Islander,Unknown or Not Stated,17,2019,NHOPI,9,Suppressed,suppressed,0,zero
Illinois,2019,White,Hispanic or Latino,17,2019,2106-3,2135-2,29224,observed,34,observed
Illinois,2019,White,Not Hispanic or Latino,17,2019,2106-3,2186-5,74434,observed,56,observed
Illinois,2019,White,Unknown or Not Stated,17,2019,2106-3,9,671,observed,0,zero
Illinois,2020,American Indian or Alaska Native,Hispanic or Latino,17,2020,1002-5,2135-2,77,observed,0,zero
Illinois,2020,American Indian or Alaska Native,Not Hispanic or Latino,17,2020,1002-5,2186-5,79,observed,Suppressed,suppressed
Illinois,2020,American Indian or Alaska Native,Unknown or Not Stated,17,2020,1002-5,9,Suppressed,suppressed,0,zero
Illinois,2020,Asian,Hispanic or Latino,17,2020,A,2135-2,64,observed,0,zero
Illinois,2020,Asian,Not Hispanic or Latino,17,2020,A,2186-5,8505,observed,Suppressed,suppressed
Illinois,2020,Asian,Unknown or Not Stated,17,2020,A,9,101,observed,0,zero
Illinois,2020,Black or African American,Hispanic or Latino,17,2020,2054-5,2135-2,567,observed,Suppressed,suppressed
Illinois,2020,Black or African American,Not Hispanic or Latino,17,2020,2054-5,2186-5,22293,observed,10,observed
Illinois,2020,Black or African American,Unknown or Not Stated,17,2020,2054-5,9,224,observed,0,zero
Illinois,2020,More than one race,Hispanic or Latino,17,2020,M,2135-2,275,observed,Suppressed,suppressed
Illinois,2020,More than one race,Not Hispanic or Latino,17,2020,M,2186-5,2071,observed,Suppressed,suppressed
Illinois,2020,More than one race,Unknown or Not Stated,17,2020,M,9,Suppressed,suppressed,0,zero
Illinois,2020,Native Hawaiian or Other Pacific Islander,Hispanic or Latino,17,2020,NHOPI,2135-2,25,observed,0,zero
Illinois,2020,Native Hawaiian or Other Pacific Islander,Not Hispanic or Latino,17,2020,NHOPI,2186-5,39,observed,0,zero
Illinois,2020,Native Hawaiian or Other Pacific Islander,Unknown or Not Stated,17,2020,NHOPI,9,Suppressed,suppressed,0,zero
Illinois,2020,White,Hispanic or Latino,17,2020,2106-3,2135-2,27800,observed,34,observed
Illinois,2020,White,Not Hispanic or Latino,17,2020,2106-3,2186-5,70550,observed,51,observed
Illinois,2020,White,Unknown or Not Stated,17,2020,2106-3,9,623,observed,Suppressed,suppressed
Illinois,2021,American Indian or Alaska Native,Hispanic or Latino,17,2021,1002-5,2135-2,71,observed,0,zero
Illinois,2021,American Indian or Alaska Native,Not Hispanic or Latino,17,2021,1002-5,2186-5,86,observed,0,zero
Illinois,2021,American Indian or Alaska Native,Unknown or Not Stated,17,2021,1002-5,9,Suppressed,suppressed,0,zero
Illinois,2021,Asian,Hispanic or Latino,17,2021,A,2135-2,92,observed,0,zero
Illinois,2021,Asian,Not Hispanic or Latino,17,2021,A,2186-5,8338,observed,Suppressed,suppressed
Illinois,2021,Asian,Unknown or Not Stated,17,2021,A,9,80,observed,0,zero
Illinois,2021,Black or African American,Hispanic or Latino,17,2021,2054-5,2135-2,606,observed,0,zero
Illinois,2021,Black or African American,Not Hispanic or Latino,17,2021,2054-5,2186-5,20779,observed,12,observed
Illinois,2021,Black or African American,Unknown or Not Stated,17,2021,2054-5,9,151,observed,0,zero
Illinois,2021,More than one race,Hispanic or Latino,17,2021,M,2135-2,294,observed,0,zero
Illinois,2021,More than one race,Not Hispanic or Latino,17,2021,M,2186-5,2151,observed,Suppressed,suppressed
Illinois,2021,More than one race,Unknown or Not Stated,17,2021,M,9,Suppressed,suppressed,0,zero
Illinois,2021,Native Hawaiian or Other Pacific Islander,Hispanic or Latino,17,2021,NHOPI,2135-2,26,observed,0,zero
Illinois,2021,Native Hawaiian or Other Pacific Islander,Not Hispanic or Latino,17,2021,NHOPI,2186-5,32,observed,0,zero
Illinois,2021,Native Hawaiian or Other Pacific Islander,Unknown or Not Stated,17,2021,NHOPI,9,Suppressed,suppressed,0,zero
Illinois,2021,White,Hispanic or Latino,17,2021,2106-3,2135-2,27457,observed,36,observed
Illinois,2021,White,Not Hispanic or Latino,17,2021,2106-3,2186-5,71482,observed,52,observed
Illinois,2021,White,Unknown or Not Stated,17,2021,2106-3,9,539,observed,Suppressed,suppressed
Illinois,2022,American Indian or Alaska Native,Hispanic or Latino,17,2022,1002-5,2135-2,90,observed,0,zero
Illinois,2022,American Indian or Alaska Native,Not Hispanic or Latino,17,2022,1002-5,2186-5,87,observed,0,zero
Illinois,2022,American Indian or Alaska Native,Unknown or Not Stated,17,2022,1002-5,9,Suppressed,suppressed,0,zero
Illinois,2022,Asian,Hispanic or Latino,17,2022,A,2135-2,105,observed,0,zero
Illinois,2022,Asian,Not Hispanic or Latino,17,2022,A,2186-5,8277,observed,Suppressed,suppressed
Illinois,2022,Asian,Unknown or Not Stated,17,2022,A,9,64,observed,0,zero
Illinois,2022,Black or African American,Hispanic or Latino,17,2022,2054-5,2135-2,590,observed,0,zero
Illinois,2022,Black or African American,Not Hispanic or Latino,17,2022,2054-5,2186-5,19296,observed,12,observed
Illinois,2022,Black or African American,Unknown or Not Stated,17,2022,2054-5,9,134,observed,0,zero
Illinois,2022,More than one race,Hispanic or Latino,17,2022,M,2135-2,252,observed,0,zero
Illinois,2022,More than one race,Not Hispanic or Latino,17,2022,M,2186-5,2076,observed,0,zero
Illinois,2022,More than one race,Unknown or Not Stated,17,2022,M,9,Suppressed,suppressed,0,zero
Illinois,2022,Native Hawaiian or Other Pacific Islander,Hispanic or Latino,17,2022,NHOPI,2135-2,19,observed,0,zero
Illinois,2022,Native Hawaiian or Other Pacific Islander,Not Hispanic or Latino,17,2022,NHOPI,2186-5,39,observed,Suppressed,suppressed
Illinois,2022,Native Hawaiian or Other Pacific Islander,Unknown or Not Stated,17,2022,NHOPI,9,Suppressed,suppressed,0,zero
Illinois,2022,White,Hispanic or Latino,17,2022,2106-3,2135-2,28654,observed,30,observed
Illinois,2022,White,Not Hispanic or Latino,17,2022,2106-3,2186-5,68107,observed,37,observed
Illinois,2022,White,Unknown or Not Stated,17,2022,2106-3,9,551,observed,0,zero
Illinois,2023,American Indian or Alaska Native,Hispanic or Latino,17,2023,1002-5,2135-2,94,observed,0,zero
Illinois,2023,American Indian or Alaska Native,Not Hispanic or Latino,17,2023,1002-5,2186-5,97,observed,0,zero
Illinois,2023,American Indian or Alaska Native,Unknown or Not Stated,17,2023,1002-5,9,Suppressed,suppressed,0,zero
Illinois,2023,Asian,Hispanic or Latino,17,2023,A,2135-2,105,observed,0,zero
Illinois,2023,Asian,Not Hispanic or Latino,17,2023,A,2186-5,8416,observed,Suppressed,suppressed
Illinois,2023,Asian,Unknown or Not Stated,17,2023,A,9,103,observed,0,zero
Illinois,2023,Black or African American,Hispanic or Latino,17,2023,2054-5,2135-2,666,observed,0,zero
Illinois,2023,Black or African American,Not Hispanic or Latino,17,2023,2054-5,2186-5,18013,observed,Suppressed,suppressed
Illinois,2023,Black or African American,Unknown or Not Stated,17,2023,2054-5,9,137,observed,0,zero
Illinois,2023,More than one race,Hispanic or Latino,17,2023,M,2135-2,290,observed,Suppressed,suppressed
Illinois,2023,More than one race,Not Hispanic or Latino,17,2023,M,2186-5,2242,observed,Suppressed,suppressed
Illinois,2023,More than one race,Unknown or Not Stated,17,2023,M,9,Suppressed,suppressed,0,zero
Illinois,2023,Native Hawaiian or Other Pacific Islander,Hispanic or Latino,17,2023,NHOPI,2135-2,30,observed,0,zero
Illinois,2023,Native Hawaiian or Other Pacific Islander,Not Hispanic or Latino,17,2023,NHOPI,2186-5,28,observed,0,zero
Illinois,2023,Native Hawaiian or Other Pacific Islander,Unknown or Not Stated,17,2023,NHOPI,9,Suppressed,suppressed,0,zero
Illinois,2023,White,Hispanic or Latino,17,2023,2106-3,2135-2,29280,observed,27,observed
Illinois,2023,White,Not Hispanic or Latino,17,2023,2106-3,2186-5,64698,observed,46,observed
Illinois,2023,White,Unknown or Not Stated,17,2023,2106-3,9,614,observed,Suppressed,suppressed
Illinois,2024,American Indian or Alaska Native,Hispanic or Latino,17,2024,1002-5,2135-2,107,observed,0,zero
Illinois,2024,American Indian or Alaska Native,Not Hispanic or Latino,17,2024,1002-5,2186-5,88,observed,0,zero
Illinois,2024,American Indian or Alaska Native,Unknown or Not Stated,17,2024,1002-5,9,Suppressed,suppressed,0,zero
Illinois,2024,Asian,Hispanic or Latino,17,2024,A,2135-2,118,observed,0,zero
Illinois,2024,Asian,Not Hispanic or Latino,17,2024,A,2186-5,8897,observed,0,zero
Illinois,2024,Asian,Unknown or Not Stated,17,2024,A,9,75,observed,0,zero
Illinois,2024,Black or African American,Hispanic or Latino,17,2024,2054-5,2135-2,670,observed,0,zero
Illinois,2024,Black or African American,Not Hispanic or Latino,17,2024,2054-5,2186-5,17272,observed,Suppressed,suppressed
Illinois,2024,Black or African American,Unknown or Not Stated,17,2024,2054-5,9,110,observed,0,zero
Illinois,2024,More than one race,Hispanic or Latino,17,2024,M,2135-2,300,observed,0,zero
Illinois,2024,More than one race,Not Hispanic or Latino,17,2024,M,2186-5,2231,observed,Suppressed,suppressed
Illinois,2024,More than one race,Unknown or Not Stated,17,2024,M,9,Suppressed,suppressed,0,zero
Illinois,2024,Native Hawaiian or Other Pacific Islander,Hispanic or Latino,17,2024,NHOPI,2135-2,29,observed,0,zero
Illinois,2024,Native Hawaiian or Other Pacific Islander,Not Hispanic or Latino,17,2024,NHOPI,2186-5,36,observed,0,zero
Illinois,2024,Native Hawaiian or Other Pacific Islander,Unknown or Not Stated,17,2024,NHOPI,9,Suppressed,suppressed,0,zero
Illinois,2024,White,Hispanic or Latino,17,2024,2106-3,2135-2,30637,observed,24,observed
Illinois,2024,White,Not Hispanic or Latino,17,2024,2106-3,2186-5,64630,observed,49,observed
Illinois,2024,White,Unknown or Not Stated,17,2024,2106-3,9,527,observed,0,zero
Indiana,2016,American Indian or Alaska Native,Hispanic or Latino,18,2016,1002-5,2135-2,21,observed,0,zero
Indiana,2016,American Indian or Alaska Native,Not Hispanic or Latino,18,2016,1002-5,2186-5,85,observed,0,zero
Indiana,2016,Asian,Hispanic or Latino,18,2016,A,2135-2,74,observed,0,zero
Indiana,2016,Asian,Not Hispanic or Latino,18,2016,A,2186-5,2426,observed,0,zero
Indiana,2016,Asian,Unknown or Not Stated,18,2016,A,9,Suppressed,suppressed,0,zero
Indiana,2016,Black or African American,Hispanic or Latino,18,2016,2054-5,2135-2,429,observed,Suppressed,suppressed
Indiana,2016,Black or African American,Not Hispanic or Latino,18,2016,2054-5,2186-5,9768,observed,Suppressed,suppressed
Indiana,2016,Black or African American,Unknown or Not Stated,18,2016,2054-5,9,Suppressed,suppressed,0,zero
Indiana,2016,More than one race,Hispanic or Latino,18,2016,M,2135-2,78,observed,0,zero
Indiana,2016,More than one race,Not Hispanic or Latino,18,2016,M,2186-5,1245,observed,Suppressed,suppressed
Indiana,2016,More than one race,Unknown or Not Stated,18,2016,M,9,Suppressed,suppressed,0,zero
Indiana,2016,Native Hawaiian or Other Pacific Islander,Hispanic or Latino,18,2016,NHOPI,2135-2,17,observed,0,zero
Indiana,2016,Native Hawaiian or Other Pacific Islander,Not Hispanic or Latino,18,2016,NHOPI,2186-5,50,observed,0,zero
Indiana,2016,White,Hispanic or Latino,18,2016,2106-3,2135-2,6823,observed,Suppressed,suppressed
Indiana,2016,White,Not Hispanic or Latino,18,2016,2106-3,2186-5,62039,observed,43,observed
Indiana,2016,White,Unknown or Not Stated,18,2016,2106-3,9,26,observed,0,zero
Indiana,2017,American Indian or Alaska Native,Hispanic or Latino,18,2017,1002-5,2135-2,22,observed,0,zero
Indiana,2017,American Indian or Alaska Native,Not Hispanic or Latino,18,2017,1002-5,2186-5,70,observed,0,zero
Indiana,2017,American Indian or Alaska Native,Unknown or Not Stated,18,2017,1002-5,9,Suppressed,suppressed,0,zero
Indiana,2017,Asian,Hispanic or Latino,18,2017,A,2135-2,54,observed,0,zero
Indiana,2017,Asian,Not Hispanic or Latino,18,2017,A,2186-5,2535,observed,0,zero
Indiana,2017,Asian,Unknown or Not Stated,18,2017,A,9,Suppressed,suppressed,0,zero
Indiana,2017,Black or African American,Hispanic or Latino,18,2017,2054-5,2135-2,455,observed,0,zero
Indiana,2017,Black or African American,Not Hispanic or Latino,18,2017,2054-5,2186-5,9971,observed,Suppressed,suppressed
Indiana,2017,Black or African American,Unknown or Not Stated,18,2017,2054-5,9,Suppressed,suppressed,0,zero
Indiana,2017,More than one race,Hispanic or Latino,18,2017,M,2135-2,87,observed,0,zero
Indiana,2017,More than one race,Not Hispanic or Latino,18,2017,M,2186-5,1330,observed,0,zero
Indiana,2017,Native Hawaiian or Other Pacific Islander,Hispanic or Latino,18,2017,NHOPI,2135-2,14,observed,0,zero
Indiana,2017,Native Hawaiian or Other Pacific Islander,Not Hispanic or Latino,18,2017,NHOPI,2186-5,54,observed,0,zero
Indiana,2017,White,Hispanic or Latino,18,2017,2106-3,2135-2,7037,observed,Suppressed,suppressed
Indiana,2017,White,Not Hispanic or Latino,18,2017,2106-3,2186-5,60515,observed,37,observed
Indiana,2017,White,Unknown or Not Stated,18,2017,2106-3,9,21,observed,0,zero
Indiana,2018,American Indian or Alaska Native,Hispanic or Latino,18,2018,1002-5,2135-2,27,observed,0,zero
Indiana,2018,American Indian or Alaska Native,Not Hispanic or Latino,18,2018,1002-5,2186-5,73,observed,0,zero
Indiana,2018,American Indian or Alaska Native,Unknown or Not Stated,18,2018,1002-5,9,Suppressed,suppressed,0,zero
Indiana,2018,Asian,Hispanic or Latino,18,2018,A,2135-2,20,observed,0,zero
Indiana,2018,Asian,Not Hispanic or Latino,18,2018,A,2186-5,2382,observed,Suppressed,suppressed
Indiana,2018,Asian,Unknown or Not Stated,18,2018,A,9,Suppressed,suppressed,0,zero
Indiana,2018,Black or African American,Hispanic or Latino,18,2018,2054-5,2135-2,374,observed,0,zero
Indiana,2018,Black or African American,Not Hispanic or Latino,18,2018,2054-5,2186-5,10242,observed,12,observed
Indiana,2018,Black or African American,Unknown or Not Stated,18,2018,2054-5,9,Suppressed,suppressed,0,zero
Indiana,2018,More than one race,Hispanic or Latino,18,2018,M,2135-2,94,observed,0,zero
Indiana,2018,More than one race,Not Hispanic or Latino,18,2018,M,2186-5,1473,observed,Suppressed,suppressed
Indiana,2018,More than one race,Unknown or Not Stated,18,2018,M,9,Suppressed,suppressed,0,zero
Indiana,2018,Native Hawaiian or Other Pacific Islander,Hispanic or Latino,18,2018,NHOPI,2135-2,23,observed,0,zero
Indiana,2018,Native Hawaiian or Other Pacific Islander,Not Hispanic or Latino,18,2018,NHOPI,2186-5,59,observed,0,zero
Indiana,2018,White,Hispanic or Latino,18,2018,2106-3,2135-2,7329,observed,Suppressed,suppressed
Indiana,2018,White,Not Hispanic or Latino,18,2018,2106-3,2186-5,59520,observed,47,observed
Indiana,2018,White,Unknown or Not Stated,18,2018,2106-3,9,21,observed,0,zero
Indiana,2019,American Indian or Alaska Native,Hispanic or Latino,18,2019,1002-5,2135-2,30,observed,0,zero
Indiana,2019,American Indian or Alaska Native,Not Hispanic or Latino,18,2019,1002-5,2186-5,57,observed,0,zero
Indiana,2019,American Indian or Alaska Native,Unknown or Not Stated,18,2019,1002-5,9,Suppressed,suppressed,0,zero
Indiana,2019,Asian,Hispanic or Latino,18,2019,A,2135-2,46,observed,0,zero
Indiana,2019,Asian,Not Hispanic or Latino,18,2019,A,2186-5,2285,observed,Suppressed,suppressed
Indiana,2019,Asian,Unknown or Not Stated,18,2019,A,9,Suppressed,suppressed,0,zero
Indiana,2019,Black or African American,Hispanic or Latino,18,2019,2054-5,2135-2,375,observed,Suppressed,suppressed
Indiana,2019,Black or African American,Not Hispanic or Latino,18,2019,2054-5,2186-5,10249,observed,Suppressed,suppressed
Indiana,2019,Black or African American,Unknown or Not Stated,18,2019,2054-5,9,Suppressed,suppressed,0,zero
Indiana,2019,More than one race,Hispanic or Latino,18,2019,M,2135-2,107,observed,0,zero
Indiana,2019,More than one race,Not Hispanic or Latino,18,2019,M,2186-5,1542,observed,0,zero
Indiana,2019,More than one race,Unknown or Not Stated,18,2019,M,9,Suppressed,suppressed,0,zero
Indiana,2019,Native Hawaiian or Other Pacific Islander,Hispanic or Latino,18,2019,NHOPI,2135-2,27,observed,0,zero
Indiana,2019,Native Hawaiian or Other Pacific Islander,Not Hispanic or Latino,18,2019,NHOPI,2186-5,60,observed,0,zero
Indiana,2019,White,Hispanic or Latino,18,2019,2106-3,2135-2,7835,observed,Suppressed,suppressed
Indiana,2019,White,Not Hispanic or Latino,18,2019,2106-3,2186-5,58211,observed,33,observed
Indiana,2019,White,Unknown or Not Stated,18,2019,2106-3,9,25,observed,0,zero
Indiana,2020,American Indian or Alaska Native,Hispanic or Latino,18,2020,1002-5,2135-2,26,observed,0,zero
Indiana,2020,American Indian or Alaska Native,Not Hispanic or Latino,18,2020,1002-5,2186-5,56,observed,0,zero
Indiana,2020,Asian,Hispanic or Latino,18,2020,A,2135-2,40,observed,0,zero
Indiana,2020,Asian,Not Hispanic or Latino,18,2020,A,2186-5,2335,observed,Suppressed,suppressed
Indiana,2020,Asian,Unknown or Not Stated,18,2020,A,9,Suppressed,suppressed,0,zero
Indiana,2020,Black or African American,Hispanic or Latino,18,2020,2054-5,2135-2,403,observed,Suppressed,suppressed
Indiana,2020,Black or African American,Not Hispanic or Latino,18,2020,2054-5,2186-5,9848,observed,Suppressed,suppressed
Indiana,2020,Black or African American,Unknown or Not Stated,18,2020,2054-5,9,Suppressed,suppressed,0,zero
Indiana,2020,More than one race,Hispanic or Latino,18,2020,M,2135-2,113,observed,Suppressed,suppressed
Indiana,2020,More than one race,Not Hispanic or Latino,18,2020,M,2186-5,1510,observed,Suppressed,suppressed
Indiana,2020,Native Hawaiian or Other Pacific Islander,Hispanic or Latino,18,2020,NHOPI,2135-2,18,observed,0,zero
Indiana,2020,Native Hawaiian or Other Pacific Islander,Not Hispanic or Latino,18,2020,NHOPI,2186-5,62,observed,0,zero
Indiana,2020,White,Hispanic or Latino,18,2020,2106-3,2135-2,7880,observed,Suppressed,suppressed
Indiana,2020,White,Not Hispanic or Latino,18,2020,2106-3,2186-5,56290,observed,50,observed
Indiana,2020,White,Unknown or Not Stated,18,2020,2106-3,9,26,observed,0,zero
Indiana,2021,American Indian or Alaska Native,Hispanic or Latino,18,2021,1002-5,2135-2,31,observed,0,zero
Indiana,2021,American Indian or Alaska Native,Not Hispanic or Latino,18,2021,1002-5,2186-5,76,observed,0,zero
Indiana,2021,Asian,Hispanic or Latino,18,2021,A,2135-2,32,observed,0,zero
Indiana,2021,Asian,Not Hispanic or Latino,18,2021,A,2186-5,2295,observed,Suppressed,suppressed
Indiana,2021,Asian,Unknown or Not Stated,18,2021,A,9,Suppressed,suppressed,0,zero
Indiana,2021,Black or African American,Hispanic or Latino,18,2021,2054-5,2135-2,493,observed,Suppressed,suppressed
Indiana,2021,Black or African American,Not Hispanic or Latino,18,2021,2054-5,2186-5,9991,observed,Suppressed,suppressed
Indiana,2021,Black or African American,Unknown or Not Stated,18,2021,2054-5,9,13,observed,0,zero
Indiana,2021,More than one race,Hispanic or Latino,18,2021,M,2135-2,131,observed,0,zero
Indiana,2021,More than one race,Not Hispanic or Latino,18,2021,M,2186-5,1717,observed,Suppressed,suppressed
Indiana,2021,More than one race,Unknown or Not Stated,18,2021,M,9,Suppressed,suppressed,0,zero
Indiana,2021,Native Hawaiian or Other Pacific Islander,Hispanic or Latino,18,2021,NHOPI,2135-2,81,observed,0,zero
Indiana,2021,Native Hawaiian or Other Pacific Islander,Not Hispanic or Latino,18,2021,NHOPI,2186-5,53,observed,0,zero
Indiana,2021,White,Hispanic or Latino,18,2021,2106-3,2135-2,8058,observed,Suppressed,suppressed
Indiana,2021,White,Not Hispanic or Latino,18,2021,2106-3,2186-5,56839,observed,38,observed
Indiana,2021,White,Unknown or Not Stated,18,2021,2106-3,9,128,observed,Suppressed,suppressed
Indiana,2022,American Indian or Alaska Native,Hispanic or Latino,18,2022,1002-5,2135-2,26,observed,0,zero
Indiana,2022,American Indian or Alaska Native,Not Hispanic or Latino,18,2022,1002-5,2186-5,50,observed,0,zero
Indiana,2022,American Indian or Alaska Native,Unknown or Not Stated,18,2022,1002-5,9,Suppressed,suppressed,0,zero
Indiana,2022,Asian,Hispanic or Latino,18,2022,A,2135-2,53,observed,0,zero
Indiana,2022,Asian,Not Hispanic or Latino,18,2022,A,2186-5,2458,observed,Suppressed,suppressed
Indiana,2022,Asian,Unknown or Not Stated,18,2022,A,9,Suppressed,suppressed,0,zero
Indiana,2022,Black or African American,Hispanic or Latino,18,2022,2054-5,2135-2,473,observed,Suppressed,suppressed
Indiana,2022,Black or African American,Not Hispanic or Latino,18,2022,2054-5,2186-5,10119,observed,Suppressed,suppressed
Indiana,2022,Black or African American,Unknown or Not Stated,18,2022,2054-5,9,22,observed,0,zero
Indiana,2022,More than one race,Hispanic or Latino,18,2022,M,2135-2,130,observed,0,zero
Indiana,2022,More than one race,Not Hispanic or Latino,18,2022,M,2186-5,1722,observed,Suppressed,suppressed
Indiana,2022,More than one race,Unknown or Not Stated,18,2022,M,9,Suppressed,suppressed,0,zero
Indiana,2022,Native Hawaiian or Other Pacific Islander,Hispanic or Latino,18,2022,NHOPI,2135-2,75,observed,0,zero
Indiana,2022,Native Hawaiian or Other Pacific Islander,Not Hispanic or Latino,18,2022,NHOPI,2186-5,76,observed,0,zero
Indiana,2022,Native Hawaiian or Other Pacific Islander,Unknown or Not Stated,18,2022,NHOPI,9,Suppressed,suppressed,0,zero
Indiana,2022,White,Hispanic or Latino,18,2022,2106-3,2135-2,9182,observed,Suppressed,suppressed
Indiana,2022,White,Not Hispanic or Latino,18,2022,2106-3,2186-5,55178,observed,39,observed
Indiana,2022,White,Unknown or Not Stated,18,2022,2106-3,9,74,observed,0,zero
Indiana,2023,American Indian or Alaska Native,Hispanic or Latino,18,2023,1002-5,2135-2,35,observed,0,zero
Indiana,2023,American Indian or Alaska Native,Not Hispanic or Latino,18,2023,1002-5,2186-5,68,observed,0,zero
Indiana,2023,Asian,Hispanic or Latino,18,2023,A,2135-2,71,observed,0,zero
Indiana,2023,Asian,Not Hispanic or Latino,18,2023,A,2186-5,2433,observed,Suppressed,suppressed
Indiana,2023,Asian,Unknown or Not Stated,18,2023,A,9,12,observed,0,zero
Indiana,2023,Black or African American,Hispanic or Latino,18,2023,2054-5,2135-2,517,observed,0,zero
Indiana,2023,Black or African American,Not Hispanic or Latino,18,2023,2054-5,2186-5,10035,observed,Suppressed,suppressed
Indiana,2023,Black or African American,Unknown or Not Stated,18,2023,2054-5,9,21,observed,0,zero
Indiana,2023,More than one race,Hispanic or Latino,18,2023,M,2135-2,115,observed,0,zero
Indiana,2023,More than one race,Not Hispanic or Latino,18,2023,M,2186-5,1840,observed,Suppressed,suppressed
Indiana,2023,More than one race,Unknown or Not Stated,18,2023,M,9,Suppressed,suppressed,0,zero
Indiana,2023,Native Hawaiian or Other Pacific Islander,Hispanic or Latino,18,2023,NHOPI,2135-2,79,observed,0,zero
Indiana,2023,Native Hawaiian or Other Pacific Islander,Not Hispanic or Latino,18,2023,NHOPI,2186-5,69,observed,0,zero
Indiana,2023,White,Hispanic or Latino,18,2023,2106-3,2135-2,9769,observed,Suppressed,suppressed
Indiana,2023,White,Not Hispanic or Latino,18,2023,2106-3,2186-5,53866,observed,27,observed
Indiana,2023,White,Unknown or Not Stated,18,2023,2106-3,9,68,observed,0,zero
Indiana,2024,American Indian or Alaska Native,Hispanic or Latino,18,2024,1002-5,2135-2,48,observed,0,zero
Indiana,2024,American Indian or Alaska Native,Not Hispanic or Latino,18,2024,1002-5,2186-5,61,observed,0,zero
Indiana,2024,American Indian or Alaska Native,Unknown or Not Stated,18,2024,1002-5,9,Suppressed,suppressed,0,zero
Indiana,2024,Asian,Hispanic or Latino,18,2024,A,2135-2,59,observed,0,zero
Indiana,2024,Asian,Not Hispanic or Latino,18,2024,A,2186-5,2659,observed,0,zero
Indiana,2024,Asian,Unknown or Not Stated,18,2024,A,9,14,observed,0,zero
Indiana,2024,Black or African American,Hispanic or Latino,18,2024,2054-5,2135-2,585,observed,0,zero
Indiana,2024,Black or African American,Not Hispanic or Latino,18,2024,2054-5,2186-5,10082,observed,Suppressed,suppressed
Indiana,2024,Black or African American,Unknown or Not Stated,18,2024,2054-5,9,36,observed,0,zero
Indiana,2024,More than one race,Hispanic or Latino,18,2024,M,2135-2,125,observed,0,zero
Indiana,2024,More than one race,Not Hispanic or Latino,18,2024,M,2186-5,1807,observed,Suppressed,suppressed
Indiana,2024,More than one race,Unknown or Not Stated,18,2024,M,9,Suppressed,suppressed,0,zero
Indiana,2024,Native Hawaiian or Other Pacific Islander,Hispanic or Latino,18,2024,NHOPI,2135-2,86,observed,0,zero
Indiana,2024,Native Hawaiian or Other Pacific Islander,Not Hispanic or Latino,18,2024,NHOPI,2186-5,58,observed,0,zero
Indiana,2024,Native Hawaiian or Other Pacific Islander,Unknown or Not Stated,18,2024,NHOPI,9,Suppressed,suppressed,0,zero
Indiana,2024,White,Hispanic or Latino,18,2024,2106-3,2135-2,10535,observed,Suppressed,suppressed
Indiana,2024,White,Not Hispanic or Latino,18,2024,2106-3,2186-5,53994,observed,23,observed
Indiana,2024,White,Unknown or Not Stated,18,2024,2106-3,9,102,observed,0,zero
Iowa,2016,American Indian or Alaska Native,Hispanic or Latino,19,2016,1002-5,2135-2,57,observed,0,zero
Iowa,2016,American Indian or Alaska Native,Not Hispanic or Latino,19,2016,1002-5,2186-5,147,observed,0,zero
Iowa,2016,Asian,Hispanic or Latino,19,2016,A,2135-2,49,observed,0,zero
Iowa,2016,Asian,Not Hispanic or Latino,19,2016,A,2186-5,1270,observed,Suppressed,suppressed
Iowa,2016,Black or African American,Hispanic or Latino,19,2016,2054-5,2135-2,118,observed,0,zero
Iowa,2016,Black or African American,Not Hispanic or Latino,19,2016,2054-5,2186-5,2467,observed,Suppressed,suppressed
Iowa,2016,More than one race,Hispanic or Latino,19,2016,M,2135-2,35,observed,0,zero
Iowa,2016,More than one race,Not Hispanic or Latino,19,2016,M,2186-5,560,observed,Suppressed,suppressed
Iowa,2016,Native Hawaiian or Other Pacific Islander,Hispanic or Latino,19,2016,NHOPI,2135-2,17,observed,0,zero
Iowa,2016,Native Hawaiian or Other Pacific Islander,Not Hispanic or Latino,19,2016,NHOPI,2186-5,107,observed,0,zero
Iowa,2016,White,Hispanic or Latino,19,2016,2106-3,2135-2,3197,observed,Suppressed,suppressed
Iowa,2016,White,Not Hispanic or Latino,19,2016,2106-3,2186-5,31376,observed,30,observed
Iowa,2016,White,Unknown or Not Stated,19,2016,2106-3,9,Suppressed,suppressed,0,zero
Iowa,2017,American Indian or Alaska Native,Hispanic or Latino,19,2017,1002-5,2135-2,67,observed,0,zero
Iowa,2017,American Indian or Alaska Native,Not Hispanic or Latino,19,2017,1002-5,2186-5,183,observed,Suppressed,suppressed
Iowa,2017,Asian,Hispanic or Latino,19,2017,A,2135-2,60,observed,0,zero
Iowa,2017,Asian,Not Hispanic or Latino,19,2017,A,2186-5,1321,observed,Suppressed,suppressed
Iowa,2017,Asian,Unknown or Not Stated,19,2017,A,9,Suppressed,suppressed,0,zero
Iowa,2017,Black or African American,Hispanic or Latino,19,2017,2054-5,2135-2,140,observed,Suppressed,suppressed
Iowa,2017,Black or African American,Not Hispanic or Latino,19,2017,2054-5,2186-5,2657,observed,Suppressed,suppressed
Iowa,2017,More than one race,Hispanic or Latino,19,2017,M,2135-2,55,observed,0,zero
Iowa,2017,More than one race,Not Hispanic or Latino,19,2017,M,2186-5,600,observed,0,zero
Iowa,2017,Native Hawaiian or Other Pacific Islander,Hispanic or Latino,19,2017,NHOPI,2135-2,20,observed,0,zero
Iowa,2017,Native Hawaiian or Other Pacific Islander,Not Hispanic or Latino,19,2017,NHOPI,2186-5,128,observed,0,zero
Iowa,2017,White,Hispanic or Latino,19,2017,2106-3,2135-2,3185,observed,Suppressed,suppressed
Iowa,2017,White,Not Hispanic or Latino,19,2017,2106-3,2186-5,30010,observed,22,observed
Iowa,2017,White,Unknown or Not Stated,19,2017,2106-3,9,Suppressed,suppressed,0,zero
Iowa,2018,American Indian or Alaska Native,Hispanic or Latino,19,2018,1002-5,2135-2,91,observed,0,zero
Iowa,2018,American Indian or Alaska Native,Not Hispanic or Latino,19,2018,1002-5,2186-5,152,observed,0,zero
Iowa,2018,Asian,Hispanic or Latino,19,2018,A,2135-2,39,observed,Suppressed,suppressed
Iowa,2018,Asian,Not Hispanic or Latino,19,2018,A,2186-5,1176,observed,0,zero
Iowa,2018,Black or African American,Hispanic or Latino,19,2018,2054-5,2135-2,122,observed,0,zero
Iowa,2018,Black or African American,Not Hispanic or Latino,19,2018,2054-5,2186-5,2615,observed,Suppressed,suppressed
Iowa,2018,More than one race,Hispanic or Latino,19,2018,M,2135-2,52,observed,0,zero
Iowa,2018,More than one race,Not Hispanic or Latino,19,2018,M,2186-5,667,observed,Suppressed,suppressed
Iowa,2018,More than one race,Unknown or Not Stated,19,2018,M,9,Suppressed,suppressed,0,zero
Iowa,2018,Native Hawaiian or Other Pacific Islander,Hispanic or Latino,19,2018,NHOPI,2135-2,26,observed,0,zero
Iowa,2018,Native Hawaiian or Other Pacific Islander,Not Hispanic or Latino,19,2018,NHOPI,2186-5,149,observed,Suppressed,suppressed
Iowa,2018,White,Hispanic or Latino,19,2018,2106-3,2135-2,3364,observed,Suppressed,suppressed
Iowa,2018,White,Not Hispanic or Latino,19,2018,2106-3,2186-5,29327,observed,35,observed
Iowa,2018,White,Unknown or Not Stated,19,2018,2106-3,9,Suppressed,suppressed,0,zero
Iowa,2019,American Indian or Alaska Native,Hispanic or Latino,19,2019,1002-5,2135-2,81,observed,0,zero
Iowa,2019,American Indian or Alaska Native,Not Hispanic or Latino,19,2019,1002-5,2186-5,150,observed,0,zero
Iowa,2019,Asian,Hispanic or Latino,19,2019,A,2135-2,47,observed,0,zero
Iowa,2019,Asian,Not Hispanic or Latino,19,2019,A,2186-5,1106,observed,0,zero
Iowa,2019,Asian,Unknown or Not Stated,19,2019,A,9,Suppressed,suppressed,0,zero
Iowa,2019,Black or African American,Hispanic or Latino,19,2019,2054-5,2135-2,127,observed,0,zero
Iowa,2019,Black or African American,Not Hispanic or Latino,19,2019,2054-5,2186-5,2827,observed,Suppressed,suppressed
Iowa,2019,Black or African American,Unknown or Not Stated,19,2019,2054-5,9,Suppressed,suppressed,0,zero
Iowa,2019,More than one race,Hispanic or Latino,19,2019,M,2135-2,62,observed,0,zero
Iowa,2019,More than one race,Not Hispanic or Latino,19,2019,M,2186-5,656,observed,0,zero
Iowa,2019,Native Hawaiian or Other Pacific Islander,Hispanic or Latino,19,2019,NHOPI,2135-2,31,observed,0,zero
Iowa,2019,Native Hawaiian or Other Pacific Islander,Not Hispanic or Latino,19,2019,NHOPI,2186-5,158,observed,0,zero
Iowa,2019,White,Hispanic or Latino,19,2019,2106-3,2135-2,3347,observed,Suppressed,suppressed
Iowa,2019,White,Not Hispanic or Latino,19,2019,2106-3,2186-5,29050,observed,34,observed
Iowa,2019,White,Unknown or Not Stated,19,2019,2106-3,9,Suppressed,suppressed,0,zero
Iowa,2020,American Indian or Alaska Native,Hispanic or Latino,19,2020,1002-5,2135-2,98,observed,0,zero
Iowa,2020,American Indian or Alaska Native,Not Hispanic or Latino,19,2020,1002-5,2186-5,143,observed,0,zero
Iowa,2020,Asian,Hispanic or Latino,19,2020,A,2135-2,38,observed,0,zero
Iowa,2020,Asian,Not Hispanic or Latino,19,2020,A,2186-5,1067,observed,Suppressed,suppressed
Iowa,2020,Asian,Unknown or Not Stated,19,2020,A,9,Suppressed,suppressed,0,zero
Iowa,2020,Black or African American,Hispanic or Latino,19,2020,2054-5,2135-2,141,observed,0,zero
Iowa,2020,Black or African American,Not Hispanic or Latino,19,2020,2054-5,2186-5,2685,observed,Suppressed,suppressed
Iowa,2020,Black or African American,Unknown or Not Stated,19,2020,2054-5,9,Suppressed,suppressed,0,zero
Iowa,2020,More than one race,Hispanic or Latino,19,2020,M,2135-2,64,observed,0,zero
Iowa,2020,More than one race,Not Hispanic or Latino,19,2020,M,2186-5,712,observed,0,zero
Iowa,2020,Native Hawaiian or Other Pacific Islander,Hispanic or Latino,19,2020,NHOPI,2135-2,29,observed,0,zero
Iowa,2020,Native Hawaiian or Other Pacific Islander,Not Hispanic or Latino,19,2020,NHOPI,2186-5,234,observed,Suppressed,suppressed
Iowa,2020,White,Hispanic or Latino,19,2020,2106-3,2135-2,3355,observed,Suppressed,suppressed
Iowa,2020,White,Not Hispanic or Latino,19,2020,2106-3,2186-5,27542,observed,26,observed
Iowa,2020,White,Unknown or Not Stated,19,2020,2106-3,9,Suppressed,suppressed,0,zero
Iowa,2021,American Indian or Alaska Native,Hispanic or Latino,19,2021,1002-5,2135-2,72,observed,0,zero
Iowa,2021,American Indian or Alaska Native,Not Hispanic or Latino,19,2021,1002-5,2186-5,129,observed,0,zero
Iowa,2021,Asian,Hispanic or Latino,19,2021,A,2135-2,30,observed,0,zero
Iowa,2021,Asian,Not Hispanic or Latino,19,2021,A,2186-5,1055,observed,Suppressed,suppressed
Iowa,2021,Black or African American,Hispanic or Latino,19,2021,2054-5,2135-2,94,observed,0,zero
Iowa,2021,Black or African American,Not Hispanic or Latino,19,2021,2054-5,2186-5,2567,observed,Suppressed,suppressed
Iowa,2021,More than one race,Hispanic or Latino,19,2021,M,2135-2,66,observed,0,zero
Iowa,2021,More than one race,Not Hispanic or Latino,19,2021,M,2186-5,712,observed,0,zero
Iowa,2021,Native Hawaiian or Other Pacific Islander,Hispanic or Latino,19,2021,NHOPI,2135-2,24,observed,0,zero
Iowa,2021,Native Hawaiian or Other Pacific Islander,Not Hispanic or Latino,19,2021,NHOPI,2186-5,291,observed,0,zero
Iowa,2021,White,Hispanic or Latino,19,2021,2106-3,2135-2,3617,observed,Suppressed,suppressed
Iowa,2021,White,Not Hispanic or Latino,19,2021,2106-3,2186-5,28167,observed,24,observed
Iowa,2021,White,Unknown or Not Stated,19,2021,2106-3,9,11,observed,0,zero
Iowa,2022,American Indian or Alaska Native,Hispanic or Latino,19,2022,1002-5,2135-2,93,observed,0,zero
Iowa,2022,American Indian or Alaska Native,Not Hispanic or Latino,19,2022,1002-5,2186-5,136,observed,0,zero
Iowa,2022,Asian,Hispanic or Latino,19,2022,A,2135-2,46,observed,0,zero
Iowa,2022,Asian,Not Hispanic or Latino,19,2022,A,2186-5,1032,observed,Suppressed,suppressed
Iowa,2022,Black or African American,Hispanic or Latino,19,2022,2054-5,2135-2,135,observed,0,zero
Iowa,2022,Black or African American,Not Hispanic or Latino,19,2022,2054-5,2186-5,2562,observed,0,zero
Iowa,2022,Black or African American,Unknown or Not Stated,19,2022,2054-5,9,Suppressed,suppressed,0,zero
Iowa,2022,More than one race,Hispanic or Latino,19,2022,M,2135-2,85,observed,0,zero
Iowa,2022,More than one race,Not Hispanic or Latino,19,2022,M,2186-5,748,observed,Suppressed,suppressed
Iowa,2022,Native Hawaiian or Other Pacific Islander,Hispanic or Latino,19,2022,NHOPI,2135-2,26,observed,0,zero
Iowa,2022,Native Hawaiian or Other Pacific Islander,Not Hispanic or Latino,19,2022,NHOPI,2186-5,323,observed,Suppressed,suppressed
Iowa,2022,White,Hispanic or Latino,19,2022,2106-3,2135-2,3787,observed,Suppressed,suppressed
Iowa,2022,White,Not Hispanic or Latino,19,2022,2106-3,2186-5,27527,observed,24,observed
Iowa,2022,White,Unknown or Not Stated,19,2022,2106-3,9,Suppressed,suppressed,0,zero
Iowa,2023,American Indian or Alaska Native,Hispanic or Latino,19,2023,1002-5,2135-2,78,observed,0,zero
Iowa,2023,American Indian or Alaska Native,Not Hispanic or Latino,19,2023,1002-5,2186-5,142,observed,Suppressed,suppressed
Iowa,2023,Asian,Hispanic or Latino,19,2023,A,2135-2,43,observed,0,zero
Iowa,2023,Asian,Not Hispanic or Latino,19,2023,A,2186-5,956,observed,0,zero
Iowa,2023,Black or African American,Hispanic or Latino,19,2023,2054-5,2135-2,128,observed,0,zero
Iowa,2023,Black or African American,Not Hispanic or Latino,19,2023,2054-5,2186-5,2613,observed,Suppressed,suppressed
Iowa,2023,More than one race,Hispanic or Latino,19,2023,M,2135-2,72,observed,0,zero
Iowa,2023,More than one race,Not Hispanic or Latino,19,2023,M,2186-5,746,observed,Suppressed,suppressed
Iowa,2023,Native Hawaiian or Other Pacific Islander,Hispanic or Latino,19,2023,NHOPI,2135-2,30,observed,0,zero
Iowa,2023,Native Hawaiian or Other Pacific Islander,Not Hispanic or Latino,19,2023,NHOPI,2186-5,420,observed,Suppressed,suppressed
Iowa,2023,White,Hispanic or Latino,19,2023,2106-3,2135-2,3860,observed,Suppressed,suppressed
Iowa,2023,White,Not Hispanic or Latino,19,2023,2106-3,2186-5,26961,observed,18,observed
Iowa,2023,White,Unknown or Not Stated,19,2023,2106-3,9,Suppressed,suppressed,0,zero
Iowa,2024,American Indian or Alaska Native,Hispanic or Latino,19,2024,1002-5,2135-2,87,observed,0,zero
Iowa,2024,American Indian or Alaska Native,Not Hispanic or Latino,19,2024,1002-5,2186-5,135,observed,0,zero
Iowa,2024,Asian,Hispanic or Latino,19,2024,A,2135-2,19,observed,0,zero
Iowa,2024,Asian,Not Hispanic or Latino,19,2024,A,2186-5,986,observed,Suppressed,suppressed
Iowa,2024,Black or African American,Hispanic or Latino,19,2024,2054-5,2135-2,132,observed,0,zero
Iowa,2024,Black or African American,Not Hispanic or Latino,19,2024,2054-5,2186-5,2707,observed,Suppressed,suppressed
Iowa,2024,More than one race,Hispanic or Latino,19,2024,M,2135-2,91,observed,0,zero
Iowa,2024,More than one race,Not Hispanic or Latino,19,2024,M,2186-5,783,observed,0,zero
Iowa,2024,Native Hawaiian or Other Pacific Islander,Hispanic or Latino,19,2024,NHOPI,2135-2,29,observed,0,zero
Iowa,2024,Native Hawaiian or Other Pacific Islander,Not Hispanic or Latino,19,2024,NHOPI,2186-5,386,observed,Suppressed,suppressed
Iowa,2024,White,Hispanic or Latino,19,2024,2106-3,2135-2,4309,observed,Suppressed,suppressed
Iowa,2024,White,Not Hispanic or Latino,19,2024,2106-3,2186-5,26771,observed,22,observed
Iowa,2024,White,Unknown or Not Stated,19,2024,2106-3,9,Suppressed,suppressed,0,zero
Kansas,2016,American Indian or Alaska Native,Hispanic or Latino,20,2016,1002-5,2135-2,36,observed,0,zero
Kansas,2016,American Indian or Alaska Native,Not Hispanic or Latino,20,2016,1002-5,2186-5,173,observed,0,zero
Kansas,2016,Asian,Hispanic or Latino,20,2016,A,2135-2,79,observed,0,zero
Kansas,2016,Asian,Not Hispanic or Latino,20,2016,A,2186-5,1299,observed,0,zero
Kansas,2016,Asian,Unknown or Not Stated,20,2016,A,9,Suppressed,suppressed,0,zero
Kansas,2016,Black or African American,Hispanic or Latino,20,2016,2054-5,2135-2,240,observed,0,zero
Kansas,2016,Black or African American,Not Hispanic or Latino,20,2016,2054-5,2186-5,2543,observed,0,zero
Kansas,2016,Black or African American,Unknown or Not Stated,20,2016,2054-5,9,Suppressed,suppressed,0,zero
Kansas,2016,More than one race,Hispanic or Latino,20,2016,M,2135-2,84,observed,0,zero
Kansas,2016,More than one race,Not Hispanic or Latino,20,2016,M,2186-5,704,observed,0,zero
Kansas,2016,More than one race,Unknown or Not Stated,20,2016,M,9,Suppressed,suppressed,0,zero
Kansas,2016,Native Hawaiian or Other Pacific Islander,Hispanic or Latino,20,2016,NHOPI,2135-2,22,observed,0,zero
Kansas,2016,Native Hawaiian or Other Pacific Islander,Not Hispanic or Latino,20,2016,NHOPI,2186-5,45,observed,0,zero
Kansas,2016,White,Hispanic or Latino,20,2016,2106-3,2135-2,5837,observed,Suppressed,suppressed
Kansas,2016,White,Not Hispanic or Latino,20,2016,2106-3,2186-5,26935,observed,21,observed
Kansas,2016,White,Unknown or Not Stated,20,2016,2106-3,9,44,observed,0,zero
Kansas,2017,American Indian or Alaska Native,Hispanic or Latino,20,2017,1002-5,2135-2,40,observed,0,zero
Kansas,2017,American Indian or Alaska Native,Not Hispanic or Latino,20,2017,1002-5,2186-5,171,observed,0,zero
Kansas,2017,Asian,Hispanic or Latino,20,2017,A,2135-2,77,observed,0,zero
Kansas,2017,Asian,Not Hispanic or Latino,20,2017,A,2186-5,1255,observed,0,zero
Kansas,2017,Black or African American,Hispanic or Latino,20,2017,2054-5,2135-2,275,observed,Suppressed,suppressed
Kansas,2017,Black or African American,Not Hispanic or Latino,20,2017,2054-5,2186-5,2548,observed,Suppressed,suppressed
Kansas,2017,Black or African American,Unknown or Not Stated,20,2017,2054-5,9,Suppressed,suppressed,0,zero
Kansas,2017,More than one race,Hispanic or Latino,20,2017,M,2135-2,88,observed,0,zero
Kansas,2017,More than one race,Not Hispanic or Latino,20,2017,M,2186-5,867,observed,Suppressed,suppressed
Kansas,2017,More than one race,Unknown or Not Stated,20,2017,M,9,Suppressed,suppressed,0,zero
Kansas,2017,Native Hawaiian or Other Pacific Islander,Hispanic or Latino,20,2017,NHOPI,2135-2,22,observed,0,zero
Kansas,2017,Native Hawaiian or Other Pacific Islander,Not Hispanic or Latino,20,2017,NHOPI,2186-5,77,observed,0,zero
Kansas,2017,White,Hispanic or Latino,20,2017,2106-3,2135-2,5461,observed,0,zero
Kansas,2017,White,Not Hispanic or Latino,20,2017,2106-3,2186-5,25594,observed,22,observed
Kansas,2017,White,Unknown or Not Stated,20,2017,2106-3,9,39,observed,0,zero
Kansas,2018,American Indian or Alaska Native,Hispanic or Latino,20,2018,1002-5,2135-2,45,observed,0,zero
Kansas,2018,American Indian or Alaska Native,Not Hispanic or Latino,20,2018,1002-5,2186-5,151,observed,0,zero
Kansas,2018,American Indian or Alaska Native,Unknown or Not Stated,20,2018,1002-5,9,Suppressed,suppressed,0,zero
Kansas,2018,Asian,Hispanic or Latino,20,2018,A,2135-2,35,observed,0,zero
Kansas,2018,Asian,Not Hispanic or Latino,20,2018,A,2186-5,1228,observed,Suppressed,suppressed
Kansas,2018,Asian,Unknown or Not Stated,20,2018,A,9,Suppressed,suppressed,0,zero
Kansas,2018,Black or African American,Hispanic or Latino,20,2018,2054-5,2135-2,205,observed,0,zero
Kansas,2018,Black or African American,Not Hispanic or Latino,20,2018,2054-5,2186-5,2575,observed,Suppressed,suppressed
Kansas,2018,Black or African American,Unknown or Not Stated,20,2018,2054-5,9,Suppressed,suppressed,0,zero
Kansas,2018,More than one race,Hispanic or Latino,20,2018,M,2135-2,98,observed,0,zero
Kansas,2018,More than one race,Not Hispanic or Latino,20,2018,M,2186-5,877,observed,0,zero
Kansas,2018,More than one race,Unknown or Not Stated,20,2018,M,9,Suppressed,suppressed,0,zero
Kansas,2018,Native Hawaiian or Other Pacific Islander,Hispanic or Latino,20,2018,NHOPI,2135-2,20,observed,0,zero
Kansas,2018,Native Hawaiian or Other Pacific Islander,Not Hispanic or Latino,20,2018,NHOPI,2186-5,66,observed,0,zero
Kansas,2018,Native Hawaiian or Other Pacific Islander,Unknown or Not Stated,20,2018,NHOPI,9,Suppressed,suppressed,0,zero
Kansas,2018,White,Hispanic or Latino,20,2018,2106-3,2135-2,5574,observed,Suppressed,suppressed
Kansas,2018,White,Not Hispanic or Latino,20,2018,2106-3,2186-5,25323,observed,19,observed
Kansas,2018,White,Unknown or Not Stated,20,2018,2106-3,9,48,observed,0,zero
Kansas,2019,American Indian or Alaska Native,Hispanic or Latino,20,2019,1002-5,2135-2,62,observed,0,zero
Kansas,2019,American Indian or Alaska Native,Not Hispanic or Latino,20,2019,1002-5,2186-5,150,observed,0,zero
Kansas,2019,Asian,Hispanic or Latino,20,2019,A,2135-2,37,observed,0,zero
Kansas,2019,Asian,Not Hispanic or Latino,20,2019,A,2186-5,1216,observed,Suppressed,suppressed
Kansas,2019,Asian,Unknown or Not Stated,20,2019,A,9,Suppressed,suppressed,0,zero
Kansas,2019,Black or African American,Hispanic or Latino,20,2019,2054-5,2135-2,173,observed,0,zero
Kansas,2019,Black or African American,Not Hispanic or Latino,20,2019,2054-5,2186-5,2458,observed,0,zero
Kansas,2019,Black or African American,Unknown or Not Stated,20,2019,2054-5,9,Suppressed,suppressed,0,zero
Kansas,2019,More than one race,Hispanic or Latino,20,2019,M,2135-2,108,observed,Suppressed,suppressed
Kansas,2019,More than one race,Not Hispanic or Latino,20,2019,M,2186-5,820,observed,0,zero
Kansas,2019,More than one race,Unknown or Not Stated,20,2019,M,9,Suppressed,suppressed,0,zero
Kansas,2019,Native Hawaiian or Other Pacific Islander,Hispanic or Latino,20,2019,NHOPI,2135-2,18,observed,0,zero
Kansas,2019,Native Hawaiian or Other Pacific Islander,Not Hispanic or Latino,20,2019,NHOPI,2186-5,64,observed,0,zero
Kansas,2019,Native Hawaiian or Other Pacific Islander,Unknown or Not Stated,20,2019,NHOPI,9,Suppressed,suppressed,0,zero
Kansas,2019,White,Hispanic or Latino,20,2019,2106-3,2135-2,5673,observed,Suppressed,suppressed
Kansas,2019,White,Not Hispanic or Latino,20,2019,2106-3,2186-5,24549,observed,17,observed
Kansas,2019,White,Unknown or Not Stated,20,2019,2106-3,9,54,observed,0,zero
Kansas,2020,American Indian or Alaska Native,Hispanic or Latino,20,2020,1002-5,2135-2,49,observed,0,zero
Kansas,2020,American Indian or Alaska Native,Not Hispanic or Latino,20,2020,1002-5,2186-5,162,observed,Suppressed,suppressed
Kansas,2020,Asian,Hispanic or Latino,20,2020,A,2135-2,37,observed,0,zero
Kansas,2020,Asian,Not Hispanic or Latino,20,2020,A,2186-5,1146,observed,0,zero
Kansas,2020,Asian,Unknown or Not Stated,20,2020,A,9,Suppressed,suppressed,0,zero
Kansas,2020,Black or African American,Hispanic or Latino,20,2020,2054-5,2135-2,157,observed,0,zero
Kansas,2020,Black or African American,Not Hispanic or Latino,20,2020,2054-5,2186-5,2412,observed,Suppressed,suppressed
Kansas,2020,Black or African American,Unknown or Not Stated,20,2020,2054-5,9,Suppressed,suppressed,0,zero
Kansas,2020,More than one race,Hispanic or Latino,20,2020,M,2135-2,97,observed,0,zero
Kansas,2020,More than one race,Not Hispanic or Latino,20,2020,M,2186-5,876,observed,0,zero
Kansas,2020,More than one race,Unknown or Not Stated,20,2020,M,9,Suppressed,suppressed,0,zero
Kansas,2020,Native Hawaiian or Other Pacific Islander,Hispanic or Latino,20,2020,NHOPI,2135-2,24,observed,0,zero
Kansas,2020,Native Hawaiian or Other Pacific Islander,Not Hispanic or Latino,20,2020,NHOPI,2186-5,81,observed,0,zero
Kansas,2020,White,Hispanic or Latino,20,2020,2106-3,2135-2,5606,observed,Suppressed,suppressed
Kansas,2020,White,Not Hispanic or Latino,20,2020,2106-3,2186-5,23663,observed,11,observed
Kansas,2020,White,Unknown or Not Stated,20,2020,2106-3,9,58,observed,0,zero
Kansas,2021,American Indian or Alaska Native,Hispanic or Latino,20,2021,1002-5,2135-2,38,observed,0,zero
Kansas,2021,American Indian or Alaska Native,Not Hispanic or Latino,20,2021,1002-5,2186-5,183,observed,0,zero
Kansas,2021,American Indian or Alaska Native,Unknown or Not Stated,20,2021,1002-5,9,Suppressed,suppressed,0,zero
Kansas,2021,Asian,Hispanic or Latino,20,2021,A,2135-2,30,observed,0,zero
Kansas,2021,Asian,Not Hispanic or Latino,20,2021,A,2186-5,1031,observed,0,zero
Kansas,2021,Asian,Unknown or Not Stated,20,2021,A,9,Suppressed,suppressed,0,zero
Kansas,2021,Black or African American,Hispanic or Latino,20,2021,2054-5,2135-2,140,observed,0,zero
Kansas,2021,Black or African American,Not Hispanic or Latino,20,2021,2054-5,2186-5,2316,observed,Suppressed,suppressed
Kansas,2021,Black or African American,Unknown or Not Stated,20,2021,2054-5,9,12,observed,0,zero
Kansas,2021,More than one race,Hispanic or Latino,20,2021,M,2135-2,105,observed,0,zero
Kansas,2021,More than one race,Not Hispanic or Latino,20,2021,M,2186-5,822,observed,0,zero
Kansas,2021,More than one race,Unknown or Not Stated,20,2021,M,9,Suppressed,suppressed,0,zero
Kansas,2021,Native Hawaiian or Other Pacific Islander,Hispanic or Latino,20,2021,NHOPI,2135-2,29,observed,0,zero
Kansas,2021,Native Hawaiian or Other Pacific Islander,Not Hispanic or Latino,20,2021,NHOPI,2186-5,69,observed,0,zero
Kansas,2021,Native Hawaiian or Other Pacific Islander,Unknown or Not Stated,20,2021,NHOPI,9,Suppressed,suppressed,0,zero
Kansas,2021,White,Hispanic or Latino,20,2021,2106-3,2135-2,5780,observed,Suppressed,suppressed
Kansas,2021,White,Not Hispanic or Latino,20,2021,2106-3,2186-5,24056,observed,13,observed
Kansas,2021,White,Unknown or Not Stated,20,2021,2106-3,9,83,observed,0,zero
Kansas,2022,American Indian or Alaska Native,Hispanic or Latino,20,2022,1002-5,2135-2,69,observed,0,zero
Kansas,2022,American Indian or Alaska Native,Not Hispanic or Latino,20,2022,1002-5,2186-5,163,observed,0,zero
Kansas,2022,American Indian or Alaska Native,Unknown or Not Stated,20,2022,1002-5,9,Suppressed,suppressed,0,zero
Kansas,2022,Asian,Hispanic or Latino,20,2022,A,2135-2,24,observed,0,zero
Kansas,2022,Asian,Not Hispanic or Latino,20,2022,A,2186-5,1055,observed,0,zero
Kansas,2022,Asian,Unknown or Not Stated,20,2022,A,9,Suppressed,suppressed,0,zero
Kansas,2022,Black or African American,Hispanic or Latino,20,2022,2054-5,2135-2,150,observed,0,zero
Kansas,2022,Black or African American,Not Hispanic or Latino,20,2022,2054-5,2186-5,2208,observed,Suppressed,suppressed
Kansas,2022,Black or African American,Unknown or Not Stated,20,2022,2054-5,9,Suppressed,suppressed,0,zero
Kansas,2022,More than one race,Hispanic or Latino,20,2022,M,2135-2,113,observed,0,zero
Kansas,2022,More than one race,Not Hispanic or Latino,20,2022,M,2186-5,825,observed,0,zero
Kansas,2022,More than one race,Unknown or Not Stated,20,2022,M,9,Suppressed,suppressed,0,zero
Kansas,2022,Native Hawaiian or Other Pacific Islander,Hispanic or Latino,20,2022,NHOPI,2135-2,35,observed,0,zero
Kansas,2022,Native Hawaiian or Other Pacific Islander,Not Hispanic or Latino,20,2022,NHOPI,2186-5,78,observed,0,zero
Kansas,2022,Native Hawaiian or Other Pacific Islander,Unknown or Not Stated,20,2022,NHOPI,9,Suppressed,suppressed,0,zero
Kansas,2022,White,Hispanic or Latino,20,2022,2106-3,2135-2,5918,observed,Suppressed,suppressed
Kansas,2022,White,Not Hispanic or Latino,20,2022,2106-3,2186-5,23669,observed,14,observed
Kansas,2022,White,Unknown or Not Stated,20,2022,2106-3,9,79,observed,0,zero
Kansas,2023,American Indian or Alaska Native,Hispanic or Latino,20,2023,1002-5,2135-2,43,observed,0,zero
Kansas,2023,American Indian or Alaska Native,Not Hispanic or Latino,20,2023,1002-5,2186-5,142,observed,0,zero
Kansas,2023,American Indian or Alaska Native,Unknown or Not Stated,20,2023,1002-5,9,Suppressed,suppressed,0,zero
Kansas,2023,Asian,Hispanic or Latino,20,2023,A,2135-2,37,observed,0,zero
Kansas,2023,Asian,Not Hispanic or Latino,20,2023,A,2186-5,1028,observed,0,zero
Kansas,2023,Asian,Unknown or Not Stated,20,2023,A,9,Suppressed,suppressed,0,zero
Kansas,2023,Black or African American,Hispanic or Latino,20,2023,2054-5,2135-2,163,observed,0,zero
Kansas,2023,Black or African American,Not Hispanic or Latino,20,2023,2054-5,2186-5,2211,observed,0,zero
Kansas,2023,Black or African American,Unknown or Not Stated,20,2023,2054-5,9,13,observed,0,zero
Kansas,2023,More than one race,Hispanic or Latino,20,2023,M,2135-2,146,observed,0,zero
Kansas,2023,More than one race,Not Hispanic or Latino,20,2023,M,2186-5,849,observed,Suppressed,suppressed
Kansas,2023,More than one race,Unknown or Not Stated,20,2023,M,9,Suppressed,suppressed,0,zero
Kansas,2023,Native Hawaiian or Other Pacific Islander,Hispanic or Latino,20,2023,NHOPI,2135-2,27,observed,0,zero
Kansas,2023,Native Hawaiian or Other Pacific Islander,Not Hispanic or Latino,20,2023,NHOPI,2186-5,84,observed,0,zero
Kansas,2023,Native Hawaiian or Other Pacific Islander,Unknown or Not Stated,20,2023,NHOPI,9,Suppressed,suppressed,0,zero
Kansas,2023,White,Hispanic or Latino,20,2023,2106-3,2135-2,6160,observed,Suppressed,suppressed
Kansas,2023,White,Not Hispanic or Latino,20,2023,2106-3,2186-5,23088,observed,13,observed
Kansas,2023,White,Unknown or Not Stated,20,2023,2106-3,9,60,observed,Suppressed,suppressed
Kansas,2024,American Indian or Alaska Native,Hispanic or Latino,20,2024,1002-5,2135-2,45,observed,0,zero
Kansas,2024,American Indian or Alaska Native,Not Hispanic or Latino,20,2024,1002-5,2186-5,149,observed,0,zero
Kansas,2024,Asian,Hispanic or Latino,20,2024,A,2135-2,28,observed,0,zero
Kansas,2024,Asian,Not Hispanic or Latino,20,2024,A,2186-5,1011,observed,0,zero
Kansas,2024,Asian,Unknown or Not Stated,20,2024,A,9,Suppressed,suppressed,0,zero
Kansas,2024,Black or African American,Hispanic or Latino,20,2024,2054-5,2135-2,196,observed,0,zero
Kansas,2024,Black or African American,Not Hispanic or Latino,20,2024,2054-5,2186-5,2099,observed,Suppressed,suppressed
Kansas,2024,Black or African American,Unknown or Not Stated,20,2024,2054-5,9,12,observed,0,zero
Kansas,2024,More than one race,Hispanic or Latino,20,2024,M,2135-2,118,observed,0,zero
Kansas,2024,More than one race,Not Hispanic or Latino,20,2024,M,2186-5,934,observed,0,zero
Kansas,2024,More than one race,Unknown or Not Stated,20,2024,M,9,Suppressed,suppressed,0,zero
Kansas,2024,Native Hawaiian or Other Pacific Islander,Hispanic or Latino,20,2024,NHOPI,2135-2,28,observed,0,zero
Kansas,2024,Native Hawaiian or Other Pacific Islander,Not Hispanic or Latino,20,2024,NHOPI,2186-5,110,observed,0,zero
Kansas,2024,Native Hawaiian or Other Pacific Islander,Unknown or Not Stated,20,2024,NHOPI,9,Suppressed,suppressed,0,zero
Kansas,2024,White,Hispanic or Latino,20,2024,2106-3,2135-2,6636,observed,Suppressed,suppressed
Kansas,2024,White,Not Hispanic or Latino,20,2024,2106-3,2186-5,22535,observed,17,observed
Kansas,2024,White,Unknown or Not Stated,20,2024,2106-3,9,69,observed,0,zero
Kentucky,2016,American Indian or Alaska Native,Hispanic or Latino,21,2016,1002-5,2135-2,22,observed,0,zero
Kentucky,2016,American Indian or Alaska Native,Not Hispanic or Latino,21,2016,1002-5,2186-5,55,observed,0,zero
Kentucky,2016,Asian,Hispanic or Latino,21,2016,A,2135-2,66,observed,0,zero
Kentucky,2016,Asian,Not Hispanic or Latino,21,2016,A,2186-5,1182,observed,0,zero
Kentucky,2016,Asian,Unknown or Not Stated,21,2016,A,9,Suppressed,suppressed,0,zero
Kentucky,2016,Black or African American,Hispanic or Latino,21,2016,2054-5,2135-2,302,observed,Suppressed,suppressed
Kentucky,2016,Black or African American,Not Hispanic or Latino,21,2016,2054-5,2186-5,4902,observed,Suppressed,suppressed
Kentucky,2016,Black or African American,Unknown or Not Stated,21,2016,2054-5,9,24,observed,0,zero
Kentucky,2016,More than one race,Hispanic or Latino,21,2016,M,2135-2,55,observed,0,zero
Kentucky,2016,More than one race,Not Hispanic or Latino,21,2016,M,2186-5,856,observed,0,zero
Kentucky,2016,More than one race,Unknown or Not Stated,21,2016,M,9,Suppressed,suppressed,0,zero
Kentucky,2016,Native Hawaiian or Other Pacific Islander,Hispanic or Latino,21,2016,NHOPI,2135-2,23,observed,0,zero
Kentucky,2016,Native Hawaiian or Other Pacific Islander,Not Hispanic or Latino,21,2016,NHOPI,2186-5,67,observed,0,zero
Kentucky,2016,White,Hispanic or Latino,21,2016,2106-3,2135-2,2669,observed,Suppressed,suppressed
Kentucky,2016,White,Not Hispanic or Latino,21,2016,2106-3,2186-5,45146,observed,23,observed
Kentucky,2016,White,Unknown or Not Stated,21,2016,2106-3,9,77,observed,0,zero
Kentucky,2017,American Indian or Alaska Native,Hispanic or Latino,21,2017,1002-5,2135-2,17,observed,0,zero
Kentucky,2017,American Indian or Alaska Native,Not Hispanic or Latino,21,2017,1002-5,2186-5,49,observed,0,zero
Kentucky,2017,American Indian or Alaska Native,Unknown or Not Stated,21,2017,1002-5,9,Suppressed,suppressed,0,zero
Kentucky,2017,Asian,Hispanic or Latino,21,2017,A,2135-2,64,observed,0,zero
Kentucky,2017,Asian,Not Hispanic or Latino,21,2017,A,2186-5,1173,observed,0,zero
Kentucky,2017,Asian,Unknown or Not Stated,21,2017,A,9,Suppressed,suppressed,0,zero
Kentucky,2017,Black or African American,Hispanic or Latino,21,2017,2054-5,2135-2,294,observed,0,zero
Kentucky,2017,Black or African American,Not Hispanic or Latino,21,2017,2054-5,2186-5,5006,observed,Suppressed,suppressed
Kentucky,2017,Black or African American,Unknown or Not Stated,21,2017,2054-5,9,22,observed,0,zero
Kentucky,2017,More than one race,Hispanic or Latino,21,2017,M,2135-2,48,observed,0,zero
Kentucky,2017,More than one race,Not Hispanic or Latino,21,2017,M,2186-5,869,observed,Suppressed,suppressed
Kentucky,2017,More than one race,Unknown or Not Stated,21,2017,M,9,Suppressed,suppressed,0,zero
Kentucky,2017,Native Hawaiian or Other Pacific Islander,Hispanic or Latino,21,2017,NHOPI,2135-2,33,observed,0,zero
Kentucky,2017,Native Hawaiian or Other Pacific Islander,Not Hispanic or Latino,21,2017,NHOPI,2186-5,68,observed,0,zero
Kentucky,2017,Native Hawaiian or Other Pacific Islander,Unknown or Not Stated,21,2017,NHOPI,9,Suppressed,suppressed,0,zero
Kentucky,2017,White,Hispanic or Latino,21,2017,2106-3,2135-2,2706,observed,0,zero
Kentucky,2017,White,Not Hispanic or Latino,21,2017,2106-3,2186-5,44280,observed,37,observed
Kentucky,2017,White,Unknown or Not Stated,21,2017,2106-3,9,112,observed,0,zero
Kentucky,2018,American Indian or Alaska Native,Hispanic or Latino,21,2018,1002-5,2135-2,16,observed,0,zero
Kentucky,2018,American Indian or Alaska Native,Not Hispanic or Latino,21,2018,1002-5,2186-5,68,observed,0,zero
Kentucky,2018,Asian,Hispanic or Latino,21,2018,A,2135-2,29,observed,0,zero
Kentucky,2018,Asian,Not Hispanic or Latino,21,2018,A,2186-5,1144,observed,0,zero
Kentucky,2018,Asian,Unknown or Not Stated,21,2018,A,9,Suppressed,suppressed,0,zero
Kentucky,2018,Black or African American,Hispanic or Latino,21,2018,2054-5,2135-2,246,observed,0,zero
Kentucky,2018,Black or African American,Not Hispanic or Latino,21,2018,2054-5,2186-5,4950,observed,Suppressed,suppressed
Kentucky,2018,Black or African American,Unknown or Not Stated,21,2018,2054-5,9,23,observed,0,zero
Kentucky,2018,More than one race,Hispanic or Latino,21,2018,M,2135-2,53,observed,0,zero
Kentucky,2018,More than one race,Not Hispanic or Latino,21,2018,M,2186-5,992,observed,0,zero
Kentucky,2018,Native Hawaiian or Other Pacific Islander,Hispanic or Latino,21,2018,NHOPI,2135-2,27,observed,0,zero
Kentucky,2018,Native Hawaiian or Other Pacific Islander,Not Hispanic or Latino,21,2018,NHOPI,2186-5,79,observed,0,zero
Kentucky,2018,Native Hawaiian or Other Pacific Islander,Unknown or Not Stated,21,2018,NHOPI,9,Suppressed,suppressed,0,zero
Kentucky,2018,White,Hispanic or Latino,21,2018,2106-3,2135-2,2855,observed,Suppressed,suppressed
Kentucky,2018,White,Not Hispanic or Latino,21,2018,2106-3,2186-5,43317,observed,22,observed
Kentucky,2018,White,Unknown or Not Stated,21,2018,2106-3,9,117,observed,0,zero
Kentucky,2019,American Indian or Alaska Native,Hispanic or Latino,21,2019,1002-5,2135-2,46,observed,0,zero
Kentucky,2019,American Indian or Alaska Native,Not Hispanic or Latino,21,2019,1002-5,2186-5,50,observed,0,zero
Kentucky,2019,Asian,Hispanic or Latino,21,2019,A,2135-2,56,observed,0,zero
Kentucky,2019,Asian,Not Hispanic or Latino,21,2019,A,2186-5,1078,observed,Suppressed,suppressed
Kentucky,2019,Asian,Unknown or Not Stated,21,2019,A,9,11,observed,0,zero
Kentucky,2019,Black or African American,Hispanic or Latino,21,2019,2054-5,2135-2,286,observed,0,zero
Kentucky,2019,Black or African American,Not Hispanic or Latino,21,2019,2054-5,2186-5,5034,observed,Suppressed,suppressed
Kentucky,2019,Black or African American,Unknown or Not Stated,21,2019,2054-5,9,31,observed,0,zero
Kentucky,2019,More than one race,Hispanic or Latino,21,2019,M,2135-2,63,observed,0,zero
Kentucky,2019,More than one race,Not Hispanic or Latino,21,2019,M,2186-5,1019,observed,Suppressed,suppressed
Kentucky,2019,Native Hawaiian or Other Pacific Islander,Hispanic or Latino,21,2019,NHOPI,2135-2,26,observed,0,zero
Kentucky,2019,Native Hawaiian or Other Pacific Islander,Not Hispanic or Latino,21,2019,NHOPI,2186-5,69,observed,0,zero
Kentucky,2019,Native Hawaiian or Other Pacific Islander,Unknown or Not Stated,21,2019,NHOPI,9,Suppressed,suppressed,0,zero
Kentucky,2019,White,Hispanic or Latino,21,2019,2106-3,2135-2,2973,observed,Suppressed,suppressed
Kentucky,2019,White,Not Hispanic or Latino,21,2019,2106-3,2186-5,42215,observed,28,observed
Kentucky,2019,White,Unknown or Not Stated,21,2019,2106-3,9,111,observed,0,zero
Kentucky,2020,American Indian or Alaska Native,Hispanic or Latino,21,2020,1002-5,2135-2,41,observed,0,zero
Kentucky,2020,American Indian or Alaska Native,Not Hispanic or Latino,21,2020,1002-5,2186-5,53,observed,0,zero
Kentucky,2020,Asian,Hispanic or Latino,21,2020,A,2135-2,20,observed,0,zero
Kentucky,2020,Asian,Not Hispanic or Latino,21,2020,A,2186-5,1099,observed,0,zero
Kentucky,2020,Asian,Unknown or Not Stated,21,2020,A,9,Suppressed,suppressed,0,zero
Kentucky,2020,Black or African American,Hispanic or Latino,21,2020,2054-5,2135-2,295,observed,Suppressed,suppressed
Kentucky,2020,Black or African American,Not Hispanic or Latino,21,2020,2054-5,2186-5,5154,observed,Suppressed,suppressed
Kentucky,2020,Black or African American,Unknown or Not Stated,21,2020,2054-5,9,24,observed,0,zero
Kentucky,2020,More than one race,Hispanic or Latino,21,2020,M,2135-2,46,observed,0,zero
Kentucky,2020,More than one race,Not Hispanic or Latino,21,2020,M,2186-5,1004,observed,Suppressed,suppressed
Kentucky,2020,More than one race,Unknown or Not Stated,21,2020,M,9,Suppressed,suppressed,0,zero
Kentucky,2020,Native Hawaiian or Other Pacific Islander,Hispanic or Latino,21,2020,NHOPI,2135-2,57,observed,0,zero
Kentucky,2020,Native Hawaiian or Other Pacific Islander,Not Hispanic or Latino,21,2020,NHOPI,2186-5,75,observed,0,zero
Kentucky,2020,White,Hispanic or Latino,21,2020,2106-3,2135-2,3013,observed,Suppressed,suppressed
Kentucky,2020,White,Not Hispanic or Latino,21,2020,2106-3,2186-5,40726,observed,21,observed
Kentucky,2020,White,Unknown or Not Stated,21,2020,2106-3,9,53,observed,0,zero
Kentucky,2021,American Indian or Alaska Native,Hispanic or Latino,21,2021,1002-5,2135-2,45,observed,0,zero
Kentucky,2021,American Indian or Alaska Native,Not Hispanic or Latino,21,2021,1002-5,2186-5,43,observed,0,zero
Kentucky,2021,Asian,Hispanic or Latino,21,2021,A,2135-2,49,observed,0,zero
Kentucky,2021,Asian,Not Hispanic or Latino,21,2021,A,2186-5,1058,observed,0,zero
Kentucky,2021,Asian,Unknown or Not Stated,21,2021,A,9,Suppressed,suppressed,0,zero
Kentucky,2021,Black or African American,Hispanic or Latino,21,2021,2054-5,2135-2,325,observed,0,zero
Kentucky,2021,Black or African American,Not Hispanic or Latino,21,2021,2054-5,2186-5,5124,observed,Suppressed,suppressed
Kentucky,2021,Black or African American,Unknown or Not Stated,21,2021,2054-5,9,23,observed,0,zero
Kentucky,2021,More than one race,Hispanic or Latino,21,2021,M,2135-2,53,observed,0,zero
Kentucky,2021,More than one race,Not Hispanic or Latino,21,2021,M,2186-5,1005,observed,0,zero
Kentucky,2021,More than one race,Unknown or Not Stated,21,2021,M,9,Suppressed,suppressed,0,zero
Kentucky,2021,Native Hawaiian or Other Pacific Islander,Hispanic or Latino,21,2021,NHOPI,2135-2,34,observed,0,zero
Kentucky,2021,Native Hawaiian or Other Pacific Islander,Not Hispanic or Latino,21,2021,NHOPI,2186-5,82,observed,0,zero
Kentucky,2021,Native Hawaiian or Other Pacific Islander,Unknown or Not Stated,21,2021,NHOPI,9,Suppressed,suppressed,0,zero
Kentucky,2021,White,Hispanic or Latino,21,2021,2106-3,2135-2,3231,observed,Suppressed,suppressed
Kentucky,2021,White,Not Hispanic or Latino,21,2021,2106-3,2186-5,41061,observed,31,observed
Kentucky,2021,White,Unknown or Not Stated,21,2021,2106-3,9,75,observed,0,zero
Kentucky,2022,American Indian or Alaska Native,Hispanic or Latino,21,2022,1002-5,2135-2,44,observed,0,zero
Kentucky,2022,American Indian or Alaska Native,Not Hispanic or Latino,21,2022,1002-5,2186-5,59,observed,0,zero
Kentucky,2022,Asian,Hispanic or Latino,21,2022,A,2135-2,45,observed,Suppressed,suppressed
Kentucky,2022,Asian,Not Hispanic or Latino,21,2022,A,2186-5,1151,observed,Suppressed,suppressed
Kentucky,2022,Asian,Unknown or Not Stated,21,2022,A,9,12,observed,0,zero
Kentucky,2022,Black or African American,Hispanic or Latino,21,2022,2054-5,2135-2,346,observed,0,zero
Kentucky,2022,Black or African American,Not Hispanic or Latino,21,2022,2054-5,2186-5,5043,observed,Suppressed,suppressed
Kentucky,2022,Black or African American,Unknown or Not Stated,21,2022,2054-5,9,40,observed,0,zero
Kentucky,2022,More than one race,Hispanic or Latino,21,2022,M,2135-2,64,observed,0,zero
Kentucky,2022,More than one race,Not Hispanic or Latino,21,2022,M,2186-5,1041,observed,0,zero
Kentucky,2022,More than one race,Unknown or Not Stated,21,2022,M,9,Suppressed,suppressed,0,zero
Kentucky,2022,Native Hawaiian or Other Pacific Islander,Hispanic or Latino,21,2022,NHOPI,2135-2,56,observed,0,zero
Kentucky,2022,Native Hawaiian or Other Pacific Islander,Not Hispanic or Latino,21,2022,NHOPI,2186-5,92,observed,0,zero
Kentucky,2022,Native Hawaiian or Other Pacific Islander,Unknown or Not Stated,21,2022,NHOPI,9,Suppressed,suppressed,0,zero
Kentucky,2022,White,Hispanic or Latino,21,2022,2106-3,2135-2,3736,observed,Suppressed,suppressed
Kentucky,2022,White,Not Hispanic or Latino,21,2022,2106-3,2186-5,40484,observed,21,observed
Kentucky,2022,White,Unknown or Not Stated,21,2022,2106-3,9,98,observed,0,zero
Kentucky,2023,American Indian or Alaska Native,Hispanic or Latino,21,2023,1002-5,2135-2,58,observed,0,zero
Kentucky,2023,American Indian or Alaska Native,Not Hispanic or Latino,21,2023,1002-5,2186-5,59,observed,0,zero
Kentucky,2023,American Indian or Alaska Native,Unknown or Not Stated,21,2023,1002-5,9,Suppressed,suppressed,0,zero
Kentucky,2023,Asian,Hispanic or Latino,21,2023,A,2135-2,65,observed,0,zero
Kentucky,2023,Asian,Not Hispanic or Latino,21,2023,A,2186-5,1136,observed,0,zero
Kentucky,2023,Asian,Unknown or Not Stated,21,2023,A,9,Suppressed,suppressed,0,zero
Kentucky,2023,Black or African American,Hispanic or Latino,21,2023,2054-5,2135-2,350,observed,0,zero
Kentucky,2023,Black or African American,Not Hispanic or Latino,21,2023,2054-5,2186-5,4936,observed,Suppressed,suppressed
Kentucky,2023,Black or African American,Unknown or Not Stated,21,2023,2054-5,9,32,observed,0,zero
Kentucky,2023,More than one race,Hispanic or Latino,21,2023,M,2135-2,73,observed,0,zero
Kentucky,2023,More than one race,Not Hispanic or Latino,21,2023,M,2186-5,1101,observed,0,zero
Kentucky,2023,More than one race,Unknown or Not Stated,21,2023,M,9,Suppressed,suppressed,0,zero
Kentucky,2023,Native Hawaiian or Other Pacific Islander,Hispanic or Latino,21,2023,NHOPI,2135-2,45,observed,0,zero
Kentucky,2023,Native Hawaiian or Other Pacific Islander,Not Hispanic or Latino,21,2023,NHOPI,2186-5,100,observed,0,zero
Kentucky,2023,White,Hispanic or Latino,21,2023,2106-3,2135-2,4261,observed,Suppressed,suppressed
Kentucky,2023,White,Not Hispanic or Latino,21,2023,2106-3,2186-5,39667,observed,25,observed
Kentucky,2023,White,Unknown or Not Stated,21,2023,2106-3,9,93,observed,0,zero
Kentucky,2024,American Indian or Alaska Native,Hispanic or Latino,21,2024,1002-5,2135-2,54,observed,0,zero
Kentucky,2024,American Indian or Alaska Native,Not Hispanic or Latino,21,2024,1002-5,2186-5,32,observed,0,zero
Kentucky,2024,Asian,Hispanic or Latino,21,2024,A,2135-2,70,observed,0,zero
Kentucky,2024,Asian,Not Hispanic or Latino,21,2024,A,2186-5,1091,observed,Suppressed,suppressed
Kentucky,2024,Asian,Unknown or Not Stated,21,2024,A,9,16,observed,0,zero
Kentucky,2024,Black or African American,Hispanic or Latino,21,2024,2054-5,2135-2,436,observed,0,zero
Kentucky,2024,Black or African American,Not Hispanic or Latino,21,2024,2054-5,2186-5,4829,observed,Suppressed,suppressed
Kentucky,2024,Black or African American,Unknown or Not Stated,21,2024,2054-5,9,79,observed,0,zero
Kentucky,2024,More than one race,Hispanic or Latino,21,2024,M,2135-2,86,observed,0,zero
Kentucky,2024,More than one race,Not Hispanic or Latino,21,2024,M,2186-5,1267,observed,Suppressed,suppressed
Kentucky,2024,More than one race,Unknown or Not Stated,21,2024,M,9,Suppressed,suppressed,0,zero
Kentucky,2024,Native Hawaiian or Other Pacific Islander,Hispanic or Latino,21,2024,NHOPI,2135-2,48,observed,0,zero
Kentucky,2024,Native Hawaiian or Other Pacific Islander,Not Hispanic or Latino,21,2024,NHOPI,2186-5,113,observed,0,zero
Kentucky,2024,White,Hispanic or Latino,21,2024,2106-3,2135-2,4966,observed,Suppressed,suppressed
Kentucky,2024,White,Not Hispanic or Latino,21,2024,2106-3,2186-5,39603,observed,24,observed
Kentucky,2024,White,Unknown or Not Stated,21,2024,2106-3,9,216,observed,0,zero
Louisiana,2016,American Indian or Alaska Native,Hispanic or Latino,22,2016,1002-5,2135-2,52,observed,0,zero
Louisiana,2016,American Indian or Alaska Native,Not Hispanic or Latino,22,2016,1002-5,2186-5,321,observed,Suppressed,suppressed
Louisiana,2016,American Indian or Alaska Native,Unknown or Not Stated,22,2016,1002-5,9,Suppressed,suppressed,0,zero
Louisiana,2016,Asian,Hispanic or Latino,22,2016,A,2135-2,175,observed,0,zero
Louisiana,2016,Asian,Not Hispanic or Latino,22,2016,A,2186-5,1294,observed,0,zero
Louisiana,2016,Asian,Unknown or Not Stated,22,2016,A,9,Suppressed,suppressed,0,zero
Louisiana,2016,Black or African American,Hispanic or Latino,22,2016,2054-5,2135-2,1570,observed,Suppressed,suppressed
Louisiana,2016,Black or African American,Not Hispanic or Latino,22,2016,2054-5,2186-5,23135,observed,14,observed
Louisiana,2016,Black or African American,Unknown or Not Stated,22,2016,2054-5,9,21,observed,0,zero
Louisiana,2016,More than one race,Hispanic or Latino,22,2016,M,2135-2,45,observed,0,zero
Louisiana,2016,More than one race,Not Hispanic or Latino,22,2016,M,2186-5,643,observed,0,zero
Louisiana,2016,More than one race,Unknown or Not Stated,22,2016,M,9,Suppressed,suppressed,0,zero
Louisiana,2016,Native Hawaiian or Other Pacific Islander,Hispanic or Latino,22,2016,NHOPI,2135-2,15,observed,0,zero
Louisiana,2016,Native Hawaiian or Other Pacific Islander,Not Hispanic or Latino,22,2016,NHOPI,2186-5,31,observed,0,zero
Louisiana,2016,White,Hispanic or Latino,22,2016,2106-3,2135-2,2840,observed,0,zero
Louisiana,2016,White,Not Hispanic or Latino,22,2016,2106-3,2186-5,33008,observed,15,observed
Louisiana,2016,White,Unknown or Not Stated,22,2016,2106-3,9,24,observed,0,zero
Louisiana,2017,American Indian or Alaska Native,Hispanic or Latino,22,2017,1002-5,2135-2,30,observed,0,zero
Louisiana,2017,American Indian or Alaska Native,Not Hispanic or Latino,22,2017,1002-5,2186-5,295,observed,0,zero
Louisiana,2017,American Indian or Alaska Native,Unknown or Not Stated,22,2017,1002-5,9,Suppressed,suppressed,0,zero
Louisiana,2017,Asian,Hispanic or Latino,22,2017,A,2135-2,161,observed,0,zero
Louisiana,2017,Asian,Not Hispanic or Latino,22,2017,A,2186-5,1169,observed,0,zero
Louisiana,2017,Black or African American,Hispanic or Latino,22,2017,2054-5,2135-2,1732,observed,Suppressed,suppressed
Louisiana,2017,Black or African American,Not Hispanic or Latino,22,2017,2054-5,2186-5,22469,observed,Suppressed,suppressed
Louisiana,2017,Black or African American,Unknown or Not Stated,22,2017,2054-5,9,14,observed,0,zero
Louisiana,2017,More than one race,Hispanic or Latino,22,2017,M,2135-2,49,observed,0,zero
Louisiana,2017,More than one race,Not Hispanic or Latino,22,2017,M,2186-5,745,observed,Suppressed,suppressed
Louisiana,2017,Native Hawaiian or Other Pacific Islander,Hispanic or Latino,22,2017,NHOPI,2135-2,22,observed,0,zero
Louisiana,2017,Native Hawaiian or Other Pacific Islander,Not Hispanic or Latino,22,2017,NHOPI,2186-5,23,observed,0,zero
Louisiana,2017,White,Hispanic or Latino,22,2017,2106-3,2135-2,2784,observed,Suppressed,suppressed
Louisiana,2017,White,Not Hispanic or Latino,22,2017,2106-3,2186-5,31509,observed,16,observed
Louisiana,2017,White,Unknown or Not Stated,22,2017,2106-3,9,15,observed,0,zero
Louisiana,2018,American Indian or Alaska Native,Hispanic or Latino,22,2018,1002-5,2135-2,48,observed,0,zero
Louisiana,2018,American Indian or Alaska Native,Not Hispanic or Latino,22,2018,1002-5,2186-5,299,observed,0,zero
Louisiana,2018,Asian,Hispanic or Latino,22,2018,A,2135-2,122,observed,0,zero
Louisiana,2018,Asian,Not Hispanic or Latino,22,2018,A,2186-5,1156,observed,Suppressed,suppressed
Louisiana,2018,Asian,Unknown or Not Stated,22,2018,A,9,Suppressed,suppressed,0,zero
Louisiana,2018,Black or African American,Hispanic or Latino,22,2018,2054-5,2135-2,947,observed,0,zero
Louisiana,2018,Black or African American,Not Hispanic or Latino,22,2018,2054-5,2186-5,22119,observed,13,observed
Louisiana,2018,Black or African American,Unknown or Not Stated,22,2018,2054-5,9,12,observed,0,zero
Louisiana,2018,More than one race,Hispanic or Latino,22,2018,M,2135-2,43,observed,0,zero
Louisiana,2018,More than one race,Not Hispanic or Latino,22,2018,M,2186-5,788,observed,Suppressed,suppressed
Louisiana,2018,More than one race,Unknown or Not Stated,22,2018,M,9,Suppressed,suppressed,0,zero
Louisiana,2018,Native Hawaiian or Other Pacific Islander,Hispanic or Latino,22,2018,NHOPI,2135-2,124,observed,0,zero
Louisiana,2018,Native Hawaiian or Other Pacific Islander,Not Hispanic or Latino,22,2018,NHOPI,2186-5,32,observed,0,zero
Louisiana,2018,White,Hispanic or Latino,22,2018,2106-3,2135-2,3433,observed,Suppressed,suppressed
Louisiana,2018,White,Not Hispanic or Latino,22,2018,2106-3,2186-5,30458,observed,15,observed
Louisiana,2018,White,Unknown or Not Stated,22,2018,2106-3,9,31,observed,0,zero
Louisiana,2019,American Indian or Alaska Native,Hispanic or Latino,22,2019,1002-5,2135-2,94,observed,0,zero
Louisiana,2019,American Indian or Alaska Native,Not Hispanic or Latino,22,2019,1002-5,2186-5,249,observed,Suppressed,suppressed
Louisiana,2019,American Indian or Alaska Native,Unknown or Not Stated,22,2019,1002-5,9,Suppressed,suppressed,0,zero
Louisiana,2019,Asian,Hispanic or Latino,22,2019,A,2135-2,86,observed,0,zero
Louisiana,2019,Asian,Not Hispanic or Latino,22,2019,A,2186-5,1163,observed,Suppressed,suppressed
Louisiana,2019,Black or African American,Hispanic or Latino,22,2019,2054-5,2135-2,968,observed,Suppressed,suppressed
Louisiana,2019,Black or African American,Not Hispanic or Latino,22,2019,2054-5,2186-5,22106,observed,Suppressed,suppressed
Louisiana,2019,Black or African American,Unknown or Not Stated,22,2019,2054-5,9,17,observed,0,zero
Louisiana,2019,More than one race,Hispanic or Latino,22,2019,M,2135-2,59,observed,0,zero
Louisiana,2019,More than one race,Not Hispanic or Latino,22,2019,M,2186-5,730,observed,0,zero
Louisiana,2019,Native Hawaiian or Other Pacific Islander,Hispanic or Latino,22,2019,NHOPI,2135-2,79,observed,0,zero
Louisiana,2019,Native Hawaiian or Other Pacific Islander,Not Hispanic or Latino,22,2019,NHOPI,2186-5,35,observed,0,zero
Louisiana,2019,White,Hispanic or Latino,22,2019,2106-3,2135-2,3708,observed,Suppressed,suppressed
Louisiana,2019,White,Not Hispanic or Latino,22,2019,2106-3,2186-5,29628,observed,11,observed
Louisiana,2019,White,Unknown or Not Stated,22,2019,2106-3,9,18,observed,0,zero
Louisiana,2020,American Indian or Alaska Native,Hispanic or Latino,22,2020,1002-5,2135-2,71,observed,0,zero
Louisiana,2020,American Indian or Alaska Native,Not Hispanic or Latino,22,2020,1002-5,2186-5,245,observed,0,zero
Louisiana,2020,Asian,Hispanic or Latino,22,2020,A,2135-2,63,observed,0,zero
Louisiana,2020,Asian,Not Hispanic or Latino,22,2020,A,2186-5,1037,observed,0,zero
Louisiana,2020,Black or African American,Hispanic or Latino,22,2020,2054-5,2135-2,1112,observed,Suppressed,suppressed
Louisiana,2020,Black or African American,Not Hispanic or Latino,22,2020,2054-5,2186-5,21552,observed,12,observed
Louisiana,2020,Black or African American,Unknown or Not Stated,22,2020,2054-5,9,16,observed,0,zero
Louisiana,2020,More than one race,Hispanic or Latino,22,2020,M,2135-2,62,observed,0,zero
Louisiana,2020,More than one race,Not Hispanic or Latino,22,2020,M,2186-5,771,observed,0,zero
Louisiana,2020,Native Hawaiian or Other Pacific Islander,Hispanic or Latino,22,2020,NHOPI,2135-2,77,observed,0,zero
Louisiana,2020,Native Hawaiian or Other Pacific Islander,Not Hispanic or Latino,22,2020,NHOPI,2186-5,30,observed,0,zero
Louisiana,2020,Native Hawaiian or Other Pacific Islander,Unknown or Not Stated,22,2020,NHOPI,9,Suppressed,suppressed,0,zero
Louisiana,2020,White,Hispanic or Latino,22,2020,2106-3,2135-2,3631,observed,0,zero
Louisiana,2020,White,Not Hispanic or Latino,22,2020,2106-3,2186-5,28635,observed,18,observed
Louisiana,2020,White,Unknown or Not Stated,22,2020,2106-3,9,25,observed,Suppressed,suppressed
Louisiana,2021,American Indian or Alaska Native,Hispanic or Latino,22,2021,1002-5,2135-2,92,observed,0,zero
Louisiana,2021,American Indian or Alaska Native,Not Hispanic or Latino,22,2021,1002-5,2186-5,262,observed,0,zero
Louisiana,2021,Asian,Hispanic or Latino,22,2021,A,2135-2,55,observed,0,zero
Louisiana,2021,Asian,Not Hispanic or Latino,22,2021,A,2186-5,1011,observed,0,zero
Louisiana,2021,Black or African American,Hispanic or Latino,22,2021,2054-5,2135-2,1016,observed,Suppressed,suppressed
Louisiana,2021,Black or African American,Not Hispanic or Latino,22,2021,2054-5,2186-5,20958,observed,11,observed
Louisiana,2021,Black or African American,Unknown or Not Stated,22,2021,2054-5,9,15,observed,0,zero
Louisiana,2021,More than one race,Hispanic or Latino,22,2021,M,2135-2,51,observed,0,zero
Louisiana,2021,More than one race,Not Hispanic or Latino,22,2021,M,2186-5,771,observed,0,zero
Louisiana,2021,Native Hawaiian or Other Pacific Islander,Hispanic or Latino,22,2021,NHOPI,2135-2,63,observed,0,zero
Louisiana,2021,Native Hawaiian or Other Pacific Islander,Not Hispanic or Latino,22,2021,NHOPI,2186-5,32,observed,0,zero
Louisiana,2021,White,Hispanic or Latino,22,2021,2106-3,2135-2,3990,observed,Suppressed,suppressed
Louisiana,2021,White,Not Hispanic or Latino,22,2021,2106-3,2186-5,29100,observed,19,observed
Louisiana,2021,White,Unknown or Not Stated,22,2021,2106-3,9,21,observed,0,zero
Louisiana,2022,American Indian or Alaska Native,Hispanic or Latino,22,2022,1002-5,2135-2,76,observed,0,zero
Louisiana,2022,American Indian or Alaska Native,Not Hispanic or Latino,22,2022,1002-5,2186-5,302,observed,0,zero
Louisiana,2022,Asian,Hispanic or Latino,22,2022,A,2135-2,172,observed,0,zero
Louisiana,2022,Asian,Not Hispanic or Latino,22,2022,A,2186-5,1045,observed,Suppressed,suppressed
Louisiana,2022,Black or African American,Hispanic or Latino,22,2022,2054-5,2135-2,1262,observed,0,zero
Louisiana,2022,Black or African American,Not Hispanic or Latino,22,2022,2054-5,2186-5,20229,observed,Suppressed,suppressed
Louisiana,2022,Black or African American,Unknown or Not Stated,22,2022,2054-5,9,16,observed,0,zero
Louisiana,2022,More than one race,Hispanic or Latino,22,2022,M,2135-2,57,observed,0,zero
Louisiana,2022,More than one race,Not Hispanic or Latino,22,2022,M,2186-5,793,observed,0,zero
Louisiana,2022,Native Hawaiian or Other Pacific Islander,Hispanic or Latino,22,2022,NHOPI,2135-2,176,observed,0,zero
Louisiana,2022,Native Hawaiian or Other Pacific Islander,Not Hispanic or Latino,22,2022,NHOPI,2186-5,29,observed,0,zero
Louisiana,2022,White,Hispanic or Latino,22,2022,2106-3,2135-2,4193,observed,Suppressed,suppressed
Louisiana,2022,White,Not Hispanic or Latino,22,2022,2106-3,2186-5,28105,observed,21,observed
Louisiana,2022,White,Unknown or Not Stated,22,2022,2106-3,9,24,observed,0,zero
Louisiana,2023,American Indian or Alaska Native,Hispanic or Latino,22,2023,1002-5,2135-2,91,observed,0,zero
Louisiana,2023,American Indian or Alaska Native,Not Hispanic or Latino,22,2023,1002-5,2186-5,267,observed,0,zero
Louisiana,2023,Asian,Hispanic or Latino,22,2023,A,2135-2,129,observed,0,zero
Louisiana,2023,Asian,Not Hispanic or Latino,22,2023,A,2186-5,953,observed,Suppressed,suppressed
Louisiana,2023,Black or African American,Hispanic or Latino,22,2023,2054-5,2135-2,1222,observed,Suppressed,suppressed
Louisiana,2023,Black or African American,Not Hispanic or Latino,22,2023,2054-5,2186-5,19625,observed,14,observed
Louisiana,2023,Black or African American,Unknown or Not Stated,22,2023,2054-5,9,Suppressed,suppressed,0,zero
Louisiana,2023,More than one race,Hispanic or Latino,22,2023,M,2135-2,62,observed,0,zero
Louisiana,2023,More than one race,Not Hispanic or Latino,22,2023,M,2186-5,835,observed,Suppressed,suppressed
Louisiana,2023,More than one race,Unknown or Not Stated,22,2023,M,9,Suppressed,suppressed,0,zero
Louisiana,2023,Native Hawaiian or Other Pacific Islander,Hispanic or Latino,22,2023,NHOPI,2135-2,158,observed,0,zero
Louisiana,2023,Native Hawaiian or Other Pacific Islander,Not Hispanic or Latino,22,2023,NHOPI,2186-5,27,observed,0,zero
Louisiana,2023,White,Hispanic or Latino,22,2023,2106-3,2135-2,4302,observed,Suppressed,suppressed
Louisiana,2023,White,Not Hispanic or Latino,22,2023,2106-3,2186-5,27223,observed,19,observed
Louisiana,2023,White,Unknown or Not Stated,22,2023,2106-3,9,24,observed,0,zero
Louisiana,2024,American Indian or Alaska Native,Hispanic or Latino,22,2024,1002-5,2135-2,142,observed,Suppressed,suppressed
Louisiana,2024,American Indian or Alaska Native,Not Hispanic or Latino,22,2024,1002-5,2186-5,267,observed,0,zero
Louisiana,2024,Asian,Hispanic or Latino,22,2024,A,2135-2,96,observed,0,zero
Louisiana,2024,Asian,Not Hispanic or Latino,22,2024,A,2186-5,1046,observed,Suppressed,suppressed
Louisiana,2024,Black or African American,Hispanic or Latino,22,2024,2054-5,2135-2,1283,observed,Suppressed,suppressed
Louisiana,2024,Black or African American,Not Hispanic or Latino,22,2024,2054-5,2186-5,18386,observed,10,observed
Louisiana,2024,Black or African American,Unknown or Not Stated,22,2024,2054-5,9,Suppressed,suppressed,0,zero
Louisiana,2024,More than one race,Hispanic or Latino,22,2024,M,2135-2,42,observed,0,zero
Louisiana,2024,More than one race,Not Hispanic or Latino,22,2024,M,2186-5,834,observed,Suppressed,suppressed
Louisiana,2024,Native Hawaiian or Other Pacific Islander,Hispanic or Latino,22,2024,NHOPI,2135-2,82,observed,0,zero
Louisiana,2024,Native Hawaiian or Other Pacific Islander,Not Hispanic or Latino,22,2024,NHOPI,2186-5,27,observed,0,zero
Louisiana,2024,White,Hispanic or Latino,22,2024,2106-3,2135-2,4646,observed,Suppressed,suppressed
Louisiana,2024,White,Not Hispanic or Latino,22,2024,2106-3,2186-5,26427,observed,12,observed
Louisiana,2024,White,Unknown or Not Stated,22,2024,2106-3,9,20,observed,0,zero
Maine,2016,American Indian or Alaska Native,Not Hispanic or Latino,23,2016,1002-5,2186-5,97,observed,0,zero
Maine,2016,Asian,Hispanic or Latino,23,2016,A,2135-2,Suppressed,suppressed,0,zero
Maine,2016,Asian,Not Hispanic or Latino,23,2016,A,2186-5,192,observed,0,zero
Maine,2016,Asian,Unknown or Not Stated,23,2016,A,9,Suppressed,suppressed,0,zero
Maine,2016,Black or African American,Hispanic or Latino,23,2016,2054-5,2135-2,Suppressed,suppressed,0,zero
Maine,2016,Black or African American,Not Hispanic or Latino,23,2016,2054-5,2186-5,411,observed,Suppressed,suppressed
Maine,2016,More than one race,Hispanic or Latino,23,2016,M,2135-2,14,observed,0,zero
Maine,2016,More than one race,Not Hispanic or Latino,23,2016,M,2186-5,272,observed,0,zero
Maine,2016,Native Hawaiian or Other Pacific Islander,Hispanic or Latino,23,2016,NHOPI,2135-2,Suppressed,suppressed,0,zero
Maine,2016,Native Hawaiian or Other Pacific Islander,Not Hispanic or Latino,23,2016,NHOPI,2186-5,Suppressed,suppressed,0,zero
Maine,2016,White,Hispanic or Latino,23,2016,2106-3,2135-2,214,observed,0,zero
Maine,2016,White,Not Hispanic or Latino,23,2016,2106-3,2186-5,11484,observed,Suppressed,suppressed
Maine,2016,White,Unknown or Not Stated,23,2016,2106-3,9,Suppressed,suppressed,0,zero
Maine,2017,American Indian or Alaska Native,Hispanic or Latino,23,2017,1002-5,2135-2,Suppressed,suppressed,0,zero
Maine,2017,American Indian or Alaska Native,Not Hispanic or Latino,23,2017,1002-5,2186-5,85,observed,0,zero
Maine,2017,American Indian or Alaska Native,Unknown or Not Stated,23,2017,1002-5,9,Suppressed,suppressed,0,zero
Maine,2017,Asian,Hispanic or Latino,23,2017,A,2135-2,Suppressed,suppressed,0,zero
Maine,2017,Asian,Not Hispanic or Latino,23,2017,A,2186-5,219,observed,Suppressed,suppressed
Maine,2017,Asian,Unknown or Not Stated,23,2017,A,9,Suppressed,suppressed,0,zero
Maine,2017,Black or African American,Hispanic or Latino,23,2017,2054-5,2135-2,Suppressed,suppressed,0,zero
Maine,2017,Black or African American,Not Hispanic or Latino,23,2017,2054-5,2186-5,545,observed,0,zero
Maine,2017,More than one race,Hispanic or Latino,23,2017,M,2135-2,Suppressed,suppressed,0,zero
Maine,2017,More than one race,Not Hispanic or Latino,23,2017,M,2186-5,255,observed,0,zero
Maine,2017,Native Hawaiian or Other Pacific Islander,Hispanic or Latino,23,2017,NHOPI,2135-2,Suppressed,suppressed,0,zero
Maine,2017,Native Hawaiian or Other Pacific Islander,Not Hispanic or Latino,23,2017,NHOPI,2186-5,Suppressed,suppressed,0,zero
Maine,2017,White,Hispanic or Latino,23,2017,2106-3,2135-2,217,observed,0,zero
Maine,2017,White,Not Hispanic or Latino,23,2017,2106-3,2186-5,10958,observed,Suppressed,suppressed
Maine,2017,White,Unknown or Not Stated,23,2017,2106-3,9,Suppressed,suppressed,0,zero
Maine,2018,American Indian or Alaska Native,Not Hispanic or Latino,23,2018,1002-5,2186-5,96,observed,0,zero
Maine,2018,Asian,Not Hispanic or Latino,23,2018,A,2186-5,202,observed,0,zero
Maine,2018,Black or African American,Hispanic or Latino,23,2018,2054-5,2135-2,Suppressed,suppressed,0,zero
Maine,2018,Black or African American,Not Hispanic or Latino,23,2018,2054-5,2186-5,546,observed,0,zero
Maine,2018,More than one race,Hispanic or Latino,23,2018,M,2135-2,Suppressed,suppressed,0,zero
Maine,2018,More than one race,Not Hispanic or Latino,23,2018,M,2186-5,211,observed,0,zero
Maine,2018,Native Hawaiian or Other Pacific Islander,Not Hispanic or Latino,23,2018,NHOPI,2186-5,Suppressed,suppressed,0,zero
Maine,2018,White,Hispanic or Latino,23,2018,2106-3,2135-2,208,observed,0,zero
Maine,2018,White,Not Hispanic or Latino,23,2018,2106-3,2186-5,11022,observed,Suppressed,suppressed
Maine,2018,White,Unknown or Not Stated,23,2018,2106-3,9,Suppressed,suppressed,0,zero
Maine,2019,American Indian or Alaska Native,Hispanic or Latino,23,2019,1002-5,2135-2,Suppressed,suppressed,0,zero
Maine,2019,American Indian or Alaska Native,Not Hispanic or Latino,23,2019,1002-5,2186-5,91,observed,0,zero
Maine,2019,Asian,Hispanic or Latino,23,2019,A,2135-2,Suppressed,suppressed,0,zero
Maine,2019,Asian,Not Hispanic or Latino,23,2019,A,2186-5,217,observed,0,zero
Maine,2019,Black or African American,Hispanic or Latino,23,2019,2054-5,2135-2,11,observed,Suppressed,suppressed
Maine,2019,Black or African American,Not Hispanic or Latino,23,2019,2054-5,2186-5,541,observed,Suppressed,suppressed
Maine,2019,More than one race,Hispanic or Latino,23,2019,M,2135-2,Suppressed,suppressed,0,zero
Maine,2019,More than one race,Not Hispanic or Latino,23,2019,M,2186-5,257,observed,0,zero
Maine,2019,Native Hawaiian or Other Pacific Islander,Hispanic or Latino,23,2019,NHOPI,2135-2,Suppressed,suppressed,0,zero
Maine,2019,Native Hawaiian or Other Pacific Islander,Not Hispanic or Latino,23,2019,NHOPI,2186-5,Suppressed,suppressed,0,zero
Maine,2019,White,Hispanic or Latino,23,2019,2106-3,2135-2,232,observed,0,zero
Maine,2019,White,Not Hispanic or Latino,23,2019,2106-3,2186-5,10401,observed,Suppressed,suppressed
Maine,2019,White,Unknown or Not Stated,23,2019,2106-3,9,10,observed,0,zero
Maine,2020,American Indian or Alaska Native,Hispanic or Latino,23,2020,1002-5,2135-2,Suppressed,suppressed,0,zero
Maine,2020,American Indian or Alaska Native,Not Hispanic or Latino,23,2020,1002-5,2186-5,85,observed,0,zero
Maine,2020,Asian,Hispanic or Latino,23,2020,A,2135-2,Suppressed,suppressed,0,zero
Maine,2020,Asian,Not Hispanic or Latino,23,2020,A,2186-5,195,observed,0,zero
Maine,2020,Black or African American,Hispanic or Latino,23,2020,2054-5,2135-2,11,observed,0,zero
Maine,2020,Black or African American,Not Hispanic or Latino,23,2020,2054-5,2186-5,514,observed,Suppressed,suppressed
Maine,2020,More than one race,Hispanic or Latino,23,2020,M,2135-2,13,observed,0,zero
Maine,2020,More than one race,Not Hispanic or Latino,23,2020,M,2186-5,246,observed,0,zero
Maine,2020,Native Hawaiian or Other Pacific Islander,Hispanic or Latino,23,2020,NHOPI,2135-2,Suppressed,suppressed,0,zero
Maine,2020,Native Hawaiian or Other Pacific Islander,Not Hispanic or Latino,23,2020,NHOPI,2186-5,Suppressed,suppressed,0,zero
Maine,2020,White,Hispanic or Latino,23,2020,2106-3,2135-2,229,observed,Suppressed,suppressed
Maine,2020,White,Not Hispanic or Latino,23,2020,2106-3,2186-5,10231,observed,Suppressed,suppressed
Maine,2020,White,Unknown or Not Stated,23,2020,2106-3,9,Suppressed,suppressed,0,zero
Maine,2021,American Indian or Alaska Native,Hispanic or Latino,23,2021,1002-5,2135-2,Suppressed,suppressed,0,zero
Maine,2021,American Indian or Alaska Native,Not Hispanic or Latino,23,2021,1002-5,2186-5,71,observed,0,zero
Maine,2021,Asian,Hispanic or Latino,23,2021,A,2135-2,14,observed,0,zero
Maine,2021,Asian,Not Hispanic or Latino,23,2021,A,2186-5,197,observed,Suppressed,suppressed
Maine,2021,Black or African American,Hispanic or Latino,23,2021,2054-5,2135-2,12,observed,0,zero
Maine,2021,Black or African American,Not Hispanic or Latino,23,2021,2054-5,2186-5,551,observed,Suppressed,suppressed
Maine,2021,Black or African American,Unknown or Not Stated,23,2021,2054-5,9,Suppressed,suppressed,0,zero
Maine,2021,More than one race,Hispanic or Latino,23,2021,M,2135-2,17,observed,0,zero
Maine,2021,More than one race,Not Hispanic or Latino,23,2021,M,2186-5,250,observed,0,zero
Maine,2021,Native Hawaiian or Other Pacific Islander,Hispanic or Latino,23,2021,NHOPI,2135-2,Suppressed,suppressed,0,zero
Maine,2021,Native Hawaiian or Other Pacific Islander,Not Hispanic or Latino,23,2021,NHOPI,2186-5,Suppressed,suppressed,0,zero
Maine,2021,White,Hispanic or Latino,23,2021,2106-3,2135-2,252,observed,0,zero
Maine,2021,White,Not Hispanic or Latino,23,2021,2106-3,2186-5,10619,observed,Suppressed,suppressed
Maine,2021,White,Unknown or Not Stated,23,2021,2106-3,9,Suppressed,suppressed,0,zero
Maine,2022,American Indian or Alaska Native,Hispanic or Latino,23,2022,1002-5,2135-2,Suppressed,suppressed,0,zero
Maine,2022,American Indian or Alaska Native,Not Hispanic or Latino,23,2022,1002-5,2186-5,76,observed,Suppressed,suppressed
Maine,2022,Asian,Hispanic or Latino,23,2022,A,2135-2,Suppressed,suppressed,0,zero
Maine,2022,Asian,Not Hispanic or Latino,23,2022,A,2186-5,163,observed,Suppressed,suppressed
Maine,2022,Black or African American,Hispanic or Latino,23,2022,2054-5,2135-2,26,observed,0,zero
Maine,2022,Black or African American,Not Hispanic or Latino,23,2022,2054-5,2186-5,679,observed,0,zero
Maine,2022,More than one race,Hispanic or Latino,23,2022,M,2135-2,11,observed,0,zero
Maine,2022,More than one race,Not Hispanic or Latino,23,2022,M,2186-5,185,observed,0,zero
Maine,2022,Native Hawaiian or Other Pacific Islander,Not Hispanic or Latino,23,2022,NHOPI,2186-5,Suppressed,suppressed,0,zero
Maine,2022,White,Hispanic or Latino,23,2022,2106-3,2135-2,290,observed,0,zero
Maine,2022,White,Not Hispanic or Latino,23,2022,2106-3,2186-5,10640,observed,Suppressed,suppressed
Maine,2022,White,Unknown or Not Stated,23,2022,2106-3,9,Suppressed,suppressed,0,zero
Maine,2023,American Indian or Alaska Native,Hispanic or Latino,23,2023,1002-5,2135-2,Suppressed,suppressed,0,zero
Maine,2023,American Indian or Alaska Native,Not Hispanic or Latino,23,2023,1002-5,2186-5,70,observed,0,zero
Maine,2023,Asian,Hispanic or Latino,23,2023,A,2135-2,Suppressed,suppressed,0,zero
Maine,2023,Asian,Not Hispanic or Latino,23,2023,A,2186-5,199,observed,0,zero
Maine,2023,Black or African American,Hispanic or Latino,23,2023,2054-5,2135-2,21,observed,0,zero
Maine,2023,Black or African American,Not Hispanic or Latino,23,2023,2054-5,2186-5,790,observed,Suppressed,suppressed
Maine,2023,More than one race,Hispanic or Latino,23,2023,M,2135-2,12,observed,0,zero
Maine,2023,More than one race,Not Hispanic or Latino,23,2023,M,2186-5,210,observed,0,zero
Maine,2023,More than one race,Unknown or Not Stated,23,2023,M,9,Suppressed,suppressed,0,zero
Maine,2023,Native Hawaiian or Other Pacific Islander,Hispanic or Latino,23,2023,NHOPI,2135-2,Suppressed,suppressed,0,zero
Maine,2023,Native Hawaiian or Other Pacific Islander,Not Hispanic or Latino,23,2023,NHOPI,2186-5,Suppressed,suppressed,0,zero
Maine,2023,White,Hispanic or Latino,23,2023,2106-3,2135-2,289,observed,Suppressed,suppressed
Maine,2023,White,Not Hispanic or Latino,23,2023,2106-3,2186-5,10015,observed,Suppressed,suppressed
Maine,2023,White,Unknown or Not Stated,23,2023,2106-3,9,Suppressed,suppressed,0,zero
Maine,2024,American Indian or Alaska Native,Hispanic or Latino,23,2024,1002-5,2135-2,12,observed,0,zero
Maine,2024,American Indian or Alaska Native,Not Hispanic or Latino,23,2024,1002-5,2186-5,72,observed,0,zero
Maine,2024,American Indian or Alaska Native,Unknown or Not Stated,23,2024,1002-5,9,Suppressed,suppressed,0,zero
Maine,2024,Asian,Hispanic or Latino,23,2024,A,2135-2,Suppressed,suppressed,0,zero
Maine,2024,Asian,Not Hispanic or Latino,23,2024,A,2186-5,192,observed,0,zero
Maine,2024,Asian,Unknown or Not Stated,23,2024,A,9,Suppressed,suppressed,0,zero
Maine,2024,Black or African American,Hispanic or Latino,23,2024,2054-5,2135-2,25,observed,0,zero
Maine,2024,Black or African American,Not Hispanic or Latino,23,2024,2054-5,2186-5,799,observed,Suppressed,suppressed
Maine,2024,Black or African American,Unknown or Not Stated,23,2024,2054-5,9,Suppressed,suppressed,0,zero
Maine,2024,More than one race,Hispanic or Latino,23,2024,M,2135-2,16,observed,0,zero
Maine,2024,More than one race,Not Hispanic or Latino,23,2024,M,2186-5,196,observed,0,zero
Maine,2024,More than one race,Unknown or Not Stated,23,2024,M,9,Suppressed,suppressed,0,zero
Maine,2024,Native Hawaiian or Other Pacific Islander,Hispanic or Latino,23,2024,NHOPI,2135-2,Suppressed,suppressed,0,zero
Maine,2024,Native Hawaiian or Other Pacific Islander,Not Hispanic or Latino,23,2024,NHOPI,2186-5,Suppressed,suppressed,0,zero
Maine,2024,White,Hispanic or Latino,23,2024,2106-3,2135-2,291,observed,Suppressed,suppressed
Maine,2024,White,Not Hispanic or Latino,23,2024,2106-3,2186-5,9669,observed,10,observed
Maine,2024,White,Unknown or Not Stated,23,2024,2106-3,9,295,observed,0,zero
Maryland,2016,American Indian or Alaska Native,Hispanic or Latino,24,2016,1002-5,2135-2,97,observed,Suppressed,suppressed
Maryland,2016,American Indian or Alaska Native,Not Hispanic or Latino,24,2016,1002-5,2186-5,104,observed,0,zero
Maryland,2016,Asian,Hispanic or Latino,24,2016,A,2135-2,588,observed,0,zero
Maryland,2016,Asian,Not Hispanic or Latino,24,2016,A,2186-5,5282,observed,Suppressed,suppressed
Maryland,2016,Asian,Unknown or Not Stated,24,2016,A,9,10,observed,0,zero
Maryland,2016,Black or African American,Hispanic or Latino,24,2016,2054-5,2135-2,2703,observed,Suppressed,suppressed
Maryland,2016,Black or African American,Not Hispanic or Latino,24,2016,2054-5,2186-5,22829,observed,10,observed
Maryland,2016,Black or African American,Unknown or Not Stated,24,2016,2054-5,9,109,observed,0,zero
Maryland,2016,More than one race,Hispanic or Latino,24,2016,M,2135-2,145,observed,0,zero
Maryland,2016,More than one race,Not Hispanic or Latino,24,2016,M,2186-5,1513,observed,Suppressed,suppressed
Maryland,2016,More than one race,Unknown or Not Stated,24,2016,M,9,Suppressed,suppressed,0,zero
Maryland,2016,Native Hawaiian or Other Pacific Islander,Hispanic or Latino,24,2016,NHOPI,2135-2,60,observed,0,zero
Maryland,2016,Native Hawaiian or Other Pacific Islander,Not Hispanic or Latino,24,2016,NHOPI,2186-5,46,observed,0,zero
Maryland,2016,Native Hawaiian or Other Pacific Islander,Unknown or Not Stated,24,2016,NHOPI,9,Suppressed,suppressed,0,zero
Maryland,2016,White,Hispanic or Latino,24,2016,2106-3,2135-2,8279,observed,10,observed
Maryland,2016,White,Not Hispanic or Latino,24,2016,2106-3,2186-5,31278,observed,14,observed
Maryland,2016,White,Unknown or Not Stated,24,2016,2106-3,9,83,observed,0,zero
Maryland,2017,American Indian or Alaska Native,Hispanic or Latino,24,2017,1002-5,2135-2,92,observed,0,zero
Maryland,2017,American Indian or Alaska Native,Not Hispanic or Latino,24,2017,1002-5,2186-5,87,observed,0,zero
Maryland,2017,Asian,Hispanic or Latino,24,2017,A,2135-2,607,observed,Suppressed,suppressed
Maryland,2017,Asian,Not Hispanic or Latino,24,2017,A,2186-5,5276,observed,0,zero
Maryland,2017,Asian,Unknown or Not Stated,24,2017,A,9,15,observed,0,zero
Maryland,2017,Black or African American,Hispanic or Latino,24,2017,2054-5,2135-2,2813,observed,Suppressed,suppressed
Maryland,2017,Black or African American,Not Hispanic or Latino,24,2017,2054-5,2186-5,22327,observed,Suppressed,suppressed
Maryland,2017,Black or African American,Unknown or Not Stated,24,2017,2054-5,9,112,observed,0,zero
Maryland,2017,More than one race,Hispanic or Latino,24,2017,M,2135-2,186,observed,0,zero
Maryland,2017,More than one race,Not Hispanic or Latino,24,2017,M,2186-5,1683,observed,0,zero
Maryland,2017,More than one race,Unknown or Not Stated,24,2017,M,9,Suppressed,suppressed,0,zero
Maryland,2017,Native Hawaiian or Other Pacific Islander,Hispanic or Latino,24,2017,NHOPI,2135-2,76,observed,0,zero
Maryland,2017,Native Hawaiian or Other Pacific Islander,Not Hispanic or Latino,24,2017,NHOPI,2186-5,40,observed,0,zero
Maryland,2017,White,Hispanic or Latino,24,2017,2106-3,2135-2,8449,observed,10,observed
Maryland,2017,White,Not Hispanic or Latino,24,2017,2106-3,2186-5,29809,observed,19,observed
Maryland,2017,White,Unknown or Not Stated,24,2017,2106-3,9,60,observed,0,zero
Maryland,2018,American Indian or Alaska Native,Hispanic or Latino,24,2018,1002-5,2135-2,193,observed,0,zero
Maryland,2018,American Indian or Alaska Native,Not Hispanic or Latino,24,2018,1002-5,2186-5,83,observed,0,zero
Maryland,2018,American Indian or Alaska Native,Unknown or Not Stated,24,2018,1002-5,9,Suppressed,suppressed,0,zero
Maryland,2018,Asian,Hispanic or Latino,24,2018,A,2135-2,275,observed,0,zero
Maryland,2018,Asian,Not Hispanic or Latino,24,2018,A,2186-5,4928,observed,Suppressed,suppressed
Maryland,2018,Asian,Unknown or Not Stated,24,2018,A,9,34,observed,0,zero
Maryland,2018,Black or African American,Hispanic or Latino,24,2018,2054-5,2135-2,1401,observed,Suppressed,suppressed
Maryland,2018,Black or African American,Not Hispanic or Latino,24,2018,2054-5,2186-5,21893,observed,12,observed
Maryland,2018,Black or African American,Unknown or Not Stated,24,2018,2054-5,9,172,observed,0,zero
Maryland,2018,More than one race,Hispanic or Latino,24,2018,M,2135-2,149,observed,0,zero
Maryland,2018,More than one race,Not Hispanic or Latino,24,2018,M,2186-5,1784,observed,0,zero
Maryland,2018,More than one race,Unknown or Not Stated,24,2018,M,9,Suppressed,suppressed,0,zero
Maryland,2018,Native Hawaiian or Other Pacific Islander,Hispanic or Latino,24,2018,NHOPI,2135-2,100,observed,0,zero
Maryland,2018,Native Hawaiian or Other Pacific Islander,Not Hispanic or Latino,24,2018,NHOPI,2186-5,31,observed,0,zero
Maryland,2018,Native Hawaiian or Other Pacific Islander,Unknown or Not Stated,24,2018,NHOPI,9,Suppressed,suppressed,0,zero
Maryland,2018,White,Hispanic or Latino,24,2018,2106-3,2135-2,10352,observed,18,observed
Maryland,2018,White,Not Hispanic or Latino,24,2018,2106-3,2186-5,29585,observed,11,observed
Maryland,2018,White,Unknown or Not Stated,24,2018,2106-3,9,88,observed,0,zero
Maryland,2019,American Indian or Alaska Native,Hispanic or Latino,24,2019,1002-5,2135-2,341,observed,0,zero
Maryland,2019,American Indian or Alaska Native,Not Hispanic or Latino,24,2019,1002-5,2186-5,75,observed,0,zero
Maryland,2019,Asian,Hispanic or Latino,24,2019,A,2135-2,179,observed,0,zero
Maryland,2019,Asian,Not Hispanic or Latino,24,2019,A,2186-5,4928,observed,Suppressed,suppressed
Maryland,2019,Asian,Unknown or Not Stated,24,2019,A,9,28,observed,0,zero
Maryland,2019,Black or African American,Hispanic or Latino,24,2019,2054-5,2135-2,1568,observed,0,zero
Maryland,2019,Black or African American,Not Hispanic or Latino,24,2019,2054-5,2186-5,21494,observed,Suppressed,suppressed
Maryland,2019,Black or African American,Unknown or Not Stated,24,2019,2054-5,9,127,observed,0,zero
Maryland,2019,More than one race,Hispanic or Latino,24,2019,M,2135-2,195,observed,0,zero
Maryland,2019,More than one race,Not Hispanic or Latino,24,2019,M,2186-5,1683,observed,0,zero
Maryland,2019,More than one race,Unknown or Not Stated,24,2019,M,9,Suppressed,suppressed,0,zero
Maryland,2019,Native Hawaiian or Other Pacific Islander,Hispanic or Latino,24,2019,NHOPI,2135-2,83,observed,0,zero
Maryland,2019,Native Hawaiian or Other Pacific Islander,Not Hispanic or Latino,24,2019,NHOPI,2186-5,38,observed,0,zero
Maryland,2019,White,Hispanic or Latino,24,2019,2106-3,2135-2,10506,observed,12,observed
Maryland,2019,White,Not Hispanic or Latino,24,2019,2106-3,2186-5,28846,observed,Suppressed,suppressed
Maryland,2019,White,Unknown or Not Stated,24,2019,2106-3,9,79,observed,0,zero
Maryland,2020,American Indian or Alaska Native,Hispanic or Latino,24,2020,1002-5,2135-2,456,observed,0,zero
Maryland,2020,American Indian or Alaska Native,Not Hispanic or Latino,24,2020,1002-5,2186-5,79,observed,0,zero
Maryland,2020,Asian,Hispanic or Latino,24,2020,A,2135-2,227,observed,0,zero
Maryland,2020,Asian,Not Hispanic or Latino,24,2020,A,2186-5,4595,observed,Suppressed,suppressed
Maryland,2020,Asian,Unknown or Not Stated,24,2020,A,9,Suppressed,suppressed,0,zero
Maryland,2020,Black or African American,Hispanic or Latino,24,2020,2054-5,2135-2,1552,observed,Suppressed,suppressed
Maryland,2020,Black or African American,Not Hispanic or Latino,24,2020,2054-5,2186-5,20869,observed,Suppressed,suppressed
Maryland,2020,Black or African American,Unknown or Not Stated,24,2020,2054-5,9,68,observed,0,zero
Maryland,2020,More than one race,Hispanic or Latino,24,2020,M,2135-2,230,observed,0,zero
Maryland,2020,More than one race,Not Hispanic or Latino,24,2020,M,2186-5,1746,observed,Suppressed,suppressed
Maryland,2020,More than one race,Unknown or Not Stated,24,2020,M,9,Suppressed,suppressed,0,zero
Maryland,2020,Native Hawaiian or Other Pacific Islander,Hispanic or Latino,24,2020,NHOPI,2135-2,89,observed,0,zero
Maryland,2020,Native Hawaiian or Other Pacific Islander,Not Hispanic or Latino,24,2020,NHOPI,2186-5,29,observed,0,zero
Maryland,2020,Native Hawaiian or Other Pacific Islander,Unknown or Not Stated,24,2020,NHOPI,9,Suppressed,suppressed,0,zero
Maryland,2020,White,Hispanic or Latino,24,2020,2106-3,2135-2,10480,observed,Suppressed,suppressed
Maryland,2020,White,Not Hispanic or Latino,24,2020,2106-3,2186-5,28060,observed,Suppressed,suppressed
Maryland,2020,White,Unknown or Not Stated,24,2020,2106-3,9,60,observed,0,zero
Maryland,2021,American Indian or Alaska Native,Hispanic or Latino,24,2021,1002-5,2135-2,295,observed,0,zero
Maryland,2021,American Indian or Alaska Native,Not Hispanic or Latino,24,2021,1002-5,2186-5,83,observed,0,zero
Maryland,2021,American Indian or Alaska Native,Unknown or Not Stated,24,2021,1002-5,9,Suppressed,suppressed,0,zero
Maryland,2021,Asian,Hispanic or Latino,24,2021,A,2135-2,223,observed,0,zero
Maryland,2021,Asian,Not Hispanic or Latino,24,2021,A,2186-5,4431,observed,0,zero
Maryland,2021,Asian,Unknown or Not Stated,24,2021,A,9,16,observed,0,zero
Maryland,2021,Black or African American,Hispanic or Latino,24,2021,2054-5,2135-2,1561,observed,Suppressed,suppressed
Maryland,2021,Black or African American,Not Hispanic or Latino,24,2021,2054-5,2186-5,20449,observed,12,observed
Maryland,2021,Black or African American,Unknown or Not Stated,24,2021,2054-5,9,49,observed,0,zero
Maryland,2021,More than one race,Hispanic or Latino,24,2021,M,2135-2,250,observed,0,zero
Maryland,2021,More than one race,Not Hispanic or Latino,24,2021,M,2186-5,1787,observed,Suppressed,suppressed
Maryland,2021,More than one race,Unknown or Not Stated,24,2021,M,9,Suppressed,suppressed,0,zero
Maryland,2021,Native Hawaiian or Other Pacific Islander,Hispanic or Latino,24,2021,NHOPI,2135-2,84,observed,0,zero
Maryland,2021,Native Hawaiian or Other Pacific Islander,Not Hispanic or Latino,24,2021,NHOPI,2186-5,31,observed,0,zero
Maryland,2021,Native Hawaiian or Other Pacific Islander,Unknown or Not Stated,24,2021,NHOPI,9,Suppressed,suppressed,0,zero
Maryland,2021,White,Hispanic or Latino,24,2021,2106-3,2135-2,10751,observed,Suppressed,suppressed
Maryland,2021,White,Not Hispanic or Latino,24,2021,2106-3,2186-5,28193,observed,Suppressed,suppressed
Maryland,2021,White,Unknown or Not Stated,24,2021,2106-3,9,79,observed,0,zero
Maryland,2022,American Indian or Alaska Native,Hispanic or Latino,24,2022,1002-5,2135-2,361,observed,Suppressed,suppressed
Maryland,2022,American Indian or Alaska Native,Not Hispanic or Latino,24,2022,1002-5,2186-5,77,observed,Suppressed,suppressed
Maryland,2022,American Indian or Alaska Native,Unknown or Not Stated,24,2022,1002-5,9,Suppressed,suppressed,0,zero
Maryland,2022,Asian,Hispanic or Latino,24,2022,A,2135-2,311,observed,0,zero
Maryland,2022,Asian,Not Hispanic or Latino,24,2022,A,2186-5,4480,observed,Suppressed,suppressed
Maryland,2022,Asian,Unknown or Not Stated,24,2022,A,9,19,observed,0,zero
Maryland,2022,Black or African American,Hispanic or Latino,24,2022,2054-5,2135-2,1946,observed,0,zero
Maryland,2022,Black or African American,Not Hispanic or Latino,24,2022,2054-5,2186-5,20438,observed,11,observed
Maryland,2022,Black or African American,Unknown or Not Stated,24,2022,2054-5,9,51,observed,0,zero
Maryland,2022,More than one race,Hispanic or Latino,24,2022,M,2135-2,218,observed,0,zero
Maryland,2022,More than one race,Not Hispanic or Latino,24,2022,M,2186-5,1865,observed,0,zero
Maryland,2022,More than one race,Unknown or Not Stated,24,2022,M,9,Suppressed,suppressed,0,zero
Maryland,2022,Native Hawaiian or Other Pacific Islander,Hispanic or Latino,24,2022,NHOPI,2135-2,113,observed,0,zero
Maryland,2022,Native Hawaiian or Other Pacific Islander,Not Hispanic or Latino,24,2022,NHOPI,2186-5,36,observed,0,zero
Maryland,2022,White,Hispanic or Latino,24,2022,2106-3,2135-2,11449,observed,Suppressed,suppressed
Maryland,2022,White,Not Hispanic or Latino,24,2022,2106-3,2186-5,27333,observed,Suppressed,suppressed
Maryland,2022,White,Unknown or Not Stated,24,2022,2106-3,9,79,observed,0,zero
Maryland,2023,American Indian or Alaska Native,Hispanic or Latino,24,2023,1002-5,2135-2,412,observed,Suppressed,suppressed
Maryland,2023,American Indian or Alaska Native,Not Hispanic or Latino,24,2023,1002-5,2186-5,75,observed,0,zero
Maryland,2023,American Indian or Alaska Native,Unknown or Not Stated,24,2023,1002-5,9,Suppressed,suppressed,0,zero
Maryland,2023,Asian,Hispanic or Latino,24,2023,A,2135-2,330,observed,0,zero
Maryland,2023,Asian,Not Hispanic or Latino,24,2023,A,2186-5,4262,observed,Suppressed,suppressed
Maryland,2023,Asian,Unknown or Not Stated,24,2023,A,9,16,observed,0,zero
Maryland,2023,Black or African American,Hispanic or Latino,24,2023,2054-5,2135-2,1978,observed,Suppressed,suppressed
Maryland,2023,Black or African American,Not Hispanic or Latino,24,2023,2054-5,2186-5,18939,observed,Suppressed,suppressed
Maryland,2023,Black or African American,Unknown or Not Stated,24,2023,2054-5,9,52,observed,0,zero
Maryland,2023,More than one race,Hispanic or Latino,24,2023,M,2135-2,213,observed,0,zero
Maryland,2023,More than one race,Not Hispanic or Latino,24,2023,M,2186-5,1930,observed,0,zero
Maryland,2023,More than one race,Unknown or Not Stated,24,2023,M,9,Suppressed,suppressed,0,zero
Maryland,2023,Native Hawaiian or Other Pacific Islander,Hispanic or Latino,24,2023,NHOPI,2135-2,120,observed,0,zero
Maryland,2023,Native Hawaiian or Other Pacific Islander,Not Hispanic or Latino,24,2023,NHOPI,2186-5,29,observed,0,zero
Maryland,2023,Native Hawaiian or Other Pacific Islander,Unknown or Not Stated,24,2023,NHOPI,9,Suppressed,suppressed,0,zero
Maryland,2023,White,Hispanic or Latino,24,2023,2106-3,2135-2,11389,observed,13,observed
Maryland,2023,White,Not Hispanic or Latino,24,2023,2106-3,2186-5,25746,observed,0,zero
Maryland,2023,White,Unknown or Not Stated,24,2023,2106-3,9,97,observed,0,zero
Maryland,2024,American Indian or Alaska Native,Hispanic or Latino,24,2024,1002-5,2135-2,551,observed,0,zero
Maryland,2024,American Indian or Alaska Native,Not Hispanic or Latino,24,2024,1002-5,2186-5,79,observed,0,zero
Maryland,2024,American Indian or Alaska Native,Unknown or Not Stated,24,2024,1002-5,9,Suppressed,suppressed,0,zero
Maryland,2024,Asian,Hispanic or Latino,24,2024,A,2135-2,357,observed,0,zero
Maryland,2024,Asian,Not Hispanic or Latino,24,2024,A,2186-5,4469,observed,Suppressed,suppressed
Maryland,2024,Asian,Unknown or Not Stated,24,2024,A,9,26,observed,0,zero
Maryland,2024,Black or African American,Hispanic or Latino,24,2024,2054-5,2135-2,2037,observed,Suppressed,suppressed
Maryland,2024,Black or African American,Not Hispanic or Latino,24,2024,2054-5,2186-5,18330,observed,Suppressed,suppressed
Maryland,2024,Black or African American,Unknown or Not Stated,24,2024,2054-5,9,78,observed,0,zero
Maryland,2024,More than one race,Hispanic or Latino,24,2024,M,2135-2,243,observed,0,zero
Maryland,2024,More than one race,Not Hispanic or Latino,24,2024,M,2186-5,2090,observed,Suppressed,suppressed
Maryland,2024,More than one race,Unknown or Not Stated,24,2024,M,9,Suppressed,suppressed,0,zero
Maryland,2024,Native Hawaiian or Other Pacific Islander,Hispanic or Latino,24,2024,NHOPI,2135-2,158,observed,0,zero
Maryland,2024,Native Hawaiian or Other Pacific Islander,Not Hispanic or Latino,24,2024,NHOPI,2186-5,27,observed,0,zero
Maryland,2024,Native Hawaiian or Other Pacific Islander,Unknown or Not Stated,24,2024,NHOPI,9,Suppressed,suppressed,0,zero
Maryland,2024,White,Hispanic or Latino,24,2024,2106-3,2135-2,11828,observed,Suppressed,suppressed
Maryland,2024,White,Not Hispanic or Latino,24,2024,2106-3,2186-5,25368,observed,Suppressed,suppressed
Maryland,2024,White,Unknown or Not Stated,24,2024,2106-3,9,147,observed,0,zero
Massachusetts,2016,American Indian or Alaska Native,Hispanic or Latino,25,2016,1002-5,2135-2,13,observed,0,zero
Massachusetts,2016,American Indian or Alaska Native,Not Hispanic or Latino,25,2016,1002-5,2186-5,80,observed,0,zero
Massachusetts,2016,Asian,Hispanic or Latino,25,2016,A,2135-2,161,observed,0,zero
Massachusetts,2016,Asian,Not Hispanic or Latino,25,2016,A,2186-5,6422,observed,Suppressed,suppressed
Massachusetts,2016,Asian,Unknown or Not Stated,25,2016,A,9,102,observed,0,zero
Massachusetts,2016,Black or African American,Hispanic or Latino,25,2016,2054-5,2135-2,2061,observed,Suppressed,suppressed
Massachusetts,2016,Black or African American,Not Hispanic or Latino,25,2016,2054-5,2186-5,6873,observed,Suppressed,suppressed
Massachusetts,2016,Black or African American,Unknown or Not Stated,25,2016,2054-5,9,144,observed,0,zero
Massachusetts,2016,More than one race,Hispanic or Latino,25,2016,M,2135-2,290,observed,0,zero
Massachusetts,2016,More than one race,Not Hispanic or Latino,25,2016,M,2186-5,1364,observed,Suppressed,suppressed
Massachusetts,2016,More than one race,Unknown or Not Stated,25,2016,M,9,Suppressed,suppressed,0,zero
Massachusetts,2016,Native Hawaiian or Other Pacific Islander,Hispanic or Latino,25,2016,NHOPI,2135-2,27,observed,0,zero
Massachusetts,2016,Native Hawaiian or Other Pacific Islander,Not Hispanic or Latino,25,2016,NHOPI,2186-5,14,observed,0,zero
Massachusetts,2016,Native Hawaiian or Other Pacific Islander,Unknown or Not Stated,25,2016,NHOPI,9,Suppressed,suppressed,0,zero
Massachusetts,2016,White,Hispanic or Latino,25,2016,2106-3,2135-2,10629,observed,Suppressed,suppressed
Massachusetts,2016,White,Not Hispanic or Latino,25,2016,2106-3,2186-5,42135,observed,25,observed
Massachusetts,2016,White,Unknown or Not Stated,25,2016,2106-3,9,998,observed,0,zero
Massachusetts,2017,American Indian or Alaska Native,Hispanic or Latino,25,2017,1002-5,2135-2,12,observed,0,zero
Massachusetts,2017,American Indian or Alaska Native,Not Hispanic or Latino,25,2017,1002-5,2186-5,63,observed,0,zero
Massachusetts,2017,American Indian or Alaska Native,Unknown or Not Stated,25,2017,1002-5,9,Suppressed,suppressed,0,zero
Massachusetts,2017,Asian,Hispanic or Latino,25,2017,A,2135-2,187,observed,Suppressed,suppressed
Massachusetts,2017,Asian,Not Hispanic or Latino,25,2017,A,2186-5,6067,observed,Suppressed,suppressed
Massachusetts,2017,Asian,Unknown or Not Stated,25,2017,A,9,144,observed,0,zero
Massachusetts,2017,Black or African American,Hispanic or Latino,25,2017,2054-5,2135-2,2301,observed,Suppressed,suppressed
Massachusetts,2017,Black or African American,Not Hispanic or Latino,25,2017,2054-5,2186-5,6953,observed,Suppressed,suppressed
Massachusetts,2017,Black or African American,Unknown or Not Stated,25,2017,2054-5,9,225,observed,0,zero
Massachusetts,2017,More than one race,Hispanic or Latino,25,2017,M,2135-2,330,observed,0,zero
Massachusetts,2017,More than one race,Not Hispanic or Latino,25,2017,M,2186-5,1439,observed,Suppressed,suppressed
Massachusetts,2017,More than one race,Unknown or Not Stated,25,2017,M,9,Suppressed,suppressed,0,zero
Massachusetts,2017,Native Hawaiian or Other Pacific Islander,Hispanic or Latino,25,2017,NHOPI,2135-2,14,observed,0,zero
Massachusetts,2017,Native Hawaiian or Other Pacific Islander,Not Hispanic or Latino,25,2017,NHOPI,2186-5,23,observed,Suppressed,suppressed
Massachusetts,2017,White,Hispanic or Latino,25,2017,2106-3,2135-2,10765,observed,Suppressed,suppressed
Massachusetts,2017,White,Not Hispanic or Latino,25,2017,2106-3,2186-5,40773,observed,22,observed
Massachusetts,2017,White,Unknown or Not Stated,25,2017,2106-3,9,1403,observed,Suppressed,suppressed
Massachusetts,2018,American Indian or Alaska Native,Hispanic or Latino,25,2018,1002-5,2135-2,12,observed,0,zero
Massachusetts,2018,American Indian or Alaska Native,Not Hispanic or Latino,25,2018,1002-5,2186-5,53,observed,0,zero
Massachusetts,2018,American Indian or Alaska Native,Unknown or Not Stated,25,2018,1002-5,9,Suppressed,suppressed,0,zero
Massachusetts,2018,Asian,Hispanic or Latino,25,2018,A,2135-2,50,observed,0,zero
Massachusetts,2018,Asian,Not Hispanic or Latino,25,2018,A,2186-5,6183,observed,Suppressed,suppressed
Massachusetts,2018,Asian,Unknown or Not Stated,25,2018,A,9,91,observed,0,zero
Massachusetts,2018,Black or African American,Hispanic or Latino,25,2018,2054-5,2135-2,2507,observed,Suppressed,suppressed
Massachusetts,2018,Black or African American,Not Hispanic or Latino,25,2018,2054-5,2186-5,6826,observed,Suppressed,suppressed
Massachusetts,2018,Black or African American,Unknown or Not Stated,25,2018,2054-5,9,124,observed,0,zero
Massachusetts,2018,More than one race,Hispanic or Latino,25,2018,M,2135-2,366,observed,0,zero
Massachusetts,2018,More than one race,Not Hispanic or Latino,25,2018,M,2186-5,1474,observed,Suppressed,suppressed
Massachusetts,2018,Native Hawaiian or Other Pacific Islander,Hispanic or Latino,25,2018,NHOPI,2135-2,Suppressed,suppressed,0,zero
Massachusetts,2018,Native Hawaiian or Other Pacific Islander,Not Hispanic or Latino,25,2018,NHOPI,2186-5,23,observed,0,zero
Massachusetts,2018,White,Hispanic or Latino,25,2018,2106-3,2135-2,10868,observed,Suppressed,suppressed
Massachusetts,2018,White,Not Hispanic or Latino,25,2018,2106-3,2186-5,39663,observed,21,observed
Massachusetts,2018,White,Unknown or Not Stated,25,2018,2106-3,9,859,observed,Suppressed,suppressed
Massachusetts,2019,American Indian or Alaska Native,Hispanic or Latino,25,2019,1002-5,2135-2,16,observed,0,zero
Massachusetts,2019,American Indian or Alaska Native,Not Hispanic or Latino,25,2019,1002-5,2186-5,79,observed,0,zero
Massachusetts,2019,American Indian or Alaska Native,Unknown or Not Stated,25,2019,1002-5,9,11,observed,0,zero
Massachusetts,2019,Asian,Hispanic or Latino,25,2019,A,2135-2,64,observed,0,zero
Massachusetts,2019,Asian,Not Hispanic or Latino,25,2019,A,2186-5,6228,observed,Suppressed,suppressed
Massachusetts,2019,Asian,Unknown or Not Stated,25,2019,A,9,106,observed,0,zero
Massachusetts,2019,Black or African American,Hispanic or Latino,25,2019,2054-5,2135-2,2514,observed,Suppressed,suppressed
Massachusetts,2019,Black or African American,Not Hispanic or Latino,25,2019,2054-5,2186-5,6850,observed,10,observed
Massachusetts,2019,Black or African American,Unknown or Not Stated,25,2019,2054-5,9,109,observed,0,zero
Massachusetts,2019,More than one race,Hispanic or Latino,25,2019,M,2135-2,403,observed,0,zero
Massachusetts,2019,More than one race,Not Hispanic or Latino,25,2019,M,2186-5,1485,observed,0,zero
Massachusetts,2019,More than one race,Unknown or Not Stated,25,2019,M,9,Suppressed,suppressed,0,zero
Massachusetts,2019,Native Hawaiian or Other Pacific Islander,Hispanic or Latino,25,2019,NHOPI,2135-2,Suppressed,suppressed,0,zero
Massachusetts,2019,Native Hawaiian or Other Pacific Islander,Not Hispanic or Latino,25,2019,NHOPI,2186-5,19,observed,0,zero
Massachusetts,2019,Native Hawaiian or Other Pacific Islander,Unknown or Not Stated,25,2019,NHOPI,9,Suppressed,suppressed,0,zero
Massachusetts,2019,White,Hispanic or Latino,25,2019,2106-3,2135-2,11137,observed,10,observed
Massachusetts,2019,White,Not Hispanic or Latino,25,2019,2106-3,2186-5,39219,observed,29,observed
Massachusetts,2019,White,Unknown or Not Stated,25,2019,2106-3,9,865,observed,Suppressed,suppressed
Massachusetts,2020,American Indian or Alaska Native,Hispanic or Latino,25,2020,1002-5,2135-2,12,observed,0,zero
Massachusetts,2020,American Indian or Alaska Native,Not Hispanic or Latino,25,2020,1002-5,2186-5,71,observed,0,zero
Massachusetts,2020,American Indian or Alaska Native,Unknown or Not Stated,25,2020,1002-5,9,Suppressed,suppressed,0,zero
Massachusetts,2020,Asian,Hispanic or Latino,25,2020,A,2135-2,59,observed,0,zero
Massachusetts,2020,Asian,Not Hispanic or Latino,25,2020,A,2186-5,5826,observed,Suppressed,suppressed
Massachusetts,2020,Asian,Unknown or Not Stated,25,2020,A,9,84,observed,0,zero
Massachusetts,2020,Black or African American,Hispanic or Latino,25,2020,2054-5,2135-2,2912,observed,0,zero
Massachusetts,2020,Black or African American,Not Hispanic or Latino,25,2020,2054-5,2186-5,6580,observed,Suppressed,suppressed
Massachusetts,2020,Black or African American,Unknown or Not Stated,25,2020,2054-5,9,104,observed,0,zero
Massachusetts,2020,More than one race,Hispanic or Latino,25,2020,M,2135-2,369,observed,Suppressed,suppressed
Massachusetts,2020,More than one race,Not Hispanic or Latino,25,2020,M,2186-5,1388,observed,Suppressed,suppressed
Massachusetts,2020,More than one race,Unknown or Not Stated,25,2020,M,9,Suppressed,suppressed,0,zero
Massachusetts,2020,Native Hawaiian or Other Pacific Islander,Hispanic or Latino,25,2020,NHOPI,2135-2,12,observed,0,zero
Massachusetts,2020,Native Hawaiian or Other Pacific Islander,Not Hispanic or Latino,25,2020,NHOPI,2186-5,22,observed,0,zero
Massachusetts,2020,White,Hispanic or Latino,25,2020,2106-3,2135-2,10716,observed,Suppressed,suppressed
Massachusetts,2020,White,Not Hispanic or Latino,25,2020,2106-3,2186-5,37357,observed,17,observed
Massachusetts,2020,White,Unknown or Not Stated,25,2020,2106-3,9,913,observed,0,zero
Massachusetts,2021,American Indian or Alaska Native,Hispanic or Latino,25,2021,1002-5,2135-2,20,observed,0,zero
Massachusetts,2021,American Indian or Alaska Native,Not Hispanic or Latino,25,2021,1002-5,2186-5,63,observed,0,zero
Massachusetts,2021,American Indian or Alaska Native,Unknown or Not Stated,25,2021,1002-5,9,Suppressed,suppressed,0,zero
Massachusetts,2021,Asian,Hispanic or Latino,25,2021,A,2135-2,43,observed,0,zero
Massachusetts,2021,Asian,Not Hispanic or Latino,25,2021,A,2186-5,5471,observed,Suppressed,suppressed
Massachusetts,2021,Asian,Unknown or Not Stated,25,2021,A,9,78,observed,0,zero
Massachusetts,2021,Black or African American,Hispanic or Latino,25,2021,2054-5,2135-2,2956,observed,Suppressed,suppressed
Massachusetts,2021,Black or African American,Not Hispanic or Latino,25,2021,2054-5,2186-5,6674,observed,Suppressed,suppressed
Massachusetts,2021,Black or African American,Unknown or Not Stated,25,2021,2054-5,9,104,observed,0,zero
Massachusetts,2021,More than one race,Hispanic or Latino,25,2021,M,2135-2,397,observed,Suppressed,suppressed
Massachusetts,2021,More than one race,Not Hispanic or Latino,25,2021,M,2186-5,1507,observed,Suppressed,suppressed
Massachusetts,2021,Native Hawaiian or Other Pacific Islander,Hispanic or Latino,25,2021,NHOPI,2135-2,13,observed,0,zero
Massachusetts,2021,Native Hawaiian or Other Pacific Islander,Not Hispanic or Latino,25,2021,NHOPI,2186-5,12,observed,0,zero
Massachusetts,2021,Native Hawaiian or Other Pacific Islander,Unknown or Not Stated,25,2021,NHOPI,9,Suppressed,suppressed,0,zero
Massachusetts,2021,White,Hispanic or Latino,25,2021,2106-3,2135-2,11122,observed,Suppressed,suppressed
Massachusetts,2021,White,Not Hispanic or Latino,25,2021,2106-3,2186-5,39817,observed,13,observed
Massachusetts,2021,White,Unknown or Not Stated,25,2021,2106-3,9,858,observed,0,zero
Massachusetts,2022,American Indian or Alaska Native,Hispanic or Latino,25,2022,1002-5,2135-2,19,observed,0,zero
Massachusetts,2022,American Indian or Alaska Native,Not Hispanic or Latino,25,2022,1002-5,2186-5,57,observed,0,zero
Massachusetts,2022,American Indian or Alaska Native,Unknown or Not Stated,25,2022,1002-5,9,Suppressed,suppressed,0,zero
Massachusetts,2022,Asian,Hispanic or Latino,25,2022,A,2135-2,63,observed,0,zero
Massachusetts,2022,Asian,Not Hispanic or Latino,25,2022,A,2186-5,5630,observed,Suppressed,suppressed
Massachusetts,2022,Asian,Unknown or Not Stated,25,2022,A,9,112,observed,Suppressed,suppressed
Massachusetts,2022,Black or African American,Hispanic or Latino,25,2022,2054-5,2135-2,2985,observed,0,zero
Massachusetts,2022,Black or African American,Not Hispanic or Latino,25,2022,2054-5,2186-5,7125,observed,Suppressed,suppressed
Massachusetts,2022,Black or African American,Unknown or Not Stated,25,2022,2054-5,9,112,observed,0,zero
Massachusetts,2022,More than one race,Hispanic or Latino,25,2022,M,2135-2,462,observed,Suppressed,suppressed
Massachusetts,2022,More than one race,Not Hispanic or Latino,25,2022,M,2186-5,1512,observed,Suppressed,suppressed
Massachusetts,2022,More than one race,Unknown or Not Stated,25,2022,M,9,Suppressed,suppressed,0,zero
Massachusetts,2022,Native Hawaiian or Other Pacific Islander,Hispanic or Latino,25,2022,NHOPI,2135-2,19,observed,0,zero
Massachusetts,2022,Native Hawaiian or Other Pacific Islander,Not Hispanic or Latino,25,2022,NHOPI,2186-5,21,observed,0,zero
Massachusetts,2022,White,Hispanic or Latino,25,2022,2106-3,2135-2,11835,observed,Suppressed,suppressed
Massachusetts,2022,White,Not Hispanic or Latino,25,2022,2106-3,2186-5,37682,observed,24,observed
Massachusetts,2022,White,Unknown or Not Stated,25,2022,2106-3,9,942,observed,0,zero
Massachusetts,2023,American Indian or Alaska Native,Hispanic or Latino,25,2023,1002-5,2135-2,26,observed,0,zero
Massachusetts,2023,American Indian or Alaska Native,Not Hispanic or Latino,25,2023,1002-5,2186-5,59,observed,0,zero
Massachusetts,2023,American Indian or Alaska Native,Unknown or Not Stated,25,2023,1002-5,9,Suppressed,suppressed,0,zero
Massachusetts,2023,Asian,Hispanic or Latino,25,2023,A,2135-2,72,observed,0,zero
Massachusetts,2023,Asian,Not Hispanic or Latino,25,2023,A,2186-5,5268,observed,Suppressed,suppressed
Massachusetts,2023,Asian,Unknown or Not Stated,25,2023,A,9,106,observed,0,zero
Massachusetts,2023,Black or African American,Hispanic or Latino,25,2023,2054-5,2135-2,3052,observed,Suppressed,suppressed
Massachusetts,2023,Black or African American,Not Hispanic or Latino,25,2023,2054-5,2186-5,7300,observed,Suppressed,suppressed
Massachusetts,2023,Black or African American,Unknown or Not Stated,25,2023,2054-5,9,157,observed,0,zero
Massachusetts,2023,More than one race,Hispanic or Latino,25,2023,M,2135-2,393,observed,0,zero
Massachusetts,2023,More than one race,Not Hispanic or Latino,25,2023,M,2186-5,1362,observed,0,zero
Massachusetts,2023,More than one race,Unknown or Not Stated,25,2023,M,9,Suppressed,suppressed,0,zero
Massachusetts,2023,Native Hawaiian or Other Pacific Islander,Hispanic or Latino,25,2023,NHOPI,2135-2,23,observed,0,zero
Massachusetts,2023,Native Hawaiian or Other Pacific Islander,Not Hispanic or Latino,25,2023,NHOPI,2186-5,21,observed,0,zero
Massachusetts,2023,White,Hispanic or Latino,25,2023,2106-3,2135-2,12134,observed,Suppressed,suppressed
Massachusetts,2023,White,Not Hispanic or Latino,25,2023,2106-3,2186-5,36028,observed,18,observed
Massachusetts,2023,White,Unknown or Not Stated,25,2023,2106-3,9,1085,observed,0,zero
Massachusetts,2024,American Indian or Alaska Native,Hispanic or Latino,25,2024,1002-5,2135-2,23,observed,0,zero
Massachusetts,2024,American Indian or Alaska Native,Not Hispanic or Latino,25,2024,1002-5,2186-5,50,observed,0,zero
Massachusetts,2024,American Indian or Alaska Native,Unknown or Not Stated,25,2024,1002-5,9,Suppressed,suppressed,0,zero
Massachusetts,2024,Asian,Hispanic or Latino,25,2024,A,2135-2,71,observed,0,zero
Massachusetts,2024,Asian,Not Hispanic or Latino,25,2024,A,2186-5,5582,observed,Suppressed,suppressed
Massachusetts,2024,Asian,Unknown or Not Stated,25,2024,A,9,144,observed,0,zero
Massachusetts,2024,Black or African American,Hispanic or Latino,25,2024,2054-5,2135-2,3396,observed,Suppressed,suppressed
Massachusetts,2024,Black or African American,Not Hispanic or Latino,25,2024,2054-5,2186-5,7752,observed,Suppressed,suppressed
Massachusetts,2024,Black or African American,Unknown or Not Stated,25,2024,2054-5,9,227,observed,0,zero
Massachusetts,2024,More than one race,Hispanic or Latino,25,2024,M,2135-2,465,observed,0,zero
Massachusetts,2024,More than one race,Not Hispanic or Latino,25,2024,M,2186-5,1452,observed,0,zero
Massachusetts,2024,Native Hawaiian or Other Pacific Islander,Hispanic or Latino,25,2024,NHOPI,2135-2,13,observed,0,zero
Massachusetts,2024,Native Hawaiian or Other Pacific Islander,Not Hispanic or Latino,25,2024,NHOPI,2186-5,21,observed,0,zero
Massachusetts,2024,Native Hawaiian or Other Pacific Islander,Unknown or Not Stated,25,2024,NHOPI,9,Suppressed,suppressed,0,zero
Massachusetts,2024,White,Hispanic or Latino,25,2024,2106-3,2135-2,12553,observed,Suppressed,suppressed
Massachusetts,2024,White,Not Hispanic or Latino,25,2024,2106-3,2186-5,35107,observed,26,observed
Massachusetts,2024,White,Unknown or Not Stated,25,2024,2106-3,9,1321,observed,Suppressed,suppressed
Michigan,2016,American Indian or Alaska Native,Hispanic or Latino,26,2016,1002-5,2135-2,46,observed,0,zero
Michigan,2016,American Indian or Alaska Native,Not Hispanic or Latino,26,2016,1002-5,2186-5,418,observed,Suppressed,suppressed
Michigan,2016,Asian,Hispanic or Latino,26,2016,A,2135-2,121,observed,0,zero
Michigan,2016,Asian,Not Hispanic or Latino,26,2016,A,2186-5,4316,observed,Suppressed,suppressed
Michigan,2016,Asian,Unknown or Not Stated,26,2016,A,9,Suppressed,suppressed,0,zero
Michigan,2016,Black or African American,Hispanic or Latino,26,2016,2054-5,2135-2,747,observed,0,zero
Michigan,2016,Black or African American,Not Hispanic or Latino,26,2016,2054-5,2186-5,20565,observed,Suppressed,suppressed
Michigan,2016,Black or African American,Unknown or Not Stated,26,2016,2054-5,9,15,observed,0,zero
Michigan,2016,More than one race,Hispanic or Latino,26,2016,M,2135-2,201,observed,0,zero
Michigan,2016,More than one race,Not Hispanic or Latino,26,2016,M,2186-5,2639,observed,0,zero
Michigan,2016,More than one race,Unknown or Not Stated,26,2016,M,9,Suppressed,suppressed,0,zero
Michigan,2016,Native Hawaiian or Other Pacific Islander,Hispanic or Latino,26,2016,NHOPI,2135-2,10,observed,0,zero
Michigan,2016,Native Hawaiian or Other Pacific Islander,Not Hispanic or Latino,26,2016,NHOPI,2186-5,33,observed,0,zero
Michigan,2016,White,Hispanic or Latino,26,2016,2106-3,2135-2,6360,observed,Suppressed,suppressed
Michigan,2016,White,Not Hispanic or Latino,26,2016,2106-3,2186-5,77696,observed,41,observed
Michigan,2016,White,Unknown or Not Stated,26,2016,2106-3,9,141,observed,0,zero
Michigan,2017,American Indian or Alaska Native,Hispanic or Latino,26,2017,1002-5,2135-2,40,observed,0,zero
Michigan,2017,American Indian or Alaska Native,Not Hispanic or Latino,26,2017,1002-5,2186-5,396,observed,Suppressed,suppressed
Michigan,2017,American Indian or Alaska Native,Unknown or Not Stated,26,2017,1002-5,9,Suppressed,suppressed,0,zero
Michigan,2017,Asian,Hispanic or Latino,26,2017,A,2135-2,130,observed,0,zero
Michigan,2017,Asian,Not Hispanic or Latino,26,2017,A,2186-5,4468,observed,Suppressed,suppressed
Michigan,2017,Asian,Unknown or Not Stated,26,2017,A,9,Suppressed,suppressed,0,zero
Michigan,2017,Black or African American,Hispanic or Latino,26,2017,2054-5,2135-2,739,observed,0,zero
Michigan,2017,Black or African American,Not Hispanic or Latino,26,2017,2054-5,2186-5,20849,observed,Suppressed,suppressed
Michigan,2017,Black or African American,Unknown or Not Stated,26,2017,2054-5,9,35,observed,0,zero
Michigan,2017,More than one race,Hispanic or Latino,26,2017,M,2135-2,207,observed,0,zero
Michigan,2017,More than one race,Not Hispanic or Latino,26,2017,M,2186-5,2554,observed,Suppressed,suppressed
Michigan,2017,More than one race,Unknown or Not Stated,26,2017,M,9,Suppressed,suppressed,0,zero
Michigan,2017,Native Hawaiian or Other Pacific Islander,Hispanic or Latino,26,2017,NHOPI,2135-2,14,observed,0,zero
Michigan,2017,Native Hawaiian or Other Pacific Islander,Not Hispanic or Latino,26,2017,NHOPI,2186-5,30,observed,0,zero
Michigan,2017,Native Hawaiian or Other Pacific Islander,Unknown or Not Stated,26,2017,NHOPI,9,Suppressed,suppressed,0,zero
Michigan,2017,White,Hispanic or Latino,26,2017,2106-3,2135-2,6209,observed,Suppressed,suppressed
Michigan,2017,White,Not Hispanic or Latino,26,2017,2106-3,2186-5,75578,observed,39,observed
Michigan,2017,White,Unknown or Not Stated,26,2017,2106-3,9,166,observed,0,zero
Michigan,2018,American Indian or Alaska Native,Hispanic or Latino,26,2018,1002-5,2135-2,48,observed,0,zero
Michigan,2018,American Indian or Alaska Native,Not Hispanic or Latino,26,2018,1002-5,2186-5,412,observed,0,zero
Michigan,2018,American Indian or Alaska Native,Unknown or Not Stated,26,2018,1002-5,9,Suppressed,suppressed,0,zero
Michigan,2018,Asian,Hispanic or Latino,26,2018,A,2135-2,60,observed,0,zero
Michigan,2018,Asian,Not Hispanic or Latino,26,2018,A,2186-5,4395,observed,0,zero
Michigan,2018,Asian,Unknown or Not Stated,26,2018,A,9,Suppressed,suppressed,0,zero
Michigan,2018,Black or African American,Hispanic or Latino,26,2018,2054-5,2135-2,491,observed,0,zero
Michigan,2018,Black or African American,Not Hispanic or Latino,26,2018,2054-5,2186-5,20558,observed,Suppressed,suppressed
Michigan,2018,Black or African American,Unknown or Not Stated,26,2018,2054-5,9,34,observed,0,zero
Michigan,2018,More than one race,Hispanic or Latino,26,2018,M,2135-2,175,observed,Suppressed,suppressed
Michigan,2018,More than one race,Not Hispanic or Latino,26,2018,M,2186-5,2448,observed,Suppressed,suppressed
Michigan,2018,More than one race,Unknown or Not Stated,26,2018,M,9,Suppressed,suppressed,0,zero
Michigan,2018,Native Hawaiian or Other Pacific Islander,Hispanic or Latino,26,2018,NHOPI,2135-2,14,observed,0,zero
Michigan,2018,Native Hawaiian or Other Pacific Islander,Not Hispanic or Latino,26,2018,NHOPI,2186-5,34,observed,0,zero
Michigan,2018,Native Hawaiian or Other Pacific Islander,Unknown or Not Stated,26,2018,NHOPI,9,Suppressed,suppressed,0,zero
Michigan,2018,White,Hispanic or Latino,26,2018,2106-3,2135-2,6351,observed,Suppressed,suppressed
Michigan,2018,White,Not Hispanic or Latino,26,2018,2106-3,2186-5,74777,observed,32,observed
Michigan,2018,White,Unknown or Not Stated,26,2018,2106-3,9,221,observed,0,zero
Michigan,2019,American Indian or Alaska Native,Hispanic or Latino,26,2019,1002-5,2135-2,54,observed,0,zero
Michigan,2019,American Indian or Alaska Native,Not Hispanic or Latino,26,2019,1002-5,2186-5,400,observed,0,zero
Michigan,2019,Asian,Hispanic or Latino,26,2019,A,2135-2,40,observed,0,zero
Michigan,2019,Asian,Not Hispanic or Latino,26,2019,A,2186-5,4304,observed,0,zero
Michigan,2019,Asian,Unknown or Not Stated,26,2019,A,9,Suppressed,suppressed,0,zero
Michigan,2019,Black or African American,Hispanic or Latino,26,2019,2054-5,2135-2,548,observed,0,zero
Michigan,2019,Black or African American,Not Hispanic or Latino,26,2019,2054-5,2186-5,20370,observed,Suppressed,suppressed
Michigan,2019,Black or African American,Unknown or Not Stated,26,2019,2054-5,9,42,observed,0,zero
Michigan,2019,More than one race,Hispanic or Latino,26,2019,M,2135-2,208,observed,0,zero
Michigan,2019,More than one race,Not Hispanic or Latino,26,2019,M,2186-5,2402,observed,0,zero
Michigan,2019,More than one race,Unknown or Not Stated,26,2019,M,9,Suppressed,suppressed,0,zero
Michigan,2019,Native Hawaiian or Other Pacific Islander,Hispanic or Latino,26,2019,NHOPI,2135-2,10,observed,0,zero
Michigan,2019,Native Hawaiian or Other Pacific Islander,Not Hispanic or Latino,26,2019,NHOPI,2186-5,33,observed,0,zero
Michigan,2019,White,Hispanic or Latino,26,2019,2106-3,2135-2,6257,observed,0,zero
Michigan,2019,White,Not Hispanic or Latino,26,2019,2106-3,2186-5,73025,observed,34,observed
Michigan,2019,White,Unknown or Not Stated,26,2019,2106-3,9,182,observed,0,zero
Michigan,2020,American Indian or Alaska Native,Hispanic or Latino,26,2020,1002-5,2135-2,41,observed,0,zero
Michigan,2020,American Indian or Alaska Native,Not Hispanic or Latino,26,2020,1002-5,2186-5,410,observed,0,zero
Michigan,2020,American Indian or Alaska Native,Unknown or Not Stated,26,2020,1002-5,9,Suppressed,suppressed,0,zero
Michigan,2020,Asian,Hispanic or Latino,26,2020,A,2135-2,60,observed,0,zero
Michigan,2020,Asian,Not Hispanic or Latino,26,2020,A,2186-5,4260,observed,Suppressed,suppressed
Michigan,2020,Asian,Unknown or Not Stated,26,2020,A,9,11,observed,0,zero
Michigan,2020,Black or African American,Hispanic or Latino,26,2020,2054-5,2135-2,511,observed,Suppressed,suppressed
Michigan,2020,Black or African American,Not Hispanic or Latino,26,2020,2054-5,2186-5,19341,observed,Suppressed,suppressed
Michigan,2020,Black or African American,Unknown or Not Stated,26,2020,2054-5,9,49,observed,0,zero
Michigan,2020,More than one race,Hispanic or Latino,26,2020,M,2135-2,225,observed,0,zero
Michigan,2020,More than one race,Not Hispanic or Latino,26,2020,M,2186-5,2313,observed,0,zero
Michigan,2020,More than one race,Unknown or Not Stated,26,2020,M,9,Suppressed,suppressed,0,zero
Michigan,2020,Native Hawaiian or Other Pacific Islander,Hispanic or Latino,26,2020,NHOPI,2135-2,31,observed,Suppressed,suppressed
Michigan,2020,Native Hawaiian or Other Pacific Islander,Not Hispanic or Latino,26,2020,NHOPI,2186-5,50,observed,0,zero
Michigan,2020,White,Hispanic or Latino,26,2020,2106-3,2135-2,6117,observed,Suppressed,suppressed
Michigan,2020,White,Not Hispanic or Latino,26,2020,2106-3,2186-5,70426,observed,20,observed
Michigan,2020,White,Unknown or Not Stated,26,2020,2106-3,9,220,observed,0,zero
Michigan,2021,American Indian or Alaska Native,Hispanic or Latino,26,2021,1002-5,2135-2,77,observed,0,zero
Michigan,2021,American Indian or Alaska Native,Not Hispanic or Latino,26,2021,1002-5,2186-5,429,observed,0,zero
Michigan,2021,American Indian or Alaska Native,Unknown or Not Stated,26,2021,1002-5,9,Suppressed,suppressed,0,zero
Michigan,2021,Asian,Hispanic or Latino,26,2021,A,2135-2,56,observed,0,zero
Michigan,2021,Asian,Not Hispanic or Latino,26,2021,A,2186-5,4050,observed,0,zero
Michigan,2021,Asian,Unknown or Not Stated,26,2021,A,9,27,observed,0,zero
Michigan,2021,Black or African American,Hispanic or Latino,26,2021,2054-5,2135-2,539,observed,0,zero
Michigan,2021,Black or African American,Not Hispanic or Latino,26,2021,2054-5,2186-5,18288,observed,Suppressed,suppressed
Michigan,2021,Black or African American,Unknown or Not Stated,26,2021,2054-5,9,92,observed,0,zero
Michigan,2021,More than one race,Hispanic or Latino,26,2021,M,2135-2,200,observed,0,zero
Michigan,2021,More than one race,Not Hispanic or Latino,26,2021,M,2186-5,2389,observed,Suppressed,suppressed
Michigan,2021,More than one race,Unknown or Not Stated,26,2021,M,9,13,observed,0,zero
Michigan,2021,Native Hawaiian or Other Pacific Islander,Hispanic or Latino,26,2021,NHOPI,2135-2,54,observed,0,zero
Michigan,2021,Native Hawaiian or Other Pacific Islander,Not Hispanic or Latino,26,2021,NHOPI,2186-5,37,observed,0,zero
Michigan,2021,Native Hawaiian or Other Pacific Islander,Unknown or Not Stated,26,2021,NHOPI,9,Suppressed,suppressed,0,zero
Michigan,2021,White,Hispanic or Latino,26,2021,2106-3,2135-2,6149,observed,0,zero
Michigan,2021,White,Not Hispanic or Latino,26,2021,2106-3,2186-5,72108,observed,41,observed
Michigan,2021,White,Unknown or Not Stated,26,2021,2106-3,9,469,observed,0,zero
Michigan,2022,American Indian or Alaska Native,Hispanic or Latino,26,2022,1002-5,2135-2,80,observed,0,zero
Michigan,2022,American Indian or Alaska Native,Not Hispanic or Latino,26,2022,1002-5,2186-5,394,observed,0,zero
Michigan,2022,American Indian or Alaska Native,Unknown or Not Stated,26,2022,1002-5,9,Suppressed,suppressed,0,zero
Michigan,2022,Asian,Hispanic or Latino,26,2022,A,2135-2,48,observed,0,zero
Michigan,2022,Asian,Not Hispanic or Latino,26,2022,A,2186-5,3989,observed,Suppressed,suppressed
Michigan,2022,Asian,Unknown or Not Stated,26,2022,A,9,24,observed,0,zero
Michigan,2022,Black or African American,Hispanic or Latino,26,2022,2054-5,2135-2,500,observed,0,zero
Michigan,2022,Black or African American,Not Hispanic or Latino,26,2022,2054-5,2186-5,17235,observed,Suppressed,suppressed
Michigan,2022,Black or African American,Unknown or Not Stated,26,2022,2054-5,9,93,observed,0,zero
Michigan,2022,More than one race,Hispanic or Latino,26,2022,M,2135-2,226,observed,Suppressed,suppressed
Michigan,2022,More than one race,Not Hispanic or Latino,26,2022,M,2186-5,2513,observed,0,zero
Michigan,2022,More than one race,Unknown or Not Stated,26,2022,M,9,13,observed,0,zero
Michigan,2022,Native Hawaiian or Other Pacific Islander,Hispanic or Latino,26,2022,NHOPI,2135-2,42,observed,0,zero
Michigan,2022,Native Hawaiian or Other Pacific Islander,Not Hispanic or Latino,26,2022,NHOPI,2186-5,40,observed,0,zero
Michigan,2022,Native Hawaiian or Other Pacific Islander,Unknown or Not Stated,26,2022,NHOPI,9,Suppressed,suppressed,0,zero
Michigan,2022,White,Hispanic or Latino,26,2022,2106-3,2135-2,6231,observed,Suppressed,suppressed
Michigan,2022,White,Not Hispanic or Latino,26,2022,2106-3,2186-5,70340,observed,31,observed
Michigan,2022,White,Unknown or Not Stated,26,2022,2106-3,9,545,observed,0,zero
Michigan,2023,American Indian or Alaska Native,Hispanic or Latino,26,2023,1002-5,2135-2,84,observed,0,zero
Michigan,2023,American Indian or Alaska Native,Not Hispanic or Latino,26,2023,1002-5,2186-5,316,observed,0,zero
Michigan,2023,American Indian or Alaska Native,Unknown or Not Stated,26,2023,1002-5,9,Suppressed,suppressed,0,zero
Michigan,2023,Asian,Hispanic or Latino,26,2023,A,2135-2,61,observed,0,zero
Michigan,2023,Asian,Not Hispanic or Latino,26,2023,A,2186-5,4072,observed,Suppressed,suppressed
Michigan,2023,Asian,Unknown or Not Stated,26,2023,A,9,19,observed,0,zero
Michigan,2023,Black or African American,Hispanic or Latino,26,2023,2054-5,2135-2,473,observed,Suppressed,suppressed
Michigan,2023,Black or African American,Not Hispanic or Latino,26,2023,2054-5,2186-5,16320,observed,Suppressed,suppressed
Michigan,2023,Black or African American,Unknown or Not Stated,26,2023,2054-5,9,88,observed,0,zero
Michigan,2023,More than one race,Hispanic or Latino,26,2023,M,2135-2,230,observed,0,zero
Michigan,2023,More than one race,Not Hispanic or Latino,26,2023,M,2186-5,2484,observed,0,zero
Michigan,2023,More than one race,Unknown or Not Stated,26,2023,M,9,18,observed,0,zero
Michigan,2023,Native Hawaiian or Other Pacific Islander,Hispanic or Latino,26,2023,NHOPI,2135-2,41,observed,0,zero
Michigan,2023,Native Hawaiian or Other Pacific Islander,Not Hispanic or Latino,26,2023,NHOPI,2186-5,38,observed,0,zero
Michigan,2023,Native Hawaiian or Other Pacific Islander,Unknown or Not Stated,26,2023,NHOPI,9,Suppressed,suppressed,0,zero
Michigan,2023,White,Hispanic or Latino,26,2023,2106-3,2135-2,6666,observed,Suppressed,suppressed
Michigan,2023,White,Not Hispanic or Latino,26,2023,2106-3,2186-5,67719,observed,23,observed
Michigan,2023,White,Unknown or Not Stated,26,2023,2106-3,9,491,observed,0,zero
Michigan,2024,American Indian or Alaska Native,Hispanic or Latino,26,2024,1002-5,2135-2,83,observed,0,zero
Michigan,2024,American Indian or Alaska Native,Not Hispanic or Latino,26,2024,1002-5,2186-5,321,observed,0,zero
Michigan,2024,American Indian or Alaska Native,Unknown or Not Stated,26,2024,1002-5,9,Suppressed,suppressed,0,zero
Michigan,2024,Asian,Hispanic or Latino,26,2024,A,2135-2,77,observed,0,zero
Michigan,2024,Asian,Not Hispanic or Latino,26,2024,A,2186-5,4372,observed,0,zero
Michigan,2024,Asian,Unknown or Not Stated,26,2024,A,9,27,observed,0,zero
Michigan,2024,Black or African American,Hispanic or Latino,26,2024,2054-5,2135-2,527,observed,0,zero
Michigan,2024,Black or African American,Not Hispanic or Latino,26,2024,2054-5,2186-5,15472,observed,Suppressed,suppressed
Michigan,2024,Black or African American,Unknown or Not Stated,26,2024,2054-5,9,68,observed,0,zero
Michigan,2024,More than one race,Hispanic or Latino,26,2024,M,2135-2,273,observed,0,zero
Michigan,2024,More than one race,Not Hispanic or Latino,26,2024,M,2186-5,2622,observed,Suppressed,suppressed
Michigan,2024,More than one race,Unknown or Not Stated,26,2024,M,9,18,observed,0,zero
Michigan,2024,Native Hawaiian or Other Pacific Islander,Hispanic or Latino,26,2024,NHOPI,2135-2,46,observed,0,zero
Michigan,2024,Native Hawaiian or Other Pacific Islander,Not Hispanic or Latino,26,2024,NHOPI,2186-5,40,observed,0,zero
Michigan,2024,Native Hawaiian or Other Pacific Islander,Unknown or Not Stated,26,2024,NHOPI,9,Suppressed,suppressed,0,zero
Michigan,2024,White,Hispanic or Latino,26,2024,2106-3,2135-2,7275,observed,Suppressed,suppressed
Michigan,2024,White,Not Hispanic or Latino,26,2024,2106-3,2186-5,67836,observed,30,observed
Michigan,2024,White,Unknown or Not Stated,26,2024,2106-3,9,465,observed,0,zero
Minnesota,2016,American Indian or Alaska Native,Hispanic or Latino,27,2016,1002-5,2135-2,136,observed,0,zero
Minnesota,2016,American Indian or Alaska Native,Not Hispanic or Latino,27,2016,1002-5,2186-5,1059,observed,0,zero
Minnesota,2016,American Indian or Alaska Native,Unknown or Not Stated,27,2016,1002-5,9,10,observed,0,zero
Minnesota,2016,Asian,Hispanic or Latino,27,2016,A,2135-2,211,observed,0,zero
Minnesota,2016,Asian,Not Hispanic or Latino,27,2016,A,2186-5,5367,observed,Suppressed,suppressed
Minnesota,2016,Asian,Unknown or Not Stated,27,2016,A,9,39,observed,0,zero
Minnesota,2016,Black or African American,Hispanic or Latino,27,2016,2054-5,2135-2,413,observed,Suppressed,suppressed
Minnesota,2016,Black or African American,Not Hispanic or Latino,27,2016,2054-5,2186-5,7781,observed,Suppressed,suppressed
Minnesota,2016,Black or African American,Unknown or Not Stated,27,2016,2054-5,9,55,observed,0,zero
Minnesota,2016,More than one race,Hispanic or Latino,27,2016,M,2135-2,109,observed,0,zero
Minnesota,2016,More than one race,Not Hispanic or Latino,27,2016,M,2186-5,1675,observed,Suppressed,suppressed
Minnesota,2016,Native Hawaiian or Other Pacific Islander,Hispanic or Latino,27,2016,NHOPI,2135-2,24,observed,0,zero
Minnesota,2016,Native Hawaiian or Other Pacific Islander,Not Hispanic or Latino,27,2016,NHOPI,2186-5,47,observed,0,zero
Minnesota,2016,White,Hispanic or Latino,27,2016,2106-3,2135-2,3978,observed,Suppressed,suppressed
Minnesota,2016,White,Not Hispanic or Latino,27,2016,2106-3,2186-5,48534,observed,25,observed
Minnesota,2016,White,Unknown or Not Stated,27,2016,2106-3,9,311,observed,0,zero
Minnesota,2017,American Indian or Alaska Native,Hispanic or Latino,27,2017,1002-5,2135-2,129,observed,0,zero
Minnesota,2017,American Indian or Alaska Native,Not Hispanic or Latino,27,2017,1002-5,2186-5,1042,observed,0,zero
Minnesota,2017,American Indian or Alaska Native,Unknown or Not Stated,27,2017,1002-5,9,Suppressed,suppressed,0,zero
Minnesota,2017,Asian,Hispanic or Latino,27,2017,A,2135-2,207,observed,Suppressed,suppressed
Minnesota,2017,Asian,Not Hispanic or Latino,27,2017,A,2186-5,5323,observed,Suppressed,suppressed
Minnesota,2017,Asian,Unknown or Not Stated,27,2017,A,9,29,observed,0,zero
Minnesota,2017,Black or African American,Hispanic or Latino,27,2017,2054-5,2135-2,409,observed,0,zero
Minnesota,2017,Black or African American,Not Hispanic or Latino,27,2017,2054-5,2186-5,8163,observed,Suppressed,suppressed
Minnesota,2017,Black or African American,Unknown or Not Stated,27,2017,2054-5,9,49,observed,0,zero
Minnesota,2017,More than one race,Hispanic or Latino,27,2017,M,2135-2,136,observed,0,zero
Minnesota,2017,More than one race,Not Hispanic or Latino,27,2017,M,2186-5,1506,observed,Suppressed,suppressed
Minnesota,2017,More than one race,Unknown or Not Stated,27,2017,M,9,Suppressed,suppressed,0,zero
Minnesota,2017,Native Hawaiian or Other Pacific Islander,Hispanic or Latino,27,2017,NHOPI,2135-2,Suppressed,suppressed,0,zero
Minnesota,2017,Native Hawaiian or Other Pacific Islander,Not Hispanic or Latino,27,2017,NHOPI,2186-5,56,observed,0,zero
Minnesota,2017,Native Hawaiian or Other Pacific Islander,Unknown or Not Stated,27,2017,NHOPI,9,Suppressed,suppressed,0,zero
Minnesota,2017,White,Hispanic or Latino,27,2017,2106-3,2135-2,4136,observed,Suppressed,suppressed
Minnesota,2017,White,Not Hispanic or Latino,27,2017,2106-3,2186-5,47088,observed,34,observed
Minnesota,2017,White,Unknown or Not Stated,27,2017,2106-3,9,305,observed,0,zero
Minnesota,2018,American Indian or Alaska Native,Hispanic or Latino,27,2018,1002-5,2135-2,128,observed,0,zero
Minnesota,2018,American Indian or Alaska Native,Not Hispanic or Latino,27,2018,1002-5,2186-5,983,observed,Suppressed,suppressed
Minnesota,2018,American Indian or Alaska Native,Unknown or Not Stated,27,2018,1002-5,9,Suppressed,suppressed,0,zero
Minnesota,2018,Asian,Hispanic or Latino,27,2018,A,2135-2,59,observed,0,zero
Minnesota,2018,Asian,Not Hispanic or Latino,27,2018,A,2186-5,5298,observed,Suppressed,suppressed
Minnesota,2018,Asian,Unknown or Not Stated,27,2018,A,9,14,observed,0,zero
Minnesota,2018,Black or African American,Hispanic or Latino,27,2018,2054-5,2135-2,196,observed,0,zero
Minnesota,2018,Black or African American,Not Hispanic or Latino,27,2018,2054-5,2186-5,8207,observed,Suppressed,suppressed
Minnesota,2018,Black or African American,Unknown or Not Stated,27,2018,2054-5,9,30,observed,0,zero
Minnesota,2018,More than one race,Hispanic or Latino,27,2018,M,2135-2,104,observed,0,zero
Minnesota,2018,More than one race,Not Hispanic or Latino,27,2018,M,2186-5,1601,observed,Suppressed,suppressed
Minnesota,2018,More than one race,Unknown or Not Stated,27,2018,M,9,Suppressed,suppressed,0,zero
Minnesota,2018,Native Hawaiian or Other Pacific Islander,Hispanic or Latino,27,2018,NHOPI,2135-2,31,observed,0,zero
Minnesota,2018,Native Hawaiian or Other Pacific Islander,Not Hispanic or Latino,27,2018,NHOPI,2186-5,57,observed,0,zero
Minnesota,2018,White,Hispanic or Latino,27,2018,2106-3,2135-2,4473,observed,Suppressed,suppressed
Minnesota,2018,White,Not Hispanic or Latino,27,2018,2106-3,2186-5,46014,observed,27,observed
Minnesota,2018,White,Unknown or Not Stated,27,2018,2106-3,9,143,observed,0,zero
Minnesota,2019,American Indian or Alaska Native,Hispanic or Latino,27,2019,1002-5,2135-2,156,observed,0,zero
Minnesota,2019,American Indian or Alaska Native,Not Hispanic or Latino,27,2019,1002-5,2186-5,944,observed,Suppressed,suppressed
Minnesota,2019,American Indian or Alaska Native,Unknown or Not Stated,27,2019,1002-5,9,Suppressed,suppressed,0,zero
Minnesota,2019,Asian,Hispanic or Latino,27,2019,A,2135-2,42,observed,0,zero
Minnesota,2019,Asian,Not Hispanic or Latino,27,2019,A,2186-5,5229,observed,Suppressed,suppressed
Minnesota,2019,Asian,Unknown or Not Stated,27,2019,A,9,Suppressed,suppressed,0,zero
Minnesota,2019,Black or African American,Hispanic or Latino,27,2019,2054-5,2135-2,222,observed,0,zero
Minnesota,2019,Black or African American,Not Hispanic or Latino,27,2019,2054-5,2186-5,8253,observed,Suppressed,suppressed
Minnesota,2019,Black or African American,Unknown or Not Stated,27,2019,2054-5,9,16,observed,0,zero
Minnesota,2019,More than one race,Hispanic or Latino,27,2019,M,2135-2,166,observed,0,zero
Minnesota,2019,More than one race,Not Hispanic or Latino,27,2019,M,2186-5,1647,observed,0,zero
Minnesota,2019,Native Hawaiian or Other Pacific Islander,Hispanic or Latino,27,2019,NHOPI,2135-2,18,observed,0,zero
Minnesota,2019,Native Hawaiian or Other Pacific Islander,Not Hispanic or Latino,27,2019,NHOPI,2186-5,54,observed,0,zero
Minnesota,2019,White,Hispanic or Latino,27,2019,2106-3,2135-2,4525,observed,Suppressed,suppressed
Minnesota,2019,White,Not Hispanic or Latino,27,2019,2106-3,2186-5,44593,observed,39,observed
Minnesota,2019,White,Unknown or Not Stated,27,2019,2106-3,9,151,observed,0,zero
Minnesota,2020,American Indian or Alaska Native,Hispanic or Latino,27,2020,1002-5,2135-2,145,observed,0,zero
Minnesota,2020,American Indian or Alaska Native,Not Hispanic or Latino,27,2020,1002-5,2186-5,873,observed,Suppressed,suppressed
Minnesota,2020,American Indian or Alaska Native,Unknown or Not Stated,27,2020,1002-5,9,Suppressed,suppressed,0,zero
Minnesota,2020,Asian,Hispanic or Latino,27,2020,A,2135-2,58,observed,0,zero
Minnesota,2020,Asian,Not Hispanic or Latino,27,2020,A,2186-5,5026,observed,Suppressed,suppressed
Minnesota,2020,Asian,Unknown or Not Stated,27,2020,A,9,13,observed,0,zero
Minnesota,2020,Black or African American,Hispanic or Latino,27,2020,2054-5,2135-2,198,observed,0,zero
Minnesota,2020,Black or African American,Not Hispanic or Latino,27,2020,2054-5,2186-5,8074,observed,10,observed
Minnesota,2020,Black or African American,Unknown or Not Stated,27,2020,2054-5,9,31,observed,0,zero
Minnesota,2020,More than one race,Hispanic or Latino,27,2020,M,2135-2,158,observed,0,zero
Minnesota,2020,More than one race,Not Hispanic or Latino,27,2020,M,2186-5,1821,observed,Suppressed,suppressed
Minnesota,2020,More than one race,Unknown or Not Stated,27,2020,M,9,Suppressed,suppressed,0,zero
Minnesota,2020,Native Hawaiian or Other Pacific Islander,Hispanic or Latino,27,2020,NHOPI,2135-2,28,observed,0,zero
Minnesota,2020,Native Hawaiian or Other Pacific Islander,Not Hispanic or Latino,27,2020,NHOPI,2186-5,59,observed,0,zero
Minnesota,2020,White,Hispanic or Latino,27,2020,2106-3,2135-2,4733,observed,Suppressed,suppressed
Minnesota,2020,White,Not Hispanic or Latino,27,2020,2106-3,2186-5,42099,observed,26,observed
Minnesota,2020,White,Unknown or Not Stated,27,2020,2106-3,9,122,observed,0,zero
Minnesota,2021,American Indian or Alaska Native,Hispanic or Latino,27,2021,1002-5,2135-2,174,observed,0,zero
Minnesota,2021,American Indian or Alaska Native,Not Hispanic or Latino,27,2021,1002-5,2186-5,792,observed,0,zero
Minnesota,2021,American Indian or Alaska Native,Unknown or Not Stated,27,2021,1002-5,9,Suppressed,suppressed,0,zero
Minnesota,2021,Asian,Hispanic or Latino,27,2021,A,2135-2,76,observed,0,zero
Minnesota,2021,Asian,Not Hispanic or Latino,27,2021,A,2186-5,4849,observed,Suppressed,suppressed
Minnesota,2021,Asian,Unknown or Not Stated,27,2021,A,9,Suppressed,suppressed,0,zero
Minnesota,2021,Black or African American,Hispanic or Latino,27,2021,2054-5,2135-2,257,observed,0,zero
Minnesota,2021,Black or African American,Not Hispanic or Latino,27,2021,2054-5,2186-5,7721,observed,Suppressed,suppressed
Minnesota,2021,Black or African American,Unknown or Not Stated,27,2021,2054-5,9,21,observed,0,zero
Minnesota,2021,More than one race,Hispanic or Latino,27,2021,M,2135-2,167,observed,0,zero
Minnesota,2021,More than one race,Not Hispanic or Latino,27,2021,M,2186-5,1812,observed,0,zero
Minnesota,2021,More than one race,Unknown or Not Stated,27,2021,M,9,Suppressed,suppressed,0,zero
Minnesota,2021,Native Hawaiian or Other Pacific Islander,Hispanic or Latino,27,2021,NHOPI,2135-2,25,observed,0,zero
Minnesota,2021,Native Hawaiian or Other Pacific Islander,Not Hispanic or Latino,27,2021,NHOPI,2186-5,69,observed,0,zero
Minnesota,2021,Native Hawaiian or Other Pacific Islander,Unknown or Not Stated,27,2021,NHOPI,9,Suppressed,suppressed,0,zero
Minnesota,2021,White,Hispanic or Latino,27,2021,2106-3,2135-2,4788,observed,Suppressed,suppressed
Minnesota,2021,White,Not Hispanic or Latino,27,2021,2106-3,2186-5,43535,observed,36,observed
Minnesota,2021,White,Unknown or Not Stated,27,2021,2106-3,9,128,observed,0,zero
Minnesota,2022,American Indian or Alaska Native,Hispanic or Latino,27,2022,1002-5,2135-2,147,observed,0,zero
Minnesota,2022,American Indian or Alaska Native,Not Hispanic or Latino,27,2022,1002-5,2186-5,774,observed,Suppressed,suppressed
Minnesota,2022,American Indian or Alaska Native,Unknown or Not Stated,27,2022,1002-5,9,Suppressed,suppressed,0,zero
Minnesota,2022,Asian,Hispanic or Latino,27,2022,A,2135-2,81,observed,0,zero
Minnesota,2022,Asian,Not Hispanic or Latino,27,2022,A,2186-5,4931,observed,Suppressed,suppressed
Minnesota,2022,Asian,Unknown or Not Stated,27,2022,A,9,12,observed,0,zero
Minnesota,2022,Black or African American,Hispanic or Latino,27,2022,2054-5,2135-2,256,observed,0,zero
Minnesota,2022,Black or African American,Not Hispanic or Latino,27,2022,2054-5,2186-5,7923,observed,Suppressed,suppressed
Minnesota,2022,Black or African American,Unknown or Not Stated,27,2022,2054-5,9,22,observed,0,zero
Minnesota,2022,More than one race,Hispanic or Latino,27,2022,M,2135-2,130,observed,0,zero
Minnesota,2022,More than one race,Not Hispanic or Latino,27,2022,M,2186-5,1805,observed,0,zero
Minnesota,2022,More than one race,Unknown or Not Stated,27,2022,M,9,Suppressed,suppressed,0,zero
Minnesota,2022,Native Hawaiian or Other Pacific Islander,Hispanic or Latino,27,2022,NHOPI,2135-2,26,observed,0,zero
Minnesota,2022,Native Hawaiian or Other Pacific Islander,Not Hispanic or Latino,27,2022,NHOPI,2186-5,95,observed,0,zero
Minnesota,2022,Native Hawaiian or Other Pacific Islander,Unknown or Not Stated,27,2022,NHOPI,9,Suppressed,suppressed,0,zero
Minnesota,2022,White,Hispanic or Latino,27,2022,2106-3,2135-2,5400,observed,Suppressed,suppressed
Minnesota,2022,White,Not Hispanic or Latino,27,2022,2106-3,2186-5,42246,observed,34,observed
Minnesota,2022,White,Unknown or Not Stated,27,2022,2106-3,9,161,observed,Suppressed,suppressed
Minnesota,2023,American Indian or Alaska Native,Hispanic or Latino,27,2023,1002-5,2135-2,202,observed,0,zero
Minnesota,2023,American Indian or Alaska Native,Not Hispanic or Latino,27,2023,1002-5,2186-5,742,observed,0,zero
Minnesota,2023,American Indian or Alaska Native,Unknown or Not Stated,27,2023,1002-5,9,Suppressed,suppressed,0,zero
Minnesota,2023,Asian,Hispanic or Latino,27,2023,A,2135-2,69,observed,0,zero
Minnesota,2023,Asian,Not Hispanic or Latino,27,2023,A,2186-5,4666,observed,Suppressed,suppressed
Minnesota,2023,Asian,Unknown or Not Stated,27,2023,A,9,13,observed,0,zero
Minnesota,2023,Black or African American,Hispanic or Latino,27,2023,2054-5,2135-2,237,observed,0,zero
Minnesota,2023,Black or African American,Not Hispanic or Latino,27,2023,2054-5,2186-5,7415,observed,Suppressed,suppressed
Minnesota,2023,Black or African American,Unknown or Not Stated,27,2023,2054-5,9,23,observed,0,zero
Minnesota,2023,More than one race,Hispanic or Latino,27,2023,M,2135-2,160,observed,0,zero
Minnesota,2023,More than one race,Not Hispanic or Latino,27,2023,M,2186-5,1719,observed,Suppressed,suppressed
Minnesota,2023,More than one race,Unknown or Not Stated,27,2023,M,9,Suppressed,suppressed,0,zero
Minnesota,2023,Native Hawaiian or Other Pacific Islander,Hispanic or Latino,27,2023,NHOPI,2135-2,30,observed,0,zero
Minnesota,2023,Native Hawaiian or Other Pacific Islander,Not Hispanic or Latino,27,2023,NHOPI,2186-5,78,observed,0,zero
Minnesota,2023,White,Hispanic or Latino,27,2023,2106-3,2135-2,5800,observed,Suppressed,suppressed
Minnesota,2023,White,Not Hispanic or Latino,27,2023,2106-3,2186-5,40406,observed,30,observed
Minnesota,2023,White,Unknown or Not Stated,27,2023,2106-3,9,146,observed,0,zero
Minnesota,2024,American Indian or Alaska Native,Hispanic or Latino,27,2024,1002-5,2135-2,169,observed,0,zero
Minnesota,2024,American Indian or Alaska Native,Not Hispanic or Latino,27,2024,1002-5,2186-5,716,observed,0,zero
Minnesota,2024,American Indian or Alaska Native,Unknown or Not Stated,27,2024,1002-5,9,12,observed,0,zero
Minnesota,2024,Asian,Hispanic or Latino,27,2024,A,2135-2,55,observed,0,zero
Minnesota,2024,Asian,Not Hispanic or Latino,27,2024,A,2186-5,4660,observed,Suppressed,suppressed
Minnesota,2024,Asian,Unknown or Not Stated,27,2024,A,9,15,observed,0,zero
Minnesota,2024,Black or African American,Hispanic or Latino,27,2024,2054-5,2135-2,282,observed,0,zero
Minnesota,2024,Black or African American,Not Hispanic or Latino,27,2024,2054-5,2186-5,7310,observed,Suppressed,suppressed
Minnesota,2024,Black or African American,Unknown or Not Stated,27,2024,2054-5,9,55,observed,0,zero
Minnesota,2024,More than one race,Hispanic or Latino,27,2024,M,2135-2,177,observed,0,zero
Minnesota,2024,More than one race,Not Hispanic or Latino,27,2024,M,2186-5,1862,observed,Suppressed,suppressed
Minnesota,2024,More than one race,Unknown or Not Stated,27,2024,M,9,Suppressed,suppressed,0,zero
Minnesota,2024,Native Hawaiian or Other Pacific Islander,Hispanic or Latino,27,2024,NHOPI,2135-2,32,observed,0,zero
Minnesota,2024,Native Hawaiian or Other Pacific Islander,Not Hispanic or Latino,27,2024,NHOPI,2186-5,85,observed,0,zero
Minnesota,2024,Native Hawaiian or Other Pacific Islander,Unknown or Not Stated,27,2024,NHOPI,9,Suppressed,suppressed,0,zero
Minnesota,2024,White,Hispanic or Latino,27,2024,2106-3,2135-2,6520,observed,Suppressed,suppressed
Minnesota,2024,White,Not Hispanic or Latino,27,2024,2106-3,2186-5,40026,observed,36,observed
Minnesota,2024,White,Unknown or Not Stated,27,2024,2106-3,9,128,observed,0,zero
Mississippi,2016,American Indian or Alaska Native,Hispanic or Latino,28,2016,1002-5,2135-2,14,observed,0,zero
Mississippi,2016,American Indian or Alaska Native,Not Hispanic or Latino,28,2016,1002-5,2186-5,215,observed,0,zero
Mississippi,2016,Asian,Hispanic or Latino,28,2016,A,2135-2,34,observed,0,zero
Mississippi,2016,Asian,Not Hispanic or Latino,28,2016,A,2186-5,475,observed,0,zero
Mississippi,2016,Black or African American,Hispanic or Latino,28,2016,2054-5,2135-2,684,observed,Suppressed,suppressed
Mississippi,2016,Black or African American,Not Hispanic or Latino,28,2016,2054-5,2186-5,15879,observed,Suppressed,suppressed
Mississippi,2016,Black or African American,Unknown or Not Stated,28,2016,2054-5,9,Suppressed,suppressed,0,zero
Mississippi,2016,More than one race,Hispanic or Latino,28,2016,M,2135-2,Suppressed,suppressed,0,zero
Mississippi,2016,More than one race,Not Hispanic or Latino,28,2016,M,2186-5,260,observed,0,zero
Mississippi,2016,Native Hawaiian or Other Pacific Islander,Hispanic or Latino,28,2016,NHOPI,2135-2,Suppressed,suppressed,0,zero
Mississippi,2016,Native Hawaiian or Other Pacific Islander,Not Hispanic or Latino,28,2016,NHOPI,2186-5,18,observed,0,zero
Mississippi,2016,White,Hispanic or Latino,28,2016,2106-3,2135-2,922,observed,0,zero
Mississippi,2016,White,Not Hispanic or Latino,28,2016,2106-3,2186-5,19411,observed,Suppressed,suppressed
Mississippi,2016,White,Unknown or Not Stated,28,2016,2106-3,9,Suppressed,suppressed,0,zero
Mississippi,2017,American Indian or Alaska Native,Hispanic or Latino,28,2017,1002-5,2135-2,10,observed,0,zero
Mississippi,2017,American Indian or Alaska Native,Not Hispanic or Latino,28,2017,1002-5,2186-5,213,observed,0,zero
Mississippi,2017,Asian,Hispanic or Latino,28,2017,A,2135-2,35,observed,0,zero
Mississippi,2017,Asian,Not Hispanic or Latino,28,2017,A,2186-5,502,observed,0,zero
Mississippi,2017,Asian,Unknown or Not Stated,28,2017,A,9,Suppressed,suppressed,0,zero
Mississippi,2017,Black or African American,Hispanic or Latino,28,2017,2054-5,2135-2,648,observed,Suppressed,suppressed
Mississippi,2017,Black or African American,Not Hispanic or Latino,28,2017,2054-5,2186-5,16087,observed,0,zero
Mississippi,2017,Black or African American,Unknown or Not Stated,28,2017,2054-5,9,Suppressed,suppressed,0,zero
Mississippi,2017,More than one race,Hispanic or Latino,28,2017,M,2135-2,13,observed,0,zero
Mississippi,2017,More than one race,Not Hispanic or Latino,28,2017,M,2186-5,263,observed,0,zero
Mississippi,2017,Native Hawaiian or Other Pacific Islander,Hispanic or Latino,28,2017,NHOPI,2135-2,Suppressed,suppressed,0,zero
Mississippi,2017,Native Hawaiian or Other Pacific Islander,Not Hispanic or Latino,28,2017,NHOPI,2186-5,12,observed,0,zero
Mississippi,2017,White,Hispanic or Latino,28,2017,2106-3,2135-2,943,observed,Suppressed,suppressed
Mississippi,2017,White,Not Hispanic or Latino,28,2017,2106-3,2186-5,18620,observed,Suppressed,suppressed
Mississippi,2017,White,Unknown or Not Stated,28,2017,2106-3,9,Suppressed,suppressed,0,zero
Mississippi,2018,American Indian or Alaska Native,Hispanic or Latino,28,2018,1002-5,2135-2,22,observed,0,zero
Mississippi,2018,American Indian or Alaska Native,Not Hispanic or Latino,28,2018,1002-5,2186-5,221,observed,0,zero
Mississippi,2018,Asian,Hispanic or Latino,28,2018,A,2135-2,32,observed,0,zero
Mississippi,2018,Asian,Not Hispanic or Latino,28,2018,A,2186-5,411,observed,0,zero
Mississippi,2018,Black or African American,Hispanic or Latino,28,2018,2054-5,2135-2,450,observed,0,zero
Mississippi,2018,Black or African American,Not Hispanic or Latino,28,2018,2054-5,2186-5,15797,observed,0,zero
Mississippi,2018,Black or African American,Unknown or Not Stated,28,2018,2054-5,9,Suppressed,suppressed,0,zero
Mississippi,2018,More than one race,Hispanic or Latino,28,2018,M,2135-2,11,observed,0,zero
Mississippi,2018,More than one race,Not Hispanic or Latino,28,2018,M,2186-5,269,observed,0,zero
Mississippi,2018,Native Hawaiian or Other Pacific Islander,Hispanic or Latino,28,2018,NHOPI,2135-2,Suppressed,suppressed,0,zero
Mississippi,2018,Native Hawaiian or Other Pacific Islander,Not Hispanic or Latino,28,2018,NHOPI,2186-5,17,observed,0,zero
Mississippi,2018,White,Hispanic or Latino,28,2018,2106-3,2135-2,1146,observed,Suppressed,suppressed
Mississippi,2018,White,Not Hispanic or Latino,28,2018,2106-3,2186-5,18597,observed,Suppressed,suppressed
Mississippi,2018,White,Unknown or Not Stated,28,2018,2106-3,9,17,observed,0,zero
Mississippi,2019,American Indian or Alaska Native,Hispanic or Latino,28,2019,1002-5,2135-2,Suppressed,suppressed,0,zero
Mississippi,2019,American Indian or Alaska Native,Not Hispanic or Latino,28,2019,1002-5,2186-5,225,observed,0,zero
Mississippi,2019,American Indian or Alaska Native,Unknown or Not Stated,28,2019,1002-5,9,Suppressed,suppressed,0,zero
Mississippi,2019,Asian,Hispanic or Latino,28,2019,A,2135-2,31,observed,0,zero
Mississippi,2019,Asian,Not Hispanic or Latino,28,2019,A,2186-5,455,observed,0,zero
Mississippi,2019,Asian,Unknown or Not Stated,28,2019,A,9,Suppressed,suppressed,0,zero
Mississippi,2019,Black or African American,Hispanic or Latino,28,2019,2054-5,2135-2,358,observed,Suppressed,suppressed
Mississippi,2019,Black or African American,Not Hispanic or Latino,28,2019,2054-5,2186-5,15706,observed,Suppressed,suppressed
Mississippi,2019,Black or African American,Unknown or Not Stated,28,2019,2054-5,9,Suppressed,suppressed,0,zero
Mississippi,2019,More than one race,Hispanic or Latino,28,2019,M,2135-2,11,observed,0,zero
Mississippi,2019,More than one race,Not Hispanic or Latino,28,2019,M,2186-5,277,observed,0,zero
Mississippi,2019,Native Hawaiian or Other Pacific Islander,Hispanic or Latino,28,2019,NHOPI,2135-2,12,observed,0,zero
Mississippi,2019,Native Hawaiian or Other Pacific Islander,Not Hispanic or Latino,28,2019,NHOPI,2186-5,17,observed,0,zero
Mississippi,2019,White,Hispanic or Latino,28,2019,2106-3,2135-2,1288,observed,Suppressed,suppressed
Mississippi,2019,White,Not Hispanic or Latino,28,2019,2106-3,2186-5,18229,observed,Suppressed,suppressed
Mississippi,2019,White,Unknown or Not Stated,28,2019,2106-3,9,Suppressed,suppressed,0,zero
Mississippi,2020,American Indian or Alaska Native,Hispanic or Latino,28,2020,1002-5,2135-2,Suppressed,suppressed,0,zero
Mississippi,2020,American Indian or Alaska Native,Not Hispanic or Latino,28,2020,1002-5,2186-5,252,observed,0,zero
Mississippi,2020,Asian,Hispanic or Latino,28,2020,A,2135-2,17,observed,0,zero
Mississippi,2020,Asian,Not Hispanic or Latino,28,2020,A,2186-5,451,observed,0,zero
Mississippi,2020,Black or African American,Hispanic or Latino,28,2020,2054-5,2135-2,404,observed,0,zero
Mississippi,2020,Black or African American,Not Hispanic or Latino,28,2020,2054-5,2186-5,15155,observed,Suppressed,suppressed
Mississippi,2020,Black or African American,Unknown or Not Stated,28,2020,2054-5,9,Suppressed,suppressed,0,zero
Mississippi,2020,More than one race,Hispanic or Latino,28,2020,M,2135-2,24,observed,0,zero
Mississippi,2020,More than one race,Not Hispanic or Latino,28,2020,M,2186-5,258,observed,0,zero
Mississippi,2020,Native Hawaiian or Other Pacific Islander,Hispanic or Latino,28,2020,NHOPI,2135-2,Suppressed,suppressed,0,zero
Mississippi,2020,Native Hawaiian or Other Pacific Islander,Not Hispanic or Latino,28,2020,NHOPI,2186-5,22,observed,0,zero
Mississippi,2020,White,Hispanic or Latino,28,2020,2106-3,2135-2,1225,observed,Suppressed,suppressed
Mississippi,2020,White,Not Hispanic or Latino,28,2020,2106-3,2186-5,17648,observed,Suppressed,suppressed
Mississippi,2020,White,Unknown or Not Stated,28,2020,2106-3,9,Suppressed,suppressed,0,zero
Mississippi,2021,American Indian or Alaska Native,Hispanic or Latino,28,2021,1002-5,2135-2,21,observed,0,zero
Mississippi,2021,American Indian or Alaska Native,Not Hispanic or Latino,28,2021,1002-5,2186-5,227,observed,0,zero
Mississippi,2021,Asian,Hispanic or Latino,28,2021,A,2135-2,27,observed,0,zero
Mississippi,2021,Asian,Not Hispanic or Latino,28,2021,A,2186-5,404,observed,0,zero
Mississippi,2021,Black or African American,Hispanic or Latino,28,2021,2054-5,2135-2,425,observed,0,zero
Mississippi,2021,Black or African American,Not Hispanic or Latino,28,2021,2054-5,2186-5,14619,observed,Suppressed,suppressed
Mississippi,2021,Black or African American,Unknown or Not Stated,28,2021,2054-5,9,Suppressed,suppressed,0,zero
Mississippi,2021,More than one race,Hispanic or Latino,28,2021,M,2135-2,10,observed,0,zero
Mississippi,2021,More than one race,Not Hispanic or Latino,28,2021,M,2186-5,301,observed,0,zero
Mississippi,2021,More than one race,Unknown or Not Stated,28,2021,M,9,Suppressed,suppressed,0,zero
Mississippi,2021,Native Hawaiian or Other Pacific Islander,Hispanic or Latino,28,2021,NHOPI,2135-2,15,observed,0,zero
Mississippi,2021,Native Hawaiian or Other Pacific Islander,Not Hispanic or Latino,28,2021,NHOPI,2186-5,17,observed,0,zero
Mississippi,2021,White,Hispanic or Latino,28,2021,2106-3,2135-2,1258,observed,Suppressed,suppressed
Mississippi,2021,White,Not Hispanic or Latino,28,2021,2106-3,2186-5,17818,observed,Suppressed,suppressed
Mississippi,2021,White,Unknown or Not Stated,28,2021,2106-3,9,Suppressed,suppressed,0,zero
Mississippi,2022,American Indian or Alaska Native,Hispanic or Latino,28,2022,1002-5,2135-2,23,observed,0,zero
Mississippi,2022,American Indian or Alaska Native,Not Hispanic or Latino,28,2022,1002-5,2186-5,231,observed,0,zero
Mississippi,2022,Asian,Hispanic or Latino,28,2022,A,2135-2,26,observed,0,zero
Mississippi,2022,Asian,Not Hispanic or Latino,28,2022,A,2186-5,396,observed,0,zero
Mississippi,2022,Black or African American,Hispanic or Latino,28,2022,2054-5,2135-2,491,observed,0,zero
Mississippi,2022,Black or African American,Not Hispanic or Latino,28,2022,2054-5,2186-5,14035,observed,Suppressed,suppressed
Mississippi,2022,Black or African American,Unknown or Not Stated,28,2022,2054-5,9,Suppressed,suppressed,0,zero
Mississippi,2022,More than one race,Hispanic or Latino,28,2022,M,2135-2,16,observed,0,zero
Mississippi,2022,More than one race,Not Hispanic or Latino,28,2022,M,2186-5,354,observed,0,zero
Mississippi,2022,Native Hawaiian or Other Pacific Islander,Hispanic or Latino,28,2022,NHOPI,2135-2,Suppressed,suppressed,0,zero
Mississippi,2022,Native Hawaiian or Other Pacific Islander,Not Hispanic or Latino,28,2022,NHOPI,2186-5,15,observed,0,zero
Mississippi,2022,Native Hawaiian or Other Pacific Islander,Unknown or Not Stated,28,2022,NHOPI,9,Suppressed,suppressed,0,zero
Mississippi,2022,White,Hispanic or Latino,28,2022,2106-3,2135-2,1366,observed,Suppressed,suppressed
Mississippi,2022,White,Not Hispanic or Latino,28,2022,2106-3,2186-5,17703,observed,Suppressed,suppressed
Mississippi,2022,White,Unknown or Not Stated,28,2022,2106-3,9,Suppressed,suppressed,0,zero
Mississippi,2023,American Indian or Alaska Native,Hispanic or Latino,28,2023,1002-5,2135-2,62,observed,0,zero
Mississippi,2023,American Indian or Alaska Native,Not Hispanic or Latino,28,2023,1002-5,2186-5,236,observed,0,zero
Mississippi,2023,Asian,Hispanic or Latino,28,2023,A,2135-2,27,observed,0,zero
Mississippi,2023,Asian,Not Hispanic or Latino,28,2023,A,2186-5,456,observed,0,zero
Mississippi,2023,Black or African American,Hispanic or Latino,28,2023,2054-5,2135-2,484,observed,Suppressed,suppressed
Mississippi,2023,Black or African American,Not Hispanic or Latino,28,2023,2054-5,2186-5,13896,observed,Suppressed,suppressed
Mississippi,2023,Black or African American,Unknown or Not Stated,28,2023,2054-5,9,Suppressed,suppressed,0,zero
Mississippi,2023,More than one race,Hispanic or Latino,28,2023,M,2135-2,13,observed,0,zero
Mississippi,2023,More than one race,Not Hispanic or Latino,28,2023,M,2186-5,370,observed,Suppressed,suppressed
Mississippi,2023,Native Hawaiian or Other Pacific Islander,Hispanic or Latino,28,2023,NHOPI,2135-2,14,observed,0,zero
Mississippi,2023,Native Hawaiian or Other Pacific Islander,Not Hispanic or Latino,28,2023,NHOPI,2186-5,13,observed,0,zero
Mississippi,2023,White,Hispanic or Latino,28,2023,2106-3,2135-2,1522,observed,0,zero
Mississippi,2023,White,Not Hispanic or Latino,28,2023,2106-3,2186-5,17357,observed,Suppressed,suppressed
Mississippi,2023,White,Unknown or Not Stated,28,2023,2106-3,9,Suppressed,suppressed,0,zero
Mississippi,2024,American Indian or Alaska Native,Hispanic or Latino,28,2024,1002-5,2135-2,52,observed,0,zero
Mississippi,2024,American Indian or Alaska Native,Not Hispanic or Latino,28,2024,1002-5,2186-5,236,observed,0,zero
Mississippi,2024,Asian,Hispanic or Latino,28,2024,A,2135-2,43,observed,0,zero
Mississippi,2024,Asian,Not Hispanic or Latino,28,2024,A,2186-5,427,observed,0,zero
Mississippi,2024,Asian,Unknown or Not Stated,28,2024,A,9,Suppressed,suppressed,0,zero
Mississippi,2024,Black or African American,Hispanic or Latino,28,2024,2054-5,2135-2,495,observed,0,zero
Mississippi,2024,Black or African American,Not Hispanic or Latino,28,2024,2054-5,2186-5,12835,observed,Suppressed,suppressed
Mississippi,2024,Black or African American,Unknown or Not Stated,28,2024,2054-5,9,Suppressed,suppressed,0,zero
Mississippi,2024,More than one race,Hispanic or Latino,28,2024,M,2135-2,17,observed,0,zero
Mississippi,2024,More than one race,Not Hispanic or Latino,28,2024,M,2186-5,370,observed,0,zero
Mississippi,2024,Native Hawaiian or Other Pacific Islander,Hispanic or Latino,28,2024,NHOPI,2135-2,Suppressed,suppressed,0,zero
Mississippi,2024,Native Hawaiian or Other Pacific Islander,Not Hispanic or Latino,28,2024,NHOPI,2186-5,17,observed,0,zero
Mississippi,2024,White,Hispanic or Latino,28,2024,2106-3,2135-2,1739,observed,Suppressed,suppressed
Mississippi,2024,White,Not Hispanic or Latino,28,2024,2106-3,2186-5,17212,observed,Suppressed,suppressed
Mississippi,2024,White,Unknown or Not Stated,28,2024,2106-3,9,14,observed,0,zero
Missouri,2016,American Indian or Alaska Native,Hispanic or Latino,29,2016,1002-5,2135-2,39,observed,0,zero
Missouri,2016,American Indian or Alaska Native,Not Hispanic or Latino,29,2016,1002-5,2186-5,156,observed,0,zero
Missouri,2016,Asian,Hispanic or Latino,29,2016,A,2135-2,83,observed,0,zero
Missouri,2016,Asian,Not Hispanic or Latino,29,2016,A,2186-5,1852,observed,0,zero
Missouri,2016,Asian,Unknown or Not Stated,29,2016,A,9,Suppressed,suppressed,0,zero
Missouri,2016,Black or African American,Hispanic or Latino,29,2016,2054-5,2135-2,433,observed,0,zero
Missouri,2016,Black or African American,Not Hispanic or Latino,29,2016,2054-5,2186-5,10445,observed,Suppressed,suppressed
Missouri,2016,Black or African American,Unknown or Not Stated,29,2016,2054-5,9,81,observed,0,zero
Missouri,2016,More than one race,Hispanic or Latino,29,2016,M,2135-2,151,observed,0,zero
Missouri,2016,More than one race,Not Hispanic or Latino,29,2016,M,2186-5,2145,observed,Suppressed,suppressed
Missouri,2016,More than one race,Unknown or Not Stated,29,2016,M,9,15,observed,0,zero
Missouri,2016,Native Hawaiian or Other Pacific Islander,Hispanic or Latino,29,2016,NHOPI,2135-2,36,observed,0,zero
Missouri,2016,Native Hawaiian or Other Pacific Islander,Not Hispanic or Latino,29,2016,NHOPI,2186-5,199,observed,0,zero
Missouri,2016,Native Hawaiian or Other Pacific Islander,Unknown or Not Stated,29,2016,NHOPI,9,Suppressed,suppressed,0,zero
Missouri,2016,White,Hispanic or Latino,29,2016,2106-3,2135-2,3394,observed,Suppressed,suppressed
Missouri,2016,White,Not Hispanic or Latino,29,2016,2106-3,2186-5,55455,observed,28,observed
Missouri,2016,White,Unknown or Not Stated,29,2016,2106-3,9,213,observed,0,zero
Missouri,2017,American Indian or Alaska Native,Hispanic or Latino,29,2017,1002-5,2135-2,58,observed,0,zero
Missouri,2017,American Indian or Alaska Native,Not Hispanic or Latino,29,2017,1002-5,2186-5,167,observed,0,zero
Missouri,2017,American Indian or Alaska Native,Unknown or Not Stated,29,2017,1002-5,9,Suppressed,suppressed,0,zero
Missouri,2017,Asian,Hispanic or Latino,29,2017,A,2135-2,72,observed,0,zero
Missouri,2017,Asian,Not Hispanic or Latino,29,2017,A,2186-5,1773,observed,0,zero
Missouri,2017,Asian,Unknown or Not Stated,29,2017,A,9,Suppressed,suppressed,0,zero
Missouri,2017,Black or African American,Hispanic or Latino,29,2017,2054-5,2135-2,487,observed,0,zero
Missouri,2017,Black or African American,Not Hispanic or Latino,29,2017,2054-5,2186-5,10495,observed,0,zero
Missouri,2017,Black or African American,Unknown or Not Stated,29,2017,2054-5,9,98,observed,0,zero
Missouri,2017,More than one race,Hispanic or Latino,29,2017,M,2135-2,167,observed,0,zero
Missouri,2017,More than one race,Not Hispanic or Latino,29,2017,M,2186-5,2136,observed,Suppressed,suppressed
Missouri,2017,More than one race,Unknown or Not Stated,29,2017,M,9,10,observed,0,zero
Missouri,2017,Native Hawaiian or Other Pacific Islander,Hispanic or Latino,29,2017,NHOPI,2135-2,35,observed,0,zero
Missouri,2017,Native Hawaiian or Other Pacific Islander,Not Hispanic or Latino,29,2017,NHOPI,2186-5,183,observed,0,zero
Missouri,2017,Native Hawaiian or Other Pacific Islander,Unknown or Not Stated,29,2017,NHOPI,9,Suppressed,suppressed,0,zero
Missouri,2017,White,Hispanic or Latino,29,2017,2106-3,2135-2,3337,observed,Suppressed,suppressed
Missouri,2017,White,Not Hispanic or Latino,29,2017,2106-3,2186-5,53800,observed,25,observed
Missouri,2017,White,Unknown or Not Stated,29,2017,2106-3,9,204,observed,0,zero
Missouri,2018,American Indian or Alaska Native,Hispanic or Latino,29,2018,1002-5,2135-2,105,observed,0,zero
Missouri,2018,American Indian or Alaska Native,Not Hispanic or Latino,29,2018,1002-5,2186-5,140,observed,0,zero
Missouri,2018,American Indian or Alaska Native,Unknown or Not Stated,29,2018,1002-5,9,Suppressed,suppressed,0,zero
Missouri,2018,Asian,Hispanic or Latino,29,2018,A,2135-2,75,observed,0,zero
Missouri,2018,Asian,Not Hispanic or Latino,29,2018,A,2186-5,1698,observed,0,zero
Missouri,2018,Asian,Unknown or Not Stated,29,2018,A,9,Suppressed,suppressed,0,zero
Missouri,2018,Black or African American,Hispanic or Latino,29,2018,2054-5,2135-2,369,observed,Suppressed,suppressed
Missouri,2018,Black or African American,Not Hispanic or Latino,29,2018,2054-5,2186-5,10589,observed,0,zero
Missouri,2018,Black or African American,Unknown or Not Stated,29,2018,2054-5,9,88,observed,0,zero
Missouri,2018,More than one race,Hispanic or Latino,29,2018,M,2135-2,155,observed,0,zero
Missouri,2018,More than one race,Not Hispanic or Latino,29,2018,M,2186-5,2264,observed,Suppressed,suppressed
Missouri,2018,More than one race,Unknown or Not Stated,29,2018,M,9,Suppressed,suppressed,0,zero
Missouri,2018,Native Hawaiian or Other Pacific Islander,Hispanic or Latino,29,2018,NHOPI,2135-2,50,observed,0,zero
Missouri,2018,Native Hawaiian or Other Pacific Islander,Not Hispanic or Latino,29,2018,NHOPI,2186-5,199,observed,0,zero
Missouri,2018,Native Hawaiian or Other Pacific Islander,Unknown or Not Stated,29,2018,NHOPI,9,Suppressed,suppressed,0,zero
Missouri,2018,White,Hispanic or Latino,29,2018,2106-3,2135-2,3655,observed,Suppressed,suppressed
Missouri,2018,White,Not Hispanic or Latino,29,2018,2106-3,2186-5,53697,observed,24,observed
Missouri,2018,White,Unknown or Not Stated,29,2018,2106-3,9,170,observed,Suppressed,suppressed
Missouri,2019,American Indian or Alaska Native,Hispanic or Latino,29,2019,1002-5,2135-2,73,observed,0,zero
Missouri,2019,American Indian or Alaska Native,Not Hispanic or Latino,29,2019,1002-5,2186-5,145,observed,0,zero
Missouri,2019,American Indian or Alaska Native,Unknown or Not Stated,29,2019,1002-5,9,Suppressed,suppressed,0,zero
Missouri,2019,Asian,Hispanic or Latino,29,2019,A,2135-2,74,observed,0,zero
Missouri,2019,Asian,Not Hispanic or Latino,29,2019,A,2186-5,1814,observed,Suppressed,suppressed
Missouri,2019,Asian,Unknown or Not Stated,29,2019,A,9,12,observed,0,zero
Missouri,2019,Black or African American,Hispanic or Latino,29,2019,2054-5,2135-2,318,observed,Suppressed,suppressed
Missouri,2019,Black or African American,Not Hispanic or Latino,29,2019,2054-5,2186-5,10501,observed,Suppressed,suppressed
Missouri,2019,Black or African American,Unknown or Not Stated,29,2019,2054-5,9,83,observed,0,zero
Missouri,2019,More than one race,Hispanic or Latino,29,2019,M,2135-2,165,observed,0,zero
Missouri,2019,More than one race,Not Hispanic or Latino,29,2019,M,2186-5,2259,observed,Suppressed,suppressed
Missouri,2019,More than one race,Unknown or Not Stated,29,2019,M,9,Suppressed,suppressed,0,zero
Missouri,2019,Native Hawaiian or Other Pacific Islander,Hispanic or Latino,29,2019,NHOPI,2135-2,64,observed,0,zero
Missouri,2019,Native Hawaiian or Other Pacific Islander,Not Hispanic or Latino,29,2019,NHOPI,2186-5,228,observed,0,zero
Missouri,2019,Native Hawaiian or Other Pacific Islander,Unknown or Not Stated,29,2019,NHOPI,9,Suppressed,suppressed,0,zero
Missouri,2019,White,Hispanic or Latino,29,2019,2106-3,2135-2,3692,observed,Suppressed,suppressed
Missouri,2019,White,Not Hispanic or Latino,29,2019,2106-3,2186-5,52523,observed,24,observed
Missouri,2019,White,Unknown or Not Stated,29,2019,2106-3,9,161,observed,0,zero
Missouri,2020,American Indian or Alaska Native,Hispanic or Latino,29,2020,1002-5,2135-2,91,observed,0,zero
Missouri,2020,American Indian or Alaska Native,Not Hispanic or Latino,29,2020,1002-5,2186-5,163,observed,0,zero
Missouri,2020,American Indian or Alaska Native,Unknown or Not Stated,29,2020,1002-5,9,Suppressed,suppressed,0,zero
Missouri,2020,Asian,Hispanic or Latino,29,2020,A,2135-2,62,observed,Suppressed,suppressed
Missouri,2020,Asian,Not Hispanic or Latino,29,2020,A,2186-5,1610,observed,0,zero
Missouri,2020,Asian,Unknown or Not Stated,29,2020,A,9,14,observed,0,zero
Missouri,2020,Black or African American,Hispanic or Latino,29,2020,2054-5,2135-2,364,observed,0,zero
Missouri,2020,Black or African American,Not Hispanic or Latino,29,2020,2054-5,2186-5,10156,observed,Suppressed,suppressed
Missouri,2020,Black or African American,Unknown or Not Stated,29,2020,2054-5,9,94,observed,0,zero
Missouri,2020,More than one race,Hispanic or Latino,29,2020,M,2135-2,173,observed,0,zero
Missouri,2020,More than one race,Not Hispanic or Latino,29,2020,M,2186-5,2189,observed,Suppressed,suppressed
Missouri,2020,More than one race,Unknown or Not Stated,29,2020,M,9,Suppressed,suppressed,0,zero
Missouri,2020,Native Hawaiian or Other Pacific Islander,Hispanic or Latino,29,2020,NHOPI,2135-2,35,observed,0,zero
Missouri,2020,Native Hawaiian or Other Pacific Islander,Not Hispanic or Latino,29,2020,NHOPI,2186-5,249,observed,Suppressed,suppressed
Missouri,2020,Native Hawaiian or Other Pacific Islander,Unknown or Not Stated,29,2020,NHOPI,9,Suppressed,suppressed,0,zero
Missouri,2020,White,Hispanic or Latino,29,2020,2106-3,2135-2,3744,observed,Suppressed,suppressed
Missouri,2020,White,Not Hispanic or Latino,29,2020,2106-3,2186-5,50190,observed,23,observed
Missouri,2020,White,Unknown or Not Stated,29,2020,2106-3,9,141,observed,0,zero
Missouri,2021,American Indian or Alaska Native,Hispanic or Latino,29,2021,1002-5,2135-2,66,observed,0,zero
Missouri,2021,American Indian or Alaska Native,Not Hispanic or Latino,29,2021,1002-5,2186-5,184,observed,0,zero
Missouri,2021,American Indian or Alaska Native,Unknown or Not Stated,29,2021,1002-5,9,Suppressed,suppressed,0,zero
Missouri,2021,Asian,Hispanic or Latino,29,2021,A,2135-2,68,observed,0,zero
Missouri,2021,Asian,Not Hispanic or Latino,29,2021,A,2186-5,1625,observed,0,zero
Missouri,2021,Asian,Unknown or Not Stated,29,2021,A,9,13,observed,0,zero
Missouri,2021,Black or African American,Hispanic or Latino,29,2021,2054-5,2135-2,310,observed,0,zero
Missouri,2021,Black or African American,Not Hispanic or Latino,29,2021,2054-5,2186-5,9443,observed,Suppressed,suppressed
Missouri,2021,Black or African American,Unknown or Not Stated,29,2021,2054-5,9,162,observed,0,zero
Missouri,2021,More than one race,Hispanic or Latino,29,2021,M,2135-2,160,observed,0,zero
Missouri,2021,More than one race,Not Hispanic or Latino,29,2021,M,2186-5,2191,observed,Suppressed,suppressed
Missouri,2021,More than one race,Unknown or Not Stated,29,2021,M,9,14,observed,0,zero
Missouri,2021,Native Hawaiian or Other Pacific Islander,Hispanic or Latino,29,2021,NHOPI,2135-2,50,observed,0,zero
Missouri,2021,Native Hawaiian or Other Pacific Islander,Not Hispanic or Latino,29,2021,NHOPI,2186-5,246,observed,Suppressed,suppressed
Missouri,2021,Native Hawaiian or Other Pacific Islander,Unknown or Not Stated,29,2021,NHOPI,9,Suppressed,suppressed,0,zero
Missouri,2021,White,Hispanic or Latino,29,2021,2106-3,2135-2,3952,observed,Suppressed,suppressed
Missouri,2021,White,Not Hispanic or Latino,29,2021,2106-3,2186-5,50705,observed,21,observed
Missouri,2021,White,Unknown or Not Stated,29,2021,2106-3,9,258,observed,0,zero
Missouri,2022,American Indian or Alaska Native,Hispanic or Latino,29,2022,1002-5,2135-2,90,observed,0,zero
Missouri,2022,American Indian or Alaska Native,Not Hispanic or Latino,29,2022,1002-5,2186-5,160,observed,0,zero
Missouri,2022,American Indian or Alaska Native,Unknown or Not Stated,29,2022,1002-5,9,Suppressed,suppressed,0,zero
Missouri,2022,Asian,Hispanic or Latino,29,2022,A,2135-2,62,observed,0,zero
Missouri,2022,Asian,Not Hispanic or Latino,29,2022,A,2186-5,1684,observed,Suppressed,suppressed
Missouri,2022,Asian,Unknown or Not Stated,29,2022,A,9,28,observed,Suppressed,suppressed
Missouri,2022,Black or African American,Hispanic or Latino,29,2022,2054-5,2135-2,321,observed,0,zero
Missouri,2022,Black or African American,Not Hispanic or Latino,29,2022,2054-5,2186-5,9188,observed,Suppressed,suppressed
Missouri,2022,Black or African American,Unknown or Not Stated,29,2022,2054-5,9,118,observed,0,zero
Missouri,2022,More than one race,Hispanic or Latino,29,2022,M,2135-2,154,observed,0,zero
Missouri,2022,More than one race,Not Hispanic or Latino,29,2022,M,2186-5,2209,observed,Suppressed,suppressed
Missouri,2022,More than one race,Unknown or Not Stated,29,2022,M,9,19,observed,0,zero
Missouri,2022,Native Hawaiian or Other Pacific Islander,Hispanic or Latino,29,2022,NHOPI,2135-2,60,observed,0,zero
Missouri,2022,Native Hawaiian or Other Pacific Islander,Not Hispanic or Latino,29,2022,NHOPI,2186-5,265,observed,0,zero
Missouri,2022,Native Hawaiian or Other Pacific Islander,Unknown or Not Stated,29,2022,NHOPI,9,Suppressed,suppressed,0,zero
Missouri,2022,White,Hispanic or Latino,29,2022,2106-3,2135-2,4537,observed,0,zero
Missouri,2022,White,Not Hispanic or Latino,29,2022,2106-3,2186-5,49846,observed,30,observed
Missouri,2022,White,Unknown or Not Stated,29,2022,2106-3,9,240,observed,0,zero
Missouri,2023,American Indian or Alaska Native,Hispanic or Latino,29,2023,1002-5,2135-2,120,observed,0,zero
Missouri,2023,American Indian or Alaska Native,Not Hispanic or Latino,29,2023,1002-5,2186-5,169,observed,0,zero
Missouri,2023,American Indian or Alaska Native,Unknown or Not Stated,29,2023,1002-5,9,Suppressed,suppressed,0,zero
Missouri,2023,Asian,Hispanic or Latino,29,2023,A,2135-2,47,observed,0,zero
Missouri,2023,Asian,Not Hispanic or Latino,29,2023,A,2186-5,1543,observed,Suppressed,suppressed
Missouri,2023,Asian,Unknown or Not Stated,29,2023,A,9,22,observed,0,zero
Missouri,2023,Black or African American,Hispanic or Latino,29,2023,2054-5,2135-2,358,observed,Suppressed,suppressed
Missouri,2023,Black or African American,Not Hispanic or Latino,29,2023,2054-5,2186-5,8506,observed,0,zero
Missouri,2023,Black or African American,Unknown or Not Stated,29,2023,2054-5,9,144,observed,0,zero
Missouri,2023,More than one race,Hispanic or Latino,29,2023,M,2135-2,188,observed,0,zero
Missouri,2023,More than one race,Not Hispanic or Latino,29,2023,M,2186-5,2114,observed,Suppressed,suppressed
Missouri,2023,More than one race,Unknown or Not Stated,29,2023,M,9,23,observed,0,zero
Missouri,2023,Native Hawaiian or Other Pacific Islander,Hispanic or Latino,29,2023,NHOPI,2135-2,46,observed,0,zero
Missouri,2023,Native Hawaiian or Other Pacific Islander,Not Hispanic or Latino,29,2023,NHOPI,2186-5,260,observed,0,zero
Missouri,2023,Native Hawaiian or Other Pacific Islander,Unknown or Not Stated,29,2023,NHOPI,9,23,observed,0,zero
Missouri,2023,White,Hispanic or Latino,29,2023,2106-3,2135-2,4759,observed,Suppressed,suppressed
Missouri,2023,White,Not Hispanic or Latino,29,2023,2106-3,2186-5,48538,observed,26,observed
Missouri,2023,White,Unknown or Not Stated,29,2023,2106-3,9,258,observed,0,zero
Missouri,2024,American Indian or Alaska Native,Hispanic or Latino,29,2024,1002-5,2135-2,112,observed,0,zero
Missouri,2024,American Indian or Alaska Native,Not Hispanic or Latino,29,2024,1002-5,2186-5,182,observed,Suppressed,suppressed
Missouri,2024,American Indian or Alaska Native,Unknown or Not Stated,29,2024,1002-5,9,Suppressed,suppressed,0,zero
Missouri,2024,Asian,Hispanic or Latino,29,2024,A,2135-2,42,observed,0,zero
Missouri,2024,Asian,Not Hispanic or Latino,29,2024,A,2186-5,1749,observed,0,zero
Missouri,2024,Asian,Unknown or Not Stated,29,2024,A,9,35,observed,0,zero
Missouri,2024,Black or African American,Hispanic or Latino,29,2024,2054-5,2135-2,335,observed,0,zero
Missouri,2024,Black or African American,Not Hispanic or Latino,29,2024,2054-5,2186-5,8243,observed,Suppressed,suppressed
Missouri,2024,Black or African American,Unknown or Not Stated,29,2024,2054-5,9,126,observed,Suppressed,suppressed
Missouri,2024,More than one race,Hispanic or Latino,29,2024,M,2135-2,192,observed,0,zero
Missouri,2024,More than one race,Not Hispanic or Latino,29,2024,M,2186-5,2133,observed,0,zero
Missouri,2024,More than one race,Unknown or Not Stated,29,2024,M,9,19,observed,0,zero
Missouri,2024,Native Hawaiian or Other Pacific Islander,Hispanic or Latino,29,2024,NHOPI,2135-2,48,observed,0,zero
Missouri,2024,Native Hawaiian or Other Pacific Islander,Not Hispanic or Latino,29,2024,NHOPI,2186-5,256,observed,0,zero
Missouri,2024,Native Hawaiian or Other Pacific Islander,Unknown or Not Stated,29,2024,NHOPI,9,18,observed,0,zero
Missouri,2024,White,Hispanic or Latino,29,2024,2106-3,2135-2,5561,observed,Suppressed,suppressed
Missouri,2024,White,Not Hispanic or Latino,29,2024,2106-3,2186-5,48716,observed,22,observed
Missouri,2024,White,Unknown or Not Stated,29,2024,2106-3,9,228,observed,0,zero
Montana,2016,American Indian or Alaska Native,Hispanic or Latino,30,2016,1002-5,2135-2,71,observed,0,zero
Montana,2016,American Indian or Alaska Native,Not Hispanic or Latino,30,2016,1002-5,2186-5,1347,observed,Suppressed,suppressed
Montana,2016,American Indian or Alaska Native,Unknown or Not Stated,30,2016,1002-5,9,Suppressed,suppressed,0,zero
Montana,2016,Asian,Hispanic or Latino,30,2016,A,2135-2,Suppressed,suppressed,0,zero
Montana,2016,Asian,Not Hispanic or Latino,30,2016,A,2186-5,131,observed,Suppressed,suppressed
Montana,2016,Asian,Unknown or Not Stated,30,2016,A,9,Suppressed,suppressed,0,zero
Montana,2016,Black or African American,Hispanic or Latino,30,2016,2054-5,2135-2,16,observed,0,zero
Montana,2016,Black or African American,Not Hispanic or Latino,30,2016,2054-5,2186-5,57,observed,0,zero
Montana,2016,Black or African American,Unknown or Not Stated,30,2016,2054-5,9,Suppressed,suppressed,0,zero
Montana,2016,More than one race,Hispanic or Latino,30,2016,M,2135-2,31,observed,0,zero
Montana,2016,More than one race,Not Hispanic or Latino,30,2016,M,2186-5,373,observed,Suppressed,suppressed
Montana,2016,More than one race,Unknown or Not Stated,30,2016,M,9,Suppressed,suppressed,0,zero
Montana,2016,Native Hawaiian or Other Pacific Islander,Hispanic or Latino,30,2016,NHOPI,2135-2,Suppressed,suppressed,0,zero
Montana,2016,Native Hawaiian or Other Pacific Islander,Not Hispanic or Latino,30,2016,NHOPI,2186-5,22,observed,0,zero
Montana,2016,White,Hispanic or Latino,30,2016,2106-3,2135-2,425,observed,0,zero
Montana,2016,White,Not Hispanic or Latino,30,2016,2106-3,2186-5,9761,observed,Suppressed,suppressed
Montana,2016,White,Unknown or Not Stated,30,2016,2106-3,9,34,observed,0,zero
Montana,2017,American Indian or Alaska Native,Hispanic or Latino,30,2017,1002-5,2135-2,70,observed,0,zero
Montana,2017,American Indian or Alaska Native,Not Hispanic or Latino,30,2017,1002-5,2186-5,1231,observed,Suppressed,suppressed
Montana,2017,American Indian or Alaska Native,Unknown or Not Stated,30,2017,1002-5,9,Suppressed,suppressed,0,zero
Montana,2017,Asian,Hispanic or Latino,30,2017,A,2135-2,11,observed,0,zero
Montana,2017,Asian,Not Hispanic or Latino,30,2017,A,2186-5,121,observed,0,zero
Montana,2017,Asian,Unknown or Not Stated,30,2017,A,9,Suppressed,suppressed,0,zero
Montana,2017,Black or African American,Hispanic or Latino,30,2017,2054-5,2135-2,12,observed,0,zero
Montana,2017,Black or African American,Not Hispanic or Latino,30,2017,2054-5,2186-5,64,observed,0,zero
Montana,2017,More than one race,Hispanic or Latino,30,2017,M,2135-2,32,observed,0,zero
Montana,2017,More than one race,Not Hispanic or Latino,30,2017,M,2186-5,372,observed,0,zero
Montana,2017,Native Hawaiian or Other Pacific Islander,Hispanic or Latino,30,2017,NHOPI,2135-2,Suppressed,suppressed,0,zero
Montana,2017,Native Hawaiian or Other Pacific Islander,Not Hispanic or Latino,30,2017,NHOPI,2186-5,18,observed,0,zero
Montana,2017,White,Hispanic or Latino,30,2017,2106-3,2135-2,457,observed,0,zero
Montana,2017,White,Not Hispanic or Latino,30,2017,2106-3,2186-5,9372,observed,Suppressed,suppressed
Montana,2017,White,Unknown or Not Stated,30,2017,2106-3,9,32,observed,0,zero
Montana,2018,American Indian or Alaska Native,Hispanic or Latino,30,2018,1002-5,2135-2,59,observed,0,zero
Montana,2018,American Indian or Alaska Native,Not Hispanic or Latino,30,2018,1002-5,2186-5,1162,observed,0,zero
Montana,2018,American Indian or Alaska Native,Unknown or Not Stated,30,2018,1002-5,9,Suppressed,suppressed,0,zero
Montana,2018,Asian,Hispanic or Latino,30,2018,A,2135-2,Suppressed,suppressed,0,zero
Montana,2018,Asian,Not Hispanic or Latino,30,2018,A,2186-5,112,observed,0,zero
Montana,2018,Black or African American,Hispanic or Latino,30,2018,2054-5,2135-2,22,observed,0,zero
Montana,2018,Black or African American,Not Hispanic or Latino,30,2018,2054-5,2186-5,58,observed,0,zero
Montana,2018,Black or African American,Unknown or Not Stated,30,2018,2054-5,9,Suppressed,suppressed,0,zero
Montana,2018,More than one race,Hispanic or Latino,30,2018,M,2135-2,33,observed,0,zero
Montana,2018,More than one race,Not Hispanic or Latino,30,2018,M,2186-5,352,observed,Suppressed,suppressed
Montana,2018,Native Hawaiian or Other Pacific Islander,Hispanic or Latino,30,2018,NHOPI,2135-2,Suppressed,suppressed,0,zero
Montana,2018,Native Hawaiian or Other Pacific Islander,Not Hispanic or Latino,30,2018,NHOPI,2186-5,15,observed,0,zero
Montana,2018,White,Hispanic or Latino,30,2018,2106-3,2135-2,432,observed,0,zero
Montana,2018,White,Not Hispanic or Latino,30,2018,2106-3,2186-5,9224,observed,10,observed
Montana,2018,White,Unknown or Not Stated,30,2018,2106-3,9,28,observed,0,zero
Montana,2019,American Indian or Alaska Native,Hispanic or Latino,30,2019,1002-5,2135-2,84,observed,0,zero
Montana,2019,American Indian or Alaska Native,Not Hispanic or Latino,30,2019,1002-5,2186-5,1120,observed,0,zero
Montana,2019,American Indian or Alaska Native,Unknown or Not Stated,30,2019,1002-5,9,Suppressed,suppressed,0,zero
Montana,2019,Asian,Hispanic or Latino,30,2019,A,2135-2,Suppressed,suppressed,0,zero
Montana,2019,Asian,Not Hispanic or Latino,30,2019,A,2186-5,115,observed,0,zero
Montana,2019,Black or African American,Hispanic or Latino,30,2019,2054-5,2135-2,Suppressed,suppressed,0,zero
Montana,2019,Black or African American,Not Hispanic or Latino,30,2019,2054-5,2186-5,61,observed,0,zero
Montana,2019,More than one race,Hispanic or Latino,30,2019,M,2135-2,34,observed,0,zero
Montana,2019,More than one race,Not Hispanic or Latino,30,2019,M,2186-5,329,observed,0,zero
Montana,2019,Native Hawaiian or Other Pacific Islander,Hispanic or Latino,30,2019,NHOPI,2135-2,Suppressed,suppressed,0,zero
Montana,2019,Native Hawaiian or Other Pacific Islander,Not Hispanic or Latino,30,2019,NHOPI,2186-5,17,observed,0,zero
Montana,2019,Native Hawaiian or Other Pacific Islander,Unknown or Not Stated,30,2019,NHOPI,9,Suppressed,suppressed,0,zero
Montana,2019,White,Hispanic or Latino,30,2019,2106-3,2135-2,487,observed,0,zero
Montana,2019,White,Not Hispanic or Latino,30,2019,2106-3,2186-5,8800,observed,13,observed
Montana,2019,White,Unknown or Not Stated,30,2019,2106-3,9,17,observed,0,zero
Montana,2020,American Indian or Alaska Native,Hispanic or Latino,30,2020,1002-5,2135-2,60,observed,Suppressed,suppressed
Montana,2020,American Indian or Alaska Native,Not Hispanic or Latino,30,2020,1002-5,2186-5,1063,observed,0,zero
Montana,2020,American Indian or Alaska Native,Unknown or Not Stated,30,2020,1002-5,9,Suppressed,suppressed,0,zero
Montana,2020,Asian,Hispanic or Latino,30,2020,A,2135-2,Suppressed,suppressed,0,zero
Montana,2020,Asian,Not Hispanic or Latino,30,2020,A,2186-5,112,observed,0,zero
Montana,2020,Asian,Unknown or Not Stated,30,2020,A,9,Suppressed,suppressed,0,zero
Montana,2020,Black or African American,Hispanic or Latino,30,2020,2054-5,2135-2,Suppressed,suppressed,0,zero
Montana,2020,Black or African American,Not Hispanic or Latino,30,2020,2054-5,2186-5,62,observed,0,zero
Montana,2020,More than one race,Hispanic or Latino,30,2020,M,2135-2,33,observed,0,zero
Montana,2020,More than one race,Not Hispanic or Latino,30,2020,M,2186-5,323,observed,0,zero
Montana,2020,Native Hawaiian or Other Pacific Islander,Hispanic or Latino,30,2020,NHOPI,2135-2,Suppressed,suppressed,0,zero
Montana,2020,Native Hawaiian or Other Pacific Islander,Not Hispanic or Latino,30,2020,NHOPI,2186-5,11,observed,0,zero
Montana,2020,White,Hispanic or Latino,30,2020,2106-3,2135-2,454,observed,0,zero
Montana,2020,White,Not Hispanic or Latino,30,2020,2106-3,2186-5,8639,observed,Suppressed,suppressed
Montana,2020,White,Unknown or Not Stated,30,2020,2106-3,9,10,observed,0,zero
Montana,2021,American Indian or Alaska Native,Hispanic or Latino,30,2021,1002-5,2135-2,71,observed,0,zero
Montana,2021,American Indian or Alaska Native,Not Hispanic or Latino,30,2021,1002-5,2186-5,939,observed,Suppressed,suppressed
Montana,2021,American Indian or Alaska Native,Unknown or Not Stated,30,2021,1002-5,9,Suppressed,suppressed,0,zero
Montana,2021,Asian,Hispanic or Latino,30,2021,A,2135-2,Suppressed,suppressed,0,zero
Montana,2021,Asian,Not Hispanic or Latino,30,2021,A,2186-5,105,observed,0,zero
Montana,2021,Black or African American,Hispanic or Latino,30,2021,2054-5,2135-2,21,observed,0,zero
Montana,2021,Black or African American,Not Hispanic or Latino,30,2021,2054-5,2186-5,71,observed,0,zero
Montana,2021,More than one race,Hispanic or Latino,30,2021,M,2135-2,34,observed,0,zero
Montana,2021,More than one race,Not Hispanic or Latino,30,2021,M,2186-5,339,observed,0,zero
Montana,2021,Native Hawaiian or Other Pacific Islander,Hispanic or Latino,30,2021,NHOPI,2135-2,Suppressed,suppressed,0,zero
Montana,2021,Native Hawaiian or Other Pacific Islander,Not Hispanic or Latino,30,2021,NHOPI,2186-5,12,observed,0,zero
Montana,2021,White,Hispanic or Latino,30,2021,2106-3,2135-2,508,observed,0,zero
Montana,2021,White,Not Hispanic or Latino,30,2021,2106-3,2186-5,9101,observed,Suppressed,suppressed
Montana,2021,White,Unknown or Not Stated,30,2021,2106-3,9,13,observed,0,zero
Montana,2022,American Indian or Alaska Native,Hispanic or Latino,30,2022,1002-5,2135-2,57,observed,0,zero
Montana,2022,American Indian or Alaska Native,Not Hispanic or Latino,30,2022,1002-5,2186-5,946,observed,Suppressed,suppressed
Montana,2022,American Indian or Alaska Native,Unknown or Not Stated,30,2022,1002-5,9,Suppressed,suppressed,0,zero
Montana,2022,Asian,Hispanic or Latino,30,2022,A,2135-2,Suppressed,suppressed,0,zero
Montana,2022,Asian,Not Hispanic or Latino,30,2022,A,2186-5,134,observed,0,zero
Montana,2022,Black or African American,Hispanic or Latino,30,2022,2054-5,2135-2,11,observed,0,zero
Montana,2022,Black or African American,Not Hispanic or Latino,30,2022,2054-5,2186-5,63,observed,0,zero
Montana,2022,More than one race,Hispanic or Latino,30,2022,M,2135-2,43,observed,Suppressed,suppressed
Montana,2022,More than one race,Not Hispanic or Latino,30,2022,M,2186-5,318,observed,0,zero
Montana,2022,Native Hawaiian or Other Pacific Islander,Hispanic or Latino,30,2022,NHOPI,2135-2,Suppressed,suppressed,0,zero
Montana,2022,Native Hawaiian or Other Pacific Islander,Not Hispanic or Latino,30,2022,NHOPI,2186-5,15,observed,0,zero
Montana,2022,White,Hispanic or Latino,30,2022,2106-3,2135-2,553,observed,0,zero
Montana,2022,White,Not Hispanic or Latino,30,2022,2106-3,2186-5,8995,observed,Suppressed,suppressed
Montana,2022,White,Unknown or Not Stated,30,2022,2106-3,9,24,observed,0,zero
Montana,2023,American Indian or Alaska Native,Hispanic or Latino,30,2023,1002-5,2135-2,52,observed,0,zero
Montana,2023,American Indian or Alaska Native,Not Hispanic or Latino,30,2023,1002-5,2186-5,915,observed,0,zero
Montana,2023,American Indian or Alaska Native,Unknown or Not Stated,30,2023,1002-5,9,Suppressed,suppressed,0,zero
Montana,2023,Asian,Hispanic or Latino,30,2023,A,2135-2,Suppressed,suppressed,0,zero
Montana,2023,Asian,Not Hispanic or Latino,30,2023,A,2186-5,110,observed,0,zero
Montana,2023,Black or African American,Hispanic or Latino,30,2023,2054-5,2135-2,Suppressed,suppressed,0,zero
Montana,2023,Black or African American,Not Hispanic or Latino,30,2023,2054-5,2186-5,60,observed,Suppressed,suppressed
Montana,2023,Black or African American,Unknown or Not Stated,30,2023,2054-5,9,Suppressed,suppressed,0,zero
Montana,2023,More than one race,Hispanic or Latino,30,2023,M,2135-2,38,observed,0,zero
Montana,2023,More than one race,Not Hispanic or Latino,30,2023,M,2186-5,350,observed,Suppressed,suppressed
Montana,2023,Native Hawaiian or Other Pacific Islander,Hispanic or Latino,30,2023,NHOPI,2135-2,Suppressed,suppressed,0,zero
Montana,2023,Native Hawaiian or Other Pacific Islander,Not Hispanic or Latino,30,2023,NHOPI,2186-5,Suppressed,suppressed,0,zero
Montana,2023,White,Hispanic or Latino,30,2023,2106-3,2135-2,593,observed,0,zero
Montana,2023,White,Not Hispanic or Latino,30,2023,2106-3,2186-5,8883,observed,11,observed
Montana,2023,White,Unknown or Not Stated,30,2023,2106-3,9,46,observed,0,zero
Montana,2024,American Indian or Alaska Native,Hispanic or Latino,30,2024,1002-5,2135-2,58,observed,0,zero
Montana,2024,American Indian or Alaska Native,Not Hispanic or Latino,30,2024,1002-5,2186-5,914,observed,Suppressed,suppressed
Montana,2024,American Indian or Alaska Native,Unknown or Not Stated,30,2024,1002-5,9,Suppressed,suppressed,0,zero
Montana,2024,Asian,Hispanic or Latino,30,2024,A,2135-2,Suppressed,suppressed,0,zero
Montana,2024,Asian,Not Hispanic or Latino,30,2024,A,2186-5,121,observed,0,zero
Montana,2024,Asian,Unknown or Not Stated,30,2024,A,9,Suppressed,suppressed,0,zero
Montana,2024,Black or African American,Hispanic or Latino,30,2024,2054-5,2135-2,17,observed,0,zero
Montana,2024,Black or African American,Not Hispanic or Latino,30,2024,2054-5,2186-5,66,observed,Suppressed,suppressed
Montana,2024,Black or African American,Unknown or Not Stated,30,2024,2054-5,9,Suppressed,suppressed,0,zero
Montana,2024,More than one race,Hispanic or Latino,30,2024,M,2135-2,53,observed,0,zero
Montana,2024,More than one race,Not Hispanic or Latino,30,2024,M,2186-5,354,observed,0,zero
Montana,2024,Native Hawaiian or Other Pacific Islander,Hispanic or Latino,30,2024,NHOPI,2135-2,Suppressed,suppressed,0,zero
Montana,2024,Native Hawaiian or Other Pacific Islander,Not Hispanic or Latino,30,2024,NHOPI,2186-5,Suppressed,suppressed,0,zero
Montana,2024,Native Hawaiian or Other Pacific Islander,Unknown or Not Stated,30,2024,NHOPI,9,Suppressed,suppressed,0,zero
Montana,2024,White,Hispanic or Latino,30,2024,2106-3,2135-2,647,observed,0,zero
Montana,2024,White,Not Hispanic or Latino,30,2024,2106-3,2186-5,9056,observed,Suppressed,suppressed
Montana,2024,White,Unknown or Not Stated,30,2024,2106-3,9,25,observed,0,zero
Nebraska,2016,American Indian or Alaska Native,Hispanic or Latino,31,2016,1002-5,2135-2,112,observed,Suppressed,suppressed
Nebraska,2016,American Indian or Alaska Native,Not Hispanic or Latino,31,2016,1002-5,2186-5,353,observed,0,zero
Nebraska,2016,Asian,Hispanic or Latino,31,2016,A,2135-2,98,observed,0,zero
Nebraska,2016,Asian,Not Hispanic or Latino,31,2016,A,2186-5,894,observed,Suppressed,suppressed
Nebraska,2016,Black or African American,Hispanic or Latino,31,2016,2054-5,2135-2,264,observed,0,zero
Nebraska,2016,Black or African American,Not Hispanic or Latino,31,2016,2054-5,2186-5,1685,observed,Suppressed,suppressed
Nebraska,2016,More than one race,Hispanic or Latino,31,2016,M,2135-2,72,observed,0,zero
Nebraska,2016,More than one race,Not Hispanic or Latino,31,2016,M,2186-5,604,observed,Suppressed,suppressed
Nebraska,2016,More than one race,Unknown or Not Stated,31,2016,M,9,Suppressed,suppressed,0,zero
Nebraska,2016,Native Hawaiian or Other Pacific Islander,Hispanic or Latino,31,2016,NHOPI,2135-2,12,observed,0,zero
Nebraska,2016,Native Hawaiian or Other Pacific Islander,Not Hispanic or Latino,31,2016,NHOPI,2186-5,28,observed,0,zero
Nebraska,2016,White,Hispanic or Latino,31,2016,2106-3,2135-2,3724,observed,Suppressed,suppressed
Nebraska,2016,White,Not Hispanic or Latino,31,2016,2106-3,2186-5,18729,observed,19,observed
Nebraska,2016,White,Unknown or Not Stated,31,2016,2106-3,9,13,observed,0,zero
Nebraska,2017,American Indian or Alaska Native,Hispanic or Latino,31,2017,1002-5,2135-2,113,observed,Suppressed,suppressed
Nebraska,2017,American Indian or Alaska Native,Not Hispanic or Latino,31,2017,1002-5,2186-5,372,observed,Suppressed,suppressed
Nebraska,2017,Asian,Hispanic or Latino,31,2017,A,2135-2,96,observed,0,zero
Nebraska,2017,Asian,Not Hispanic or Latino,31,2017,A,2186-5,861,observed,Suppressed,suppressed
Nebraska,2017,Asian,Unknown or Not Stated,31,2017,A,9,Suppressed,suppressed,0,zero
Nebraska,2017,Black or African American,Hispanic or Latino,31,2017,2054-5,2135-2,266,observed,0,zero
Nebraska,2017,Black or African American,Not Hispanic or Latino,31,2017,2054-5,2186-5,1688,observed,Suppressed,suppressed
Nebraska,2017,Black or African American,Unknown or Not Stated,31,2017,2054-5,9,Suppressed,suppressed,0,zero
Nebraska,2017,More than one race,Hispanic or Latino,31,2017,M,2135-2,71,observed,0,zero
Nebraska,2017,More than one race,Not Hispanic or Latino,31,2017,M,2186-5,649,observed,0,zero
Nebraska,2017,Native Hawaiian or Other Pacific Islander,Hispanic or Latino,31,2017,NHOPI,2135-2,14,observed,0,zero
Nebraska,2017,Native Hawaiian or Other Pacific Islander,Not Hispanic or Latino,31,2017,NHOPI,2186-5,27,observed,0,zero
Nebraska,2017,White,Hispanic or Latino,31,2017,2106-3,2135-2,3822,observed,12,observed
Nebraska,2017,White,Not Hispanic or Latino,31,2017,2106-3,2186-5,17827,observed,14,observed
Nebraska,2017,White,Unknown or Not Stated,31,2017,2106-3,9,12,observed,0,zero
Nebraska,2018,American Indian or Alaska Native,Hispanic or Latino,31,2018,1002-5,2135-2,198,observed,0,zero
Nebraska,2018,American Indian or Alaska Native,Not Hispanic or Latino,31,2018,1002-5,2186-5,318,observed,Suppressed,suppressed
Nebraska,2018,Asian,Hispanic or Latino,31,2018,A,2135-2,14,observed,0,zero
Nebraska,2018,Asian,Not Hispanic or Latino,31,2018,A,2186-5,925,observed,Suppressed,suppressed
Nebraska,2018,Black or African American,Hispanic or Latino,31,2018,2054-5,2135-2,177,observed,0,zero
Nebraska,2018,Black or African American,Not Hispanic or Latino,31,2018,2054-5,2186-5,1739,observed,Suppressed,suppressed
Nebraska,2018,Black or African American,Unknown or Not Stated,31,2018,2054-5,9,Suppressed,suppressed,0,zero
Nebraska,2018,More than one race,Hispanic or Latino,31,2018,M,2135-2,60,observed,0,zero
Nebraska,2018,More than one race,Not Hispanic or Latino,31,2018,M,2186-5,666,observed,Suppressed,suppressed
Nebraska,2018,Native Hawaiian or Other Pacific Islander,Hispanic or Latino,31,2018,NHOPI,2135-2,12,observed,0,zero
Nebraska,2018,Native Hawaiian or Other Pacific Islander,Not Hispanic or Latino,31,2018,NHOPI,2186-5,24,observed,0,zero
Nebraska,2018,White,Hispanic or Latino,31,2018,2106-3,2135-2,3694,observed,Suppressed,suppressed
Nebraska,2018,White,Not Hispanic or Latino,31,2018,2106-3,2186-5,17645,observed,16,observed
Nebraska,2018,White,Unknown or Not Stated,31,2018,2106-3,9,12,observed,0,zero
Nebraska,2019,American Indian or Alaska Native,Hispanic or Latino,31,2019,1002-5,2135-2,178,observed,0,zero
Nebraska,2019,American Indian or Alaska Native,Not Hispanic or Latino,31,2019,1002-5,2186-5,323,observed,0,zero
Nebraska,2019,Asian,Hispanic or Latino,31,2019,A,2135-2,53,observed,Suppressed,suppressed
Nebraska,2019,Asian,Not Hispanic or Latino,31,2019,A,2186-5,857,observed,Suppressed,suppressed
Nebraska,2019,Asian,Unknown or Not Stated,31,2019,A,9,Suppressed,suppressed,0,zero
Nebraska,2019,Black or African American,Hispanic or Latino,31,2019,2054-5,2135-2,220,observed,0,zero
Nebraska,2019,Black or African American,Not Hispanic or Latino,31,2019,2054-5,2186-5,1654,observed,Suppressed,suppressed
Nebraska,2019,Black or African American,Unknown or Not Stated,31,2019,2054-5,9,Suppressed,suppressed,0,zero
Nebraska,2019,More than one race,Hispanic or Latino,31,2019,M,2135-2,70,observed,Suppressed,suppressed
Nebraska,2019,More than one race,Not Hispanic or Latino,31,2019,M,2186-5,615,observed,Suppressed,suppressed
Nebraska,2019,Native Hawaiian or Other Pacific Islander,Hispanic or Latino,31,2019,NHOPI,2135-2,22,observed,0,zero
Nebraska,2019,Native Hawaiian or Other Pacific Islander,Not Hispanic or Latino,31,2019,NHOPI,2186-5,18,observed,Suppressed,suppressed
Nebraska,2019,White,Hispanic or Latino,31,2019,2106-3,2135-2,3802,observed,Suppressed,suppressed
Nebraska,2019,White,Not Hispanic or Latino,31,2019,2106-3,2186-5,16930,observed,16,observed
Nebraska,2019,White,Unknown or Not Stated,31,2019,2106-3,9,11,observed,0,zero
Nebraska,2020,American Indian or Alaska Native,Hispanic or Latino,31,2020,1002-5,2135-2,166,observed,Suppressed,suppressed
Nebraska,2020,American Indian or Alaska Native,Not Hispanic or Latino,31,2020,1002-5,2186-5,284,observed,Suppressed,suppressed
Nebraska,2020,Asian,Hispanic or Latino,31,2020,A,2135-2,45,observed,0,zero
Nebraska,2020,Asian,Not Hispanic or Latino,31,2020,A,2186-5,870,observed,0,zero
Nebraska,2020,Asian,Unknown or Not Stated,31,2020,A,9,Suppressed,suppressed,0,zero
Nebraska,2020,Black or African American,Hispanic or Latino,31,2020,2054-5,2135-2,194,observed,Suppressed,suppressed
Nebraska,2020,Black or African American,Not Hispanic or Latino,31,2020,2054-5,2186-5,1631,observed,Suppressed,suppressed
Nebraska,2020,More than one race,Hispanic or Latino,31,2020,M,2135-2,77,observed,0,zero
Nebraska,2020,More than one race,Not Hispanic or Latino,31,2020,M,2186-5,633,observed,0,zero
Nebraska,2020,Native Hawaiian or Other Pacific Islander,Hispanic or Latino,31,2020,NHOPI,2135-2,39,observed,0,zero
Nebraska,2020,Native Hawaiian or Other Pacific Islander,Not Hispanic or Latino,31,2020,NHOPI,2186-5,40,observed,0,zero
Nebraska,2020,White,Hispanic or Latino,31,2020,2106-3,2135-2,3872,observed,Suppressed,suppressed
Nebraska,2020,White,Not Hispanic or Latino,31,2020,2106-3,2186-5,16433,observed,10,observed
Nebraska,2020,White,Unknown or Not Stated,31,2020,2106-3,9,Suppressed,suppressed,0,zero
Nebraska,2021,American Indian or Alaska Native,Hispanic or Latino,31,2021,1002-5,2135-2,141,observed,Suppressed,suppressed
Nebraska,2021,American Indian or Alaska Native,Not Hispanic or Latino,31,2021,1002-5,2186-5,248,observed,Suppressed,suppressed
Nebraska,2021,American Indian or Alaska Native,Unknown or Not Stated,31,2021,1002-5,9,Suppressed,suppressed,0,zero
Nebraska,2021,Asian,Hispanic or Latino,31,2021,A,2135-2,41,observed,0,zero
Nebraska,2021,Asian,Not Hispanic or Latino,31,2021,A,2186-5,861,observed,Suppressed,suppressed
Nebraska,2021,Asian,Unknown or Not Stated,31,2021,A,9,Suppressed,suppressed,0,zero
Nebraska,2021,Black or African American,Hispanic or Latino,31,2021,2054-5,2135-2,221,observed,0,zero
Nebraska,2021,Black or African American,Not Hispanic or Latino,31,2021,2054-5,2186-5,1533,observed,Suppressed,suppressed
Nebraska,2021,Black or African American,Unknown or Not Stated,31,2021,2054-5,9,Suppressed,suppressed,0,zero
Nebraska,2021,More than one race,Hispanic or Latino,31,2021,M,2135-2,67,observed,0,zero
Nebraska,2021,More than one race,Not Hispanic or Latino,31,2021,M,2186-5,706,observed,Suppressed,suppressed
Nebraska,2021,Native Hawaiian or Other Pacific Islander,Hispanic or Latino,31,2021,NHOPI,2135-2,16,observed,0,zero
Nebraska,2021,Native Hawaiian or Other Pacific Islander,Not Hispanic or Latino,31,2021,NHOPI,2186-5,40,observed,0,zero
Nebraska,2021,White,Hispanic or Latino,31,2021,2106-3,2135-2,3954,observed,Suppressed,suppressed
Nebraska,2021,White,Not Hispanic or Latino,31,2021,2106-3,2186-5,16767,observed,Suppressed,suppressed
Nebraska,2021,White,Unknown or Not Stated,31,2021,2106-3,9,Suppressed,suppressed,0,zero
Nebraska,2022,American Indian or Alaska Native,Hispanic or Latino,31,2022,1002-5,2135-2,204,observed,0,zero
Nebraska,2022,American Indian or Alaska Native,Not Hispanic or Latino,31,2022,1002-5,2186-5,261,observed,0,zero
Nebraska,2022,Asian,Hispanic or Latino,31,2022,A,2135-2,43,observed,0,zero
Nebraska,2022,Asian,Not Hispanic or Latino,31,2022,A,2186-5,816,observed,0,zero
Nebraska,2022,Asian,Unknown or Not Stated,31,2022,A,9,Suppressed,suppressed,0,zero
Nebraska,2022,Black or African American,Hispanic or Latino,31,2022,2054-5,2135-2,198,observed,0,zero
Nebraska,2022,Black or African American,Not Hispanic or Latino,31,2022,2054-5,2186-5,1597,observed,0,zero
Nebraska,2022,Black or African American,Unknown or Not Stated,31,2022,2054-5,9,Suppressed,suppressed,0,zero
Nebraska,2022,More than one race,Hispanic or Latino,31,2022,M,2135-2,73,observed,0,zero
Nebraska,2022,More than one race,Not Hispanic or Latino,31,2022,M,2186-5,689,observed,0,zero
Nebraska,2022,Native Hawaiian or Other Pacific Islander,Hispanic or Latino,31,2022,NHOPI,2135-2,11,observed,0,zero
Nebraska,2022,Native Hawaiian or Other Pacific Islander,Not Hispanic or Latino,31,2022,NHOPI,2186-5,37,observed,0,zero
Nebraska,2022,White,Hispanic or Latino,31,2022,2106-3,2135-2,4286,observed,Suppressed,suppressed
Nebraska,2022,White,Not Hispanic or Latino,31,2022,2106-3,2186-5,16120,observed,11,observed
Nebraska,2022,White,Unknown or Not Stated,31,2022,2106-3,9,Suppressed,suppressed,0,zero
Nebraska,2023,American Indian or Alaska Native,Hispanic or Latino,31,2023,1002-5,2135-2,201,observed,0,zero
Nebraska,2023,American Indian or Alaska Native,Not Hispanic or Latino,31,2023,1002-5,2186-5,297,observed,0,zero
Nebraska,2023,American Indian or Alaska Native,Unknown or Not Stated,31,2023,1002-5,9,Suppressed,suppressed,0,zero
Nebraska,2023,Asian,Hispanic or Latino,31,2023,A,2135-2,52,observed,0,zero
Nebraska,2023,Asian,Not Hispanic or Latino,31,2023,A,2186-5,823,observed,Suppressed,suppressed
Nebraska,2023,Asian,Unknown or Not Stated,31,2023,A,9,Suppressed,suppressed,0,zero
Nebraska,2023,Black or African American,Hispanic or Latino,31,2023,2054-5,2135-2,226,observed,0,zero
Nebraska,2023,Black or African American,Not Hispanic or Latino,31,2023,2054-5,2186-5,1506,observed,Suppressed,suppressed
Nebraska,2023,Black or African American,Unknown or Not Stated,31,2023,2054-5,9,Suppressed,suppressed,0,zero
Nebraska,2023,More than one race,Hispanic or Latino,31,2023,M,2135-2,93,observed,0,zero
Nebraska,2023,More than one race,Not Hispanic or Latino,31,2023,M,2186-5,751,observed,0,zero
Nebraska,2023,More than one race,Unknown or Not Stated,31,2023,M,9,Suppressed,suppressed,0,zero
Nebraska,2023,Native Hawaiian or Other Pacific Islander,Hispanic or Latino,31,2023,NHOPI,2135-2,18,observed,0,zero
Nebraska,2023,Native Hawaiian or Other Pacific Islander,Not Hispanic or Latino,31,2023,NHOPI,2186-5,52,observed,0,zero
Nebraska,2023,Native Hawaiian or Other Pacific Islander,Unknown or Not Stated,31,2023,NHOPI,9,Suppressed,suppressed,0,zero
Nebraska,2023,White,Hispanic or Latino,31,2023,2106-3,2135-2,4420,observed,Suppressed,suppressed
Nebraska,2023,White,Not Hispanic or Latino,31,2023,2106-3,2186-5,15656,observed,17,observed
Nebraska,2023,White,Unknown or Not Stated,31,2023,2106-3,9,10,observed,0,zero
Nebraska,2024,American Indian or Alaska Native,Hispanic or Latino,31,2024,1002-5,2135-2,211,observed,Suppressed,suppressed
Nebraska,2024,American Indian or Alaska Native,Not Hispanic or Latino,31,2024,1002-5,2186-5,249,observed,0,zero
Nebraska,2024,American Indian or Alaska Native,Unknown or Not Stated,31,2024,1002-5,9,Suppressed,suppressed,0,zero
Nebraska,2024,Asian,Hispanic or Latino,31,2024,A,2135-2,48,observed,0,zero
Nebraska,2024,Asian,Not Hispanic or Latino,31,2024,A,2186-5,811,observed,0,zero
Nebraska,2024,Asian,Unknown or Not Stated,31,2024,A,9,Suppressed,suppressed,0,zero
Nebraska,2024,Black or African American,Hispanic or Latino,31,2024,2054-5,2135-2,271,observed,0,zero
Nebraska,2024,Black or African American,Not Hispanic or Latino,31,2024,2054-5,2186-5,1482,observed,Suppressed,suppressed
Nebraska,2024,Black or African American,Unknown or Not Stated,31,2024,2054-5,9,Suppressed,suppressed,0,zero
Nebraska,2024,More than one race,Hispanic or Latino,31,2024,M,2135-2,96,observed,0,zero
Nebraska,2024,More than one race,Not Hispanic or Latino,31,2024,M,2186-5,722,observed,0,zero
Nebraska,2024,Native Hawaiian or Other Pacific Islander,Hispanic or Latino,31,2024,NHOPI,2135-2,Suppressed,suppressed,0,zero
Nebraska,2024,Native Hawaiian or Other Pacific Islander,Not Hispanic or Latino,31,2024,NHOPI,2186-5,46,observed,0,zero
Nebraska,2024,White,Hispanic or Latino,31,2024,2106-3,2135-2,4963,observed,Suppressed,suppressed
Nebraska,2024,White,Not Hispanic or Latino,31,2024,2106-3,2186-5,15860,observed,Suppressed,suppressed
Nebraska,2024,White,Unknown or Not Stated,31,2024,2106-3,9,13,observed,0,zero
Nevada,2016,American Indian or Alaska Native,Hispanic or Latino,32,2016,1002-5,2135-2,76,observed,0,zero
Nevada,2016,American Indian or Alaska Native,Not Hispanic or Latino,32,2016,1002-5,2186-5,303,observed,0,zero
Nevada,2016,American Indian or Alaska Native,Unknown or Not Stated,32,2016,1002-5,9,Suppressed,suppressed,0,zero
Nevada,2016,Asian,Hispanic or Latino,32,2016,A,2135-2,189,observed,0,zero
Nevada,2016,Asian,Not Hispanic or Latino,32,2016,A,2186-5,2666,observed,0,zero
Nevada,2016,Asian,Unknown or Not Stated,32,2016,A,9,Suppressed,suppressed,0,zero
Nevada,2016,Black or African American,Hispanic or Latino,32,2016,2054-5,2135-2,382,observed,0,zero
Nevada,2016,Black or African American,Not Hispanic or Latino,32,2016,2054-5,2186-5,4205,observed,Suppressed,suppressed
Nevada,2016,Black or African American,Unknown or Not Stated,32,2016,2054-5,9,Suppressed,suppressed,0,zero
Nevada,2016,More than one race,Hispanic or Latino,32,2016,M,2135-2,270,observed,0,zero
Nevada,2016,More than one race,Not Hispanic or Latino,32,2016,M,2186-5,1376,observed,0,zero
Nevada,2016,More than one race,Unknown or Not Stated,32,2016,M,9,Suppressed,suppressed,0,zero
Nevada,2016,Native Hawaiian or Other Pacific Islander,Hispanic or Latino,32,2016,NHOPI,2135-2,41,observed,0,zero
Nevada,2016,Native Hawaiian or Other Pacific Islander,Not Hispanic or Latino,32,2016,NHOPI,2186-5,308,observed,0,zero
Nevada,2016,White,Hispanic or Latino,32,2016,2106-3,2135-2,12433,observed,14,observed
Nevada,2016,White,Not Hispanic or Latino,32,2016,2106-3,2186-5,13918,observed,Suppressed,suppressed
Nevada,2016,White,Unknown or Not Stated,32,2016,2106-3,9,79,observed,0,zero
Nevada,2017,American Indian or Alaska Native,Hispanic or Latino,32,2017,1002-5,2135-2,94,observed,0,zero
Nevada,2017,American Indian or Alaska Native,Not Hispanic or Latino,32,2017,1002-5,2186-5,305,observed,0,zero
Nevada,2017,American Indian or Alaska Native,Unknown or Not Stated,32,2017,1002-5,9,Suppressed,suppressed,0,zero
Nevada,2017,Asian,Hispanic or Latino,32,2017,A,2135-2,206,observed,0,zero
Nevada,2017,Asian,Not Hispanic or Latino,32,2017,A,2186-5,2685,observed,0,zero
Nevada,2017,Asian,Unknown or Not Stated,32,2017,A,9,10,observed,0,zero
Nevada,2017,Black or African American,Hispanic or Latino,32,2017,2054-5,2135-2,399,observed,0,zero
Nevada,2017,Black or African American,Not Hispanic or Latino,32,2017,2054-5,2186-5,4471,observed,Suppressed,suppressed
Nevada,2017,Black or African American,Unknown or Not Stated,32,2017,2054-5,9,32,observed,0,zero
Nevada,2017,More than one race,Hispanic or Latino,32,2017,M,2135-2,259,observed,0,zero
Nevada,2017,More than one race,Not Hispanic or Latino,32,2017,M,2186-5,1446,observed,0,zero
Nevada,2017,More than one race,Unknown or Not Stated,32,2017,M,9,Suppressed,suppressed,0,zero
Nevada,2017,Native Hawaiian or Other Pacific Islander,Hispanic or Latino,32,2017,NHOPI,2135-2,44,observed,0,zero
Nevada,2017,Native Hawaiian or Other Pacific Islander,Not Hispanic or Latino,32,2017,NHOPI,2186-5,322,observed,0,zero
Nevada,2017,Native Hawaiian or Other Pacific Islander,Unknown or Not Stated,32,2017,NHOPI,9,Suppressed,suppressed,0,zero
Nevada,2017,White,Hispanic or Latino,32,2017,2106-3,2135-2,12174,observed,Suppressed,suppressed
Nevada,2017,White,Not Hispanic or Latino,32,2017,2106-3,2186-5,13171,observed,Suppressed,suppressed
Nevada,2017,White,Unknown or Not Stated,32,2017,2106-3,9,129,observed,0,zero
Nevada,2018,American Indian or Alaska Native,Hispanic or Latino,32,2018,1002-5,2135-2,103,observed,0,zero
Nevada,2018,American Indian or Alaska Native,Not Hispanic or Latino,32,2018,1002-5,2186-5,280,observed,0,zero
Nevada,2018,American Indian or Alaska Native,Unknown or Not Stated,32,2018,1002-5,9,Suppressed,suppressed,0,zero
Nevada,2018,Asian,Hispanic or Latino,32,2018,A,2135-2,134,observed,0,zero
Nevada,2018,Asian,Not Hispanic or Latino,32,2018,A,2186-5,2613,observed,Suppressed,suppressed
Nevada,2018,Asian,Unknown or Not Stated,32,2018,A,9,Suppressed,suppressed,0,zero
Nevada,2018,Black or African American,Hispanic or Latino,32,2018,2054-5,2135-2,387,observed,0,zero
Nevada,2018,Black or African American,Not Hispanic or Latino,32,2018,2054-5,2186-5,4564,observed,Suppressed,suppressed
Nevada,2018,Black or African American,Unknown or Not Stated,32,2018,2054-5,9,23,observed,0,zero
Nevada,2018,More than one race,Hispanic or Latino,32,2018,M,2135-2,259,observed,0,zero
Nevada,2018,More than one race,Not Hispanic or Latino,32,2018,M,2186-5,1431,observed,Suppressed,suppressed
Nevada,2018,More than one race,Unknown or Not Stated,32,2018,M,9,Suppressed,suppressed,0,zero
Nevada,2018,Native Hawaiian or Other Pacific Islander,Hispanic or Latino,32,2018,NHOPI,2135-2,46,observed,0,zero
Nevada,2018,Native Hawaiian or Other Pacific Islander,Not Hispanic or Latino,32,2018,NHOPI,2186-5,340,observed,0,zero
Nevada,2018,White,Hispanic or Latino,32,2018,2106-3,2135-2,12378,observed,11,observed
Nevada,2018,White,Not Hispanic or Latino,32,2018,2106-3,2186-5,13021,observed,Suppressed,suppressed
Nevada,2018,White,Unknown or Not Stated,32,2018,2106-3,9,92,observed,Suppressed,suppressed
Nevada,2019,American Indian or Alaska Native,Hispanic or Latino,32,2019,1002-5,2135-2,103,observed,0,zero
Nevada,2019,American Indian or Alaska Native,Not Hispanic or Latino,32,2019,1002-5,2186-5,277,observed,0,zero
Nevada,2019,American Indian or Alaska Native,Unknown or Not Stated,32,2019,1002-5,9,Suppressed,suppressed,0,zero
Nevada,2019,Asian,Hispanic or Latino,32,2019,A,2135-2,139,observed,0,zero
Nevada,2019,Asian,Not Hispanic or Latino,32,2019,A,2186-5,2587,observed,0,zero
Nevada,2019,Asian,Unknown or Not Stated,32,2019,A,9,19,observed,0,zero
Nevada,2019,Black or African American,Hispanic or Latino,32,2019,2054-5,2135-2,321,observed,Suppressed,suppressed
Nevada,2019,Black or African American,Not Hispanic or Latino,32,2019,2054-5,2186-5,4514,observed,Suppressed,suppressed
Nevada,2019,Black or African American,Unknown or Not Stated,32,2019,2054-5,9,14,observed,0,zero
Nevada,2019,More than one race,Hispanic or Latino,32,2019,M,2135-2,260,observed,0,zero
Nevada,2019,More than one race,Not Hispanic or Latino,32,2019,M,2186-5,1460,observed,Suppressed,suppressed
Nevada,2019,More than one race,Unknown or Not Stated,32,2019,M,9,Suppressed,suppressed,0,zero
Nevada,2019,Native Hawaiian or Other Pacific Islander,Hispanic or Latino,32,2019,NHOPI,2135-2,42,observed,0,zero
Nevada,2019,Native Hawaiian or Other Pacific Islander,Not Hispanic or Latino,32,2019,NHOPI,2186-5,372,observed,0,zero
Nevada,2019,Native Hawaiian or Other Pacific Islander,Unknown or Not Stated,32,2019,NHOPI,9,Suppressed,suppressed,0,zero
Nevada,2019,White,Hispanic or Latino,32,2019,2106-3,2135-2,12373,observed,Suppressed,suppressed
Nevada,2019,White,Not Hispanic or Latino,32,2019,2106-3,2186-5,12479,observed,Suppressed,suppressed
Nevada,2019,White,Unknown or Not Stated,32,2019,2106-3,9,104,observed,0,zero
Nevada,2020,American Indian or Alaska Native,Hispanic or Latino,32,2020,1002-5,2135-2,85,observed,0,zero
Nevada,2020,American Indian or Alaska Native,Not Hispanic or Latino,32,2020,1002-5,2186-5,234,observed,0,zero
Nevada,2020,Asian,Hispanic or Latino,32,2020,A,2135-2,111,observed,0,zero
Nevada,2020,Asian,Not Hispanic or Latino,32,2020,A,2186-5,2467,observed,Suppressed,suppressed
Nevada,2020,Asian,Unknown or Not Stated,32,2020,A,9,11,observed,0,zero
Nevada,2020,Black or African American,Hispanic or Latino,32,2020,2054-5,2135-2,397,observed,0,zero
Nevada,2020,Black or African American,Not Hispanic or Latino,32,2020,2054-5,2186-5,4533,observed,0,zero
Nevada,2020,Black or African American,Unknown or Not Stated,32,2020,2054-5,9,24,observed,0,zero
Nevada,2020,More than one race,Hispanic or Latino,32,2020,M,2135-2,304,observed,0,zero
Nevada,2020,More than one race,Not Hispanic or Latino,32,2020,M,2186-5,1568,observed,Suppressed,suppressed
Nevada,2020,More than one race,Unknown or Not Stated,32,2020,M,9,Suppressed,suppressed,0,zero
Nevada,2020,Native Hawaiian or Other Pacific Islander,Hispanic or Latino,32,2020,NHOPI,2135-2,53,observed,0,zero
Nevada,2020,Native Hawaiian or Other Pacific Islander,Not Hispanic or Latino,32,2020,NHOPI,2186-5,358,observed,0,zero
Nevada,2020,Native Hawaiian or Other Pacific Islander,Unknown or Not Stated,32,2020,NHOPI,9,Suppressed,suppressed,0,zero
Nevada,2020,White,Hispanic or Latino,32,2020,2106-3,2135-2,11813,observed,11,observed
Nevada,2020,White,Not Hispanic or Latino,32,2020,2106-3,2186-5,11602,observed,Suppressed,suppressed
Nevada,2020,White,Unknown or Not Stated,32,2020,2106-3,9,90,observed,0,zero
Nevada,2021,American Indian or Alaska Native,Hispanic or Latino,32,2021,1002-5,2135-2,99,observed,0,zero
Nevada,2021,American Indian or Alaska Native,Not Hispanic or Latino,32,2021,1002-5,2186-5,239,observed,0,zero
Nevada,2021,American Indian or Alaska Native,Unknown or Not Stated,32,2021,1002-5,9,Suppressed,suppressed,0,zero
Nevada,2021,Asian,Hispanic or Latino,32,2021,A,2135-2,119,observed,0,zero
Nevada,2021,Asian,Not Hispanic or Latino,32,2021,A,2186-5,2372,observed,Suppressed,suppressed
Nevada,2021,Asian,Unknown or Not Stated,32,2021,A,9,11,observed,0,zero
Nevada,2021,Black or African American,Hispanic or Latino,32,2021,2054-5,2135-2,387,observed,0,zero
Nevada,2021,Black or African American,Not Hispanic or Latino,32,2021,2054-5,2186-5,4457,observed,Suppressed,suppressed
Nevada,2021,Black or African American,Unknown or Not Stated,32,2021,2054-5,9,18,observed,0,zero
Nevada,2021,More than one race,Hispanic or Latino,32,2021,M,2135-2,354,observed,0,zero
Nevada,2021,More than one race,Not Hispanic or Latino,32,2021,M,2186-5,1528,observed,0,zero
Nevada,2021,Native Hawaiian or Other Pacific Islander,Hispanic or Latino,32,2021,NHOPI,2135-2,37,observed,0,zero
Nevada,2021,Native Hawaiian or Other Pacific Islander,Not Hispanic or Latino,32,2021,NHOPI,2186-5,331,observed,0,zero
Nevada,2021,Native Hawaiian or Other Pacific Islander,Unknown or Not Stated,32,2021,NHOPI,9,Suppressed,suppressed,0,zero
Nevada,2021,White,Hispanic or Latino,32,2021,2106-3,2135-2,11846,observed,Suppressed,suppressed
Nevada,2021,White,Not Hispanic or Latino,32,2021,2106-3,2186-5,11800,observed,Suppressed,suppressed
Nevada,2021,White,Unknown or Not Stated,32,2021,2106-3,9,85,observed,0,zero
Nevada,2022,American Indian or Alaska Native,Hispanic or Latino,32,2022,1002-5,2135-2,61,observed,0,zero
Nevada,2022,American Indian or Alaska Native,Not Hispanic or Latino,32,2022,1002-5,2186-5,218,observed,Suppressed,suppressed
Nevada,2022,American Indian or Alaska Native,Unknown or Not Stated,32,2022,1002-5,9,Suppressed,suppressed,0,zero
Nevada,2022,Asian,Hispanic or Latino,32,2022,A,2135-2,113,observed,0,zero
Nevada,2022,Asian,Not Hispanic or Latino,32,2022,A,2186-5,2548,observed,Suppressed,suppressed
Nevada,2022,Asian,Unknown or Not Stated,32,2022,A,9,12,observed,0,zero
Nevada,2022,Black or African American,Hispanic or Latino,32,2022,2054-5,2135-2,379,observed,0,zero
Nevada,2022,Black or African American,Not Hispanic or Latino,32,2022,2054-5,2186-5,4334,observed,0,zero
Nevada,2022,Black or African American,Unknown or Not Stated,32,2022,2054-5,9,33,observed,0,zero
Nevada,2022,More than one race,Hispanic or Latino,32,2022,M,2135-2,263,observed,0,zero
Nevada,2022,More than one race,Not Hispanic or Latino,32,2022,M,2186-5,1602,observed,0,zero
Nevada,2022,More than one race,Unknown or Not Stated,32,2022,M,9,Suppressed,suppressed,0,zero
Nevada,2022,Native Hawaiian or Other Pacific Islander,Hispanic or Latino,32,2022,NHOPI,2135-2,43,observed,0,zero
Nevada,2022,Native Hawaiian or Other Pacific Islander,Not Hispanic or Latino,32,2022,NHOPI,2186-5,358,observed,0,zero
Nevada,2022,Native Hawaiian or Other Pacific Islander,Unknown or Not Stated,32,2022,NHOPI,9,Suppressed,suppressed,0,zero
Nevada,2022,White,Hispanic or Latino,32,2022,2106-3,2135-2,12160,observed,Suppressed,suppressed
Nevada,2022,White,Not Hispanic or Latino,32,2022,2106-3,2186-5,10961,observed,Suppressed,suppressed
Nevada,2022,White,Unknown or Not Stated,32,2022,2106-3,9,101,observed,0,zero
Nevada,2023,American Indian or Alaska Native,Hispanic or Latino,32,2023,1002-5,2135-2,81,observed,0,zero
Nevada,2023,American Indian or Alaska Native,Not Hispanic or Latino,32,2023,1002-5,2186-5,208,observed,0,zero
Nevada,2023,American Indian or Alaska Native,Unknown or Not Stated,32,2023,1002-5,9,Suppressed,suppressed,0,zero
Nevada,2023,Asian,Hispanic or Latino,32,2023,A,2135-2,105,observed,0,zero
Nevada,2023,Asian,Not Hispanic or Latino,32,2023,A,2186-5,2461,observed,0,zero
Nevada,2023,Asian,Unknown or Not Stated,32,2023,A,9,16,observed,0,zero
Nevada,2023,Black or African American,Hispanic or Latino,32,2023,2054-5,2135-2,328,observed,Suppressed,suppressed
Nevada,2023,Black or African American,Not Hispanic or Latino,32,2023,2054-5,2186-5,4093,observed,Suppressed,suppressed
Nevada,2023,Black or African American,Unknown or Not Stated,32,2023,2054-5,9,30,observed,0,zero
Nevada,2023,More than one race,Hispanic or Latino,32,2023,M,2135-2,275,observed,0,zero
Nevada,2023,More than one race,Not Hispanic or Latino,32,2023,M,2186-5,1446,observed,0,zero
Nevada,2023,More than one race,Unknown or Not Stated,32,2023,M,9,Suppressed,suppressed,0,zero
Nevada,2023,Native Hawaiian or Other Pacific Islander,Hispanic or Latino,32,2023,NHOPI,2135-2,38,observed,0,zero
Nevada,2023,Native Hawaiian or Other Pacific Islander,Not Hispanic or Latino,32,2023,NHOPI,2186-5,325,observed,Suppressed,suppressed
Nevada,2023,Native Hawaiian or Other Pacific Islander,Unknown or Not Stated,32,2023,NHOPI,9,Suppressed,suppressed,0,zero
Nevada,2023,White,Hispanic or Latino,32,2023,2106-3,2135-2,11804,observed,Suppressed,suppressed
Nevada,2023,White,Not Hispanic or Latino,32,2023,2106-3,2186-5,10448,observed,Suppressed,suppressed
Nevada,2023,White,Unknown or Not Stated,32,2023,2106-3,9,129,observed,0,zero
Nevada,2024,American Indian or Alaska Native,Hispanic or Latino,32,2024,1002-5,2135-2,85,observed,0,zero
Nevada,2024,American Indian or Alaska Native,Not Hispanic or Latino,32,2024,1002-5,2186-5,205,observed,0,zero
Nevada,2024,American Indian or Alaska Native,Unknown or Not Stated,32,2024,1002-5,9,Suppressed,suppressed,0,zero
Nevada,2024,Asian,Hispanic or Latino,32,2024,A,2135-2,95,observed,0,zero
Nevada,2024,Asian,Not Hispanic or Latino,32,2024,A,2186-5,2470,observed,Suppressed,suppressed
Nevada,2024,Asian,Unknown or Not Stated,32,2024,A,9,23,observed,0,zero
Nevada,2024,Black or African American,Hispanic or Latino,32,2024,2054-5,2135-2,363,observed,0,zero
Nevada,2024,Black or African American,Not Hispanic or Latino,32,2024,2054-5,2186-5,4008,observed,Suppressed,suppressed
Nevada,2024,Black or African American,Unknown or Not Stated,32,2024,2054-5,9,52,observed,0,zero
Nevada,2024,More than one race,Hispanic or Latino,32,2024,M,2135-2,283,observed,0,zero
Nevada,2024,More than one race,Not Hispanic or Latino,32,2024,M,2186-5,1397,observed,0,zero
Nevada,2024,More than one race,Unknown or Not Stated,32,2024,M,9,Suppressed,suppressed,0,zero
Nevada,2024,Native Hawaiian or Other Pacific Islander,Hispanic or Latino,32,2024,NHOPI,2135-2,55,observed,0,zero
Nevada,2024,Native Hawaiian or Other Pacific Islander,Not Hispanic or Latino,32,2024,NHOPI,2186-5,339,observed,0,zero
Nevada,2024,Native Hawaiian or Other Pacific Islander,Unknown or Not Stated,32,2024,NHOPI,9,Suppressed,suppressed,0,zero
Nevada,2024,White,Hispanic or Latino,32,2024,2106-3,2135-2,12308,observed,Suppressed,suppressed
Nevada,2024,White,Not Hispanic or Latino,32,2024,2106-3,2186-5,10509,observed,Suppressed,suppressed
Nevada,2024,White,Unknown or Not Stated,32,2024,2106-3,9,172,observed,0,zero
New Hampshire,2016,American Indian or Alaska Native,Hispanic or Latino,33,2016,1002-5,2135-2,Suppressed,suppressed,0,zero
New Hampshire,2016,American Indian or Alaska Native,Not Hispanic or Latino,33,2016,1002-5,2186-5,Suppressed,suppressed,0,zero
New Hampshire,2016,American Indian or Alaska Native,Unknown or Not Stated,33,2016,1002-5,9,Suppressed,suppressed,0,zero
New Hampshire,2016,Asian,Hispanic or Latino,33,2016,A,2135-2,Suppressed,suppressed,0,zero
New Hampshire,2016,Asian,Not Hispanic or Latino,33,2016,A,2186-5,504,observed,0,zero
New Hampshire,2016,Asian,Unknown or Not Stated,33,2016,A,9,Suppressed,suppressed,0,zero
New Hampshire,2016,Black or African American,Hispanic or Latino,33,2016,2054-5,2135-2,96,observed,0,zero
New Hampshire,2016,Black or African American,Not Hispanic or Latino,33,2016,2054-5,2186-5,208,observed,0,zero
New Hampshire,2016,Black or African American,Unknown or Not Stated,33,2016,2054-5,9,Suppressed,suppressed,0,zero
New Hampshire,2016,More than one race,Hispanic or Latino,33,2016,M,2135-2,35,observed,0,zero
New Hampshire,2016,More than one race,Not Hispanic or Latino,33,2016,M,2186-5,105,observed,0,zero
New Hampshire,2016,More than one race,Unknown or Not Stated,33,2016,M,9,Suppressed,suppressed,0,zero
New Hampshire,2016,Native Hawaiian or Other Pacific Islander,Not Hispanic or Latino,33,2016,NHOPI,2186-5,Suppressed,suppressed,0,zero
New Hampshire,2016,White,Hispanic or Latino,33,2016,2106-3,2135-2,563,observed,0,zero
New Hampshire,2016,White,Not Hispanic or Latino,33,2016,2106-3,2186-5,10641,observed,13,observed
New Hampshire,2016,White,Unknown or Not Stated,33,2016,2106-3,9,84,observed,0,zero
New Hampshire,2017,American Indian or Alaska Native,Not Hispanic or Latino,33,2017,1002-5,2186-5,21,observed,0,zero
New Hampshire,2017,Asian,Hispanic or Latino,33,2017,A,2135-2,16,observed,0,zero
New Hampshire,2017,Asian,Not Hispanic or Latino,33,2017,A,2186-5,479,observed,Suppressed,suppressed
New Hampshire,2017,Asian,Unknown or Not Stated,33,2017,A,9,Suppressed,suppressed,0,zero
New Hampshire,2017,Black or African American,Hispanic or Latino,33,2017,2054-5,2135-2,59,observed,0,zero
New Hampshire,2017,Black or African American,Not Hispanic or Latino,33,2017,2054-5,2186-5,234,observed,0,zero
New Hampshire,2017,Black or African American,Unknown or Not Stated,33,2017,2054-5,9,Suppressed,suppressed,0,zero
New Hampshire,2017,More than one race,Hispanic or Latino,33,2017,M,2135-2,27,observed,0,zero
New Hampshire,2017,More than one race,Not Hispanic or Latino,33,2017,M,2186-5,116,observed,Suppressed,suppressed
New Hampshire,2017,Native Hawaiian or Other Pacific Islander,Hispanic or Latino,33,2017,NHOPI,2135-2,Suppressed,suppressed,0,zero
New Hampshire,2017,Native Hawaiian or Other Pacific Islander,Not Hispanic or Latino,33,2017,NHOPI,2186-5,Suppressed,suppressed,0,zero
New Hampshire,2017,White,Hispanic or Latino,33,2017,2106-3,2135-2,570,observed,0,zero
New Hampshire,2017,White,Not Hispanic or Latino,33,2017,2106-3,2186-5,10524,observed,Suppressed,suppressed
New Hampshire,2017,White,Unknown or Not Stated,33,2017,2106-3,9,60,observed,0,zero
New Hampshire,2018,American Indian or Alaska Native,Hispanic or Latino,33,2018,1002-5,2135-2,Suppressed,suppressed,0,zero
New Hampshire,2018,American Indian or Alaska Native,Not Hispanic or Latino,33,2018,1002-5,2186-5,Suppressed,suppressed,0,zero
New Hampshire,2018,Asian,Hispanic or Latino,33,2018,A,2135-2,Suppressed,suppressed,0,zero
New Hampshire,2018,Asian,Not Hispanic or Latino,33,2018,A,2186-5,472,observed,Suppressed,suppressed
New Hampshire,2018,Asian,Unknown or Not Stated,33,2018,A,9,Suppressed,suppressed,0,zero
New Hampshire,2018,Black or African American,Hispanic or Latino,33,2018,2054-5,2135-2,85,observed,Suppressed,suppressed
New Hampshire,2018,Black or African American,Not Hispanic or Latino,33,2018,2054-5,2186-5,241,observed,Suppressed,suppressed
New Hampshire,2018,Black or African American,Unknown or Not Stated,33,2018,2054-5,9,Suppressed,suppressed,0,zero
New Hampshire,2018,More than one race,Hispanic or Latino,33,2018,M,2135-2,19,observed,0,zero
New Hampshire,2018,More than one race,Not Hispanic or Latino,33,2018,M,2186-5,145,observed,0,zero
New Hampshire,2018,More than one race,Unknown or Not Stated,33,2018,M,9,Suppressed,suppressed,0,zero
New Hampshire,2018,Native Hawaiian or Other Pacific Islander,Hispanic or Latino,33,2018,NHOPI,2135-2,Suppressed,suppressed,0,zero
New Hampshire,2018,Native Hawaiian or Other Pacific Islander,Not Hispanic or Latino,33,2018,NHOPI,2186-5,Suppressed,suppressed,0,zero
New Hampshire,2018,White,Hispanic or Latino,33,2018,2106-3,2135-2,622,observed,Suppressed,suppressed
New Hampshire,2018,White,Not Hispanic or Latino,33,2018,2106-3,2186-5,10317,observed,13,observed
New Hampshire,2018,White,Unknown or Not Stated,33,2018,2106-3,9,58,observed,0,zero
New Hampshire,2019,American Indian or Alaska Native,Hispanic or Latino,33,2019,1002-5,2135-2,Suppressed,suppressed,0,zero
New Hampshire,2019,American Indian or Alaska Native,Not Hispanic or Latino,33,2019,1002-5,2186-5,11,observed,0,zero
New Hampshire,2019,Asian,Hispanic or Latino,33,2019,A,2135-2,14,observed,0,zero
New Hampshire,2019,Asian,Not Hispanic or Latino,33,2019,A,2186-5,508,observed,0,zero
New Hampshire,2019,Asian,Unknown or Not Stated,33,2019,A,9,Suppressed,suppressed,0,zero
New Hampshire,2019,Black or African American,Hispanic or Latino,33,2019,2054-5,2135-2,68,observed,0,zero
New Hampshire,2019,Black or African American,Not Hispanic or Latino,33,2019,2054-5,2186-5,255,observed,0,zero
New Hampshire,2019,Black or African American,Unknown or Not Stated,33,2019,2054-5,9,Suppressed,suppressed,0,zero
New Hampshire,2019,More than one race,Hispanic or Latino,33,2019,M,2135-2,15,observed,0,zero
New Hampshire,2019,More than one race,Not Hispanic or Latino,33,2019,M,2186-5,142,observed,0,zero
New Hampshire,2019,Native Hawaiian or Other Pacific Islander,Hispanic or Latino,33,2019,NHOPI,2135-2,Suppressed,suppressed,0,zero
New Hampshire,2019,Native Hawaiian or Other Pacific Islander,Not Hispanic or Latino,33,2019,NHOPI,2186-5,Suppressed,suppressed,0,zero
New Hampshire,2019,White,Hispanic or Latino,33,2019,2106-3,2135-2,667,observed,0,zero
New Hampshire,2019,White,Not Hispanic or Latino,33,2019,2106-3,2186-5,10079,observed,Suppressed,suppressed
New Hampshire,2019,White,Unknown or Not Stated,33,2019,2106-3,9,59,observed,0,zero
New Hampshire,2020,American Indian or Alaska Native,Hispanic or Latino,33,2020,1002-5,2135-2,Suppressed,suppressed,0,zero
New Hampshire,2020,American Indian or Alaska Native,Not Hispanic or Latino,33,2020,1002-5,2186-5,10,observed,0,zero
New Hampshire,2020,American Indian or Alaska Native,Unknown or Not Stated,33,2020,1002-5,9,Suppressed,suppressed,0,zero
New Hampshire,2020,Asian,Hispanic or Latino,33,2020,A,2135-2,11,observed,0,zero
New Hampshire,2020,Asian,Not Hispanic or Latino,33,2020,A,2186-5,428,observed,0,zero
New Hampshire,2020,Asian,Unknown or Not Stated,33,2020,A,9,Suppressed,suppressed,0,zero
New Hampshire,2020,Black or African American,Hispanic or Latino,33,2020,2054-5,2135-2,50,observed,0,zero
New Hampshire,2020,Black or African American,Not Hispanic or Latino,33,2020,2054-5,2186-5,256,observed,Suppressed,suppressed
New Hampshire,2020,Black or African American,Unknown or Not Stated,33,2020,2054-5,9,Suppressed,suppressed,0,zero
New Hampshire,2020,More than one race,Hispanic or Latino,33,2020,M,2135-2,14,observed,0,zero
New Hampshire,2020,More than one race,Not Hispanic or Latino,33,2020,M,2186-5,143,observed,0,zero
New Hampshire,2020,More than one race,Unknown or Not Stated,33,2020,M,9,Suppressed,suppressed,0,zero
New Hampshire,2020,Native Hawaiian or Other Pacific Islander,Hispanic or Latino,33,2020,NHOPI,2135-2,15,observed,0,zero
New Hampshire,2020,Native Hawaiian or Other Pacific Islander,Not Hispanic or Latino,33,2020,NHOPI,2186-5,Suppressed,suppressed,0,zero
New Hampshire,2020,White,Hispanic or Latino,33,2020,2106-3,2135-2,703,observed,0,zero
New Hampshire,2020,White,Not Hispanic or Latino,33,2020,2106-3,2186-5,10075,observed,Suppressed,suppressed
New Hampshire,2020,White,Unknown or Not Stated,33,2020,2106-3,9,68,observed,0,zero
New Hampshire,2021,American Indian or Alaska Native,Hispanic or Latino,33,2021,1002-5,2135-2,Suppressed,suppressed,0,zero
New Hampshire,2021,American Indian or Alaska Native,Not Hispanic or Latino,33,2021,1002-5,2186-5,Suppressed,suppressed,0,zero
New Hampshire,2021,Asian,Hispanic or Latino,33,2021,A,2135-2,Suppressed,suppressed,0,zero
New Hampshire,2021,Asian,Not Hispanic or Latino,33,2021,A,2186-5,432,observed,0,zero
New Hampshire,2021,Asian,Unknown or Not Stated,33,2021,A,9,Suppressed,suppressed,0,zero
New Hampshire,2021,Black or African American,Hispanic or Latino,33,2021,2054-5,2135-2,92,observed,0,zero
New Hampshire,2021,Black or African American,Not Hispanic or Latino,33,2021,2054-5,2186-5,274,observed,0,zero
New Hampshire,2021,Black or African American,Unknown or Not Stated,33,2021,2054-5,9,Suppressed,suppressed,0,zero
New Hampshire,2021,More than one race,Hispanic or Latino,33,2021,M,2135-2,16,observed,0,zero
New Hampshire,2021,More than one race,Not Hispanic or Latino,33,2021,M,2186-5,120,observed,0,zero
New Hampshire,2021,Native Hawaiian or Other Pacific Islander,Hispanic or Latino,33,2021,NHOPI,2135-2,Suppressed,suppressed,0,zero
New Hampshire,2021,Native Hawaiian or Other Pacific Islander,Not Hispanic or Latino,33,2021,NHOPI,2186-5,Suppressed,suppressed,0,zero
New Hampshire,2021,White,Hispanic or Latino,33,2021,2106-3,2135-2,734,observed,Suppressed,suppressed
New Hampshire,2021,White,Not Hispanic or Latino,33,2021,2106-3,2186-5,10848,observed,Suppressed,suppressed
New Hampshire,2021,White,Unknown or Not Stated,33,2021,2106-3,9,70,observed,0,zero
New Hampshire,2022,American Indian or Alaska Native,Hispanic or Latino,33,2022,1002-5,2135-2,Suppressed,suppressed,0,zero
New Hampshire,2022,American Indian or Alaska Native,Not Hispanic or Latino,33,2022,1002-5,2186-5,Suppressed,suppressed,0,zero
New Hampshire,2022,Asian,Hispanic or Latino,33,2022,A,2135-2,Suppressed,suppressed,0,zero
New Hampshire,2022,Asian,Not Hispanic or Latino,33,2022,A,2186-5,441,observed,0,zero
New Hampshire,2022,Asian,Unknown or Not Stated,33,2022,A,9,Suppressed,suppressed,0,zero
New Hampshire,2022,Black or African American,Hispanic or Latino,33,2022,2054-5,2135-2,83,observed,0,zero
New Hampshire,2022,Black or African American,Not Hispanic or Latino,33,2022,2054-5,2186-5,267,observed,Suppressed,suppressed
New Hampshire,2022,Black or African American,Unknown or Not Stated,33,2022,2054-5,9,Suppressed,suppressed,0,zero
New Hampshire,2022,More than one race,Hispanic or Latino,33,2022,M,2135-2,20,observed,0,zero
New Hampshire,2022,More than one race,Not Hispanic or Latino,33,2022,M,2186-5,148,observed,0,zero
New Hampshire,2022,More than one race,Unknown or Not Stated,33,2022,M,9,Suppressed,suppressed,0,zero
New Hampshire,2022,Native Hawaiian or Other Pacific Islander,Hispanic or Latino,33,2022,NHOPI,2135-2,Suppressed,suppressed,0,zero
New Hampshire,2022,Native Hawaiian or Other Pacific Islander,Not Hispanic or Latino,33,2022,NHOPI,2186-5,Suppressed,suppressed,0,zero
New Hampshire,2022,White,Hispanic or Latino,33,2022,2106-3,2135-2,702,observed,0,zero
New Hampshire,2022,White,Not Hispanic or Latino,33,2022,2106-3,2186-5,10318,observed,Suppressed,suppressed
New Hampshire,2022,White,Unknown or Not Stated,33,2022,2106-3,9,62,observed,0,zero
New Hampshire,2023,American Indian or Alaska Native,Hispanic or Latino,33,2023,1002-5,2135-2,Suppressed,suppressed,0,zero
New Hampshire,2023,American Indian or Alaska Native,Not Hispanic or Latino,33,2023,1002-5,2186-5,10,observed,0,zero
New Hampshire,2023,American Indian or Alaska Native,Unknown or Not Stated,33,2023,1002-5,9,Suppressed,suppressed,0,zero
New Hampshire,2023,Asian,Hispanic or Latino,33,2023,A,2135-2,Suppressed,suppressed,0,zero
New Hampshire,2023,Asian,Not Hispanic or Latino,33,2023,A,2186-5,411,observed,0,zero
New Hampshire,2023,Asian,Unknown or Not Stated,33,2023,A,9,Suppressed,suppressed,0,zero
New Hampshire,2023,Black or African American,Hispanic or Latino,33,2023,2054-5,2135-2,74,observed,0,zero
New Hampshire,2023,Black or African American,Not Hispanic or Latino,33,2023,2054-5,2186-5,304,observed,0,zero
New Hampshire,2023,Black or African American,Unknown or Not Stated,33,2023,2054-5,9,Suppressed,suppressed,0,zero
New Hampshire,2023,More than one race,Hispanic or Latino,33,2023,M,2135-2,13,observed,0,zero
New Hampshire,2023,More than one race,Not Hispanic or Latino,33,2023,M,2186-5,140,observed,0,zero
New Hampshire,2023,More than one race,Unknown or Not Stated,33,2023,M,9,Suppressed,suppressed,0,zero
New Hampshire,2023,Native Hawaiian or Other Pacific Islander,Hispanic or Latino,33,2023,NHOPI,2135-2,Suppressed,suppressed,0,zero
New Hampshire,2023,Native Hawaiian or Other Pacific Islander,Not Hispanic or Latino,33,2023,NHOPI,2186-5,Suppressed,suppressed,0,zero
New Hampshire,2023,White,Hispanic or Latino,33,2023,2106-3,2135-2,786,observed,Suppressed,suppressed
New Hampshire,2023,White,Not Hispanic or Latino,33,2023,2106-3,2186-5,10094,observed,Suppressed,suppressed
New Hampshire,2023,White,Unknown or Not Stated,33,2023,2106-3,9,69,observed,0,zero
New Hampshire,2024,American Indian or Alaska Native,Hispanic or Latino,33,2024,1002-5,2135-2,Suppressed,suppressed,0,zero
New Hampshire,2024,American Indian or Alaska Native,Not Hispanic or Latino,33,2024,1002-5,2186-5,10,observed,0,zero
New Hampshire,2024,Asian,Hispanic or Latino,33,2024,A,2135-2,14,observed,0,zero
New Hampshire,2024,Asian,Not Hispanic or Latino,33,2024,A,2186-5,445,observed,0,zero
New Hampshire,2024,Asian,Unknown or Not Stated,33,2024,A,9,Suppressed,suppressed,0,zero
New Hampshire,2024,Black or African American,Hispanic or Latino,33,2024,2054-5,2135-2,71,observed,0,zero
New Hampshire,2024,Black or African American,Not Hispanic or Latino,33,2024,2054-5,2186-5,260,observed,0,zero
New Hampshire,2024,Black or African American,Unknown or Not Stated,33,2024,2054-5,9,Suppressed,suppressed,0,zero
New Hampshire,2024,More than one race,Hispanic or Latino,33,2024,M,2135-2,20,observed,0,zero
New Hampshire,2024,More than one race,Not Hispanic or Latino,33,2024,M,2186-5,139,observed,0,zero
New Hampshire,2024,More than one race,Unknown or Not Stated,33,2024,M,9,Suppressed,suppressed,0,zero
New Hampshire,2024,Native Hawaiian or Other Pacific Islander,Hispanic or Latino,33,2024,NHOPI,2135-2,Suppressed,suppressed,0,zero
New Hampshire,2024,Native Hawaiian or Other Pacific Islander,Not Hispanic or Latino,33,2024,NHOPI,2186-5,Suppressed,suppressed,0,zero
New Hampshire,2024,White,Hispanic or Latino,33,2024,2106-3,2135-2,758,observed,0,zero
New Hampshire,2024,White,Not Hispanic or Latino,33,2024,2106-3,2186-5,9958,observed,Suppressed,suppressed
New Hampshire,2024,White,Unknown or Not Stated,33,2024,2106-3,9,68,observed,0,zero
New Jersey,2016,American Indian or Alaska Native,Hispanic or Latino,34,2016,1002-5,2135-2,88,observed,0,zero
New Jersey,2016,American Indian or Alaska Native,Not Hispanic or Latino,34,2016,1002-5,2186-5,62,observed,0,zero
New Jersey,2016,American Indian or Alaska Native,Unknown or Not Stated,34,2016,1002-5,9,Suppressed,suppressed,0,zero
New Jersey,2016,Asian,Hispanic or Latino,34,2016,A,2135-2,1124,observed,Suppressed,suppressed
New Jersey,2016,Asian,Not Hispanic or Latino,34,2016,A,2186-5,12053,observed,Suppressed,suppressed
New Jersey,2016,Asian,Unknown or Not Stated,34,2016,A,9,165,observed,0,zero
New Jersey,2016,Black or African American,Hispanic or Latino,34,2016,2054-5,2135-2,3015,observed,Suppressed,suppressed
New Jersey,2016,Black or African American,Not Hispanic or Latino,34,2016,2054-5,2186-5,13870,observed,11,observed
New Jersey,2016,Black or African American,Unknown or Not Stated,34,2016,2054-5,9,370,observed,Suppressed,suppressed
New Jersey,2016,More than one race,Hispanic or Latino,34,2016,M,2135-2,181,observed,0,zero
New Jersey,2016,More than one race,Not Hispanic or Latino,34,2016,M,2186-5,1034,observed,Suppressed,suppressed
New Jersey,2016,More than one race,Unknown or Not Stated,34,2016,M,9,17,observed,0,zero
New Jersey,2016,Native Hawaiian or Other Pacific Islander,Hispanic or Latino,34,2016,NHOPI,2135-2,121,observed,Suppressed,suppressed
New Jersey,2016,Native Hawaiian or Other Pacific Islander,Not Hispanic or Latino,34,2016,NHOPI,2186-5,37,observed,0,zero
New Jersey,2016,Native Hawaiian or Other Pacific Islander,Unknown or Not Stated,34,2016,NHOPI,9,Suppressed,suppressed,0,zero
New Jersey,2016,White,Hispanic or Latino,34,2016,2106-3,2135-2,23554,observed,35,observed
New Jersey,2016,White,Not Hispanic or Latino,34,2016,2106-3,2186-5,46076,observed,25,observed
New Jersey,2016,White,Unknown or Not Stated,34,2016,2106-3,9,874,observed,0,zero
New Jersey,2017,American Indian or Alaska Native,Hispanic or Latino,34,2017,1002-5,2135-2,101,observed,0,zero
New Jersey,2017,American Indian or Alaska Native,Not Hispanic or Latino,34,2017,1002-5,2186-5,46,observed,0,zero
New Jersey,2017,American Indian or Alaska Native,Unknown or Not Stated,34,2017,1002-5,9,Suppressed,suppressed,0,zero
New Jersey,2017,Asian,Hispanic or Latino,34,2017,A,2135-2,1274,observed,Suppressed,suppressed
New Jersey,2017,Asian,Not Hispanic or Latino,34,2017,A,2186-5,11691,observed,Suppressed,suppressed
New Jersey,2017,Asian,Unknown or Not Stated,34,2017,A,9,179,observed,Suppressed,suppressed
New Jersey,2017,Black or African American,Hispanic or Latino,34,2017,2054-5,2135-2,3039,observed,Suppressed,suppressed
New Jersey,2017,Black or African American,Not Hispanic or Latino,34,2017,2054-5,2186-5,13684,observed,12,observed
New Jersey,2017,Black or African American,Unknown or Not Stated,34,2017,2054-5,9,430,observed,0,zero
New Jersey,2017,More than one race,Hispanic or Latino,34,2017,M,2135-2,315,observed,0,zero
New Jersey,2017,More than one race,Not Hispanic or Latino,34,2017,M,2186-5,1108,observed,0,zero
New Jersey,2017,More than one race,Unknown or Not Stated,34,2017,M,9,16,observed,0,zero
New Jersey,2017,Native Hawaiian or Other Pacific Islander,Hispanic or Latino,34,2017,NHOPI,2135-2,70,observed,0,zero
New Jersey,2017,Native Hawaiian or Other Pacific Islander,Not Hispanic or Latino,34,2017,NHOPI,2186-5,26,observed,0,zero
New Jersey,2017,Native Hawaiian or Other Pacific Islander,Unknown or Not Stated,34,2017,NHOPI,9,Suppressed,suppressed,0,zero
New Jersey,2017,White,Hispanic or Latino,34,2017,2106-3,2135-2,22555,observed,41,observed
New Jersey,2017,White,Not Hispanic or Latino,34,2017,2106-3,2186-5,45825,observed,29,observed
New Jersey,2017,White,Unknown or Not Stated,34,2017,2106-3,9,880,observed,Suppressed,suppressed
New Jersey,2018,American Indian or Alaska Native,Hispanic or Latino,34,2018,1002-5,2135-2,157,observed,0,zero
New Jersey,2018,American Indian or Alaska Native,Not Hispanic or Latino,34,2018,1002-5,2186-5,40,observed,0,zero
New Jersey,2018,American Indian or Alaska Native,Unknown or Not Stated,34,2018,1002-5,9,Suppressed,suppressed,0,zero
New Jersey,2018,Asian,Hispanic or Latino,34,2018,A,2135-2,219,observed,0,zero
New Jersey,2018,Asian,Not Hispanic or Latino,34,2018,A,2186-5,11452,observed,Suppressed,suppressed
New Jersey,2018,Asian,Unknown or Not Stated,34,2018,A,9,216,observed,0,zero
New Jersey,2018,Black or African American,Hispanic or Latino,34,2018,2054-5,2135-2,2671,observed,Suppressed,suppressed
New Jersey,2018,Black or African American,Not Hispanic or Latino,34,2018,2054-5,2186-5,13886,observed,17,observed
New Jersey,2018,Black or African American,Unknown or Not Stated,34,2018,2054-5,9,394,observed,Suppressed,suppressed
New Jersey,2018,More than one race,Hispanic or Latino,34,2018,M,2135-2,273,observed,0,zero
New Jersey,2018,More than one race,Not Hispanic or Latino,34,2018,M,2186-5,1085,observed,Suppressed,suppressed
New Jersey,2018,More than one race,Unknown or Not Stated,34,2018,M,9,12,observed,0,zero
New Jersey,2018,Native Hawaiian or Other Pacific Islander,Hispanic or Latino,34,2018,NHOPI,2135-2,155,observed,0,zero
New Jersey,2018,Native Hawaiian or Other Pacific Islander,Not Hispanic or Latino,34,2018,NHOPI,2186-5,27,observed,0,zero
New Jersey,2018,Native Hawaiian or Other Pacific Islander,Unknown or Not Stated,34,2018,NHOPI,9,Suppressed,suppressed,0,zero
New Jersey,2018,White,Hispanic or Latino,34,2018,2106-3,2135-2,24122,observed,38,observed
New Jersey,2018,White,Not Hispanic or Latino,34,2018,2106-3,2186-5,45500,observed,26,observed
New Jersey,2018,White,Unknown or Not Stated,34,2018,2106-3,9,1010,observed,Suppressed,suppressed
New Jersey,2019,American Indian or Alaska Native,Hispanic or Latino,34,2019,1002-5,2135-2,170,observed,0,zero
New Jersey,2019,American Indian or Alaska Native,Not Hispanic or Latino,34,2019,1002-5,2186-5,66,observed,0,zero
New Jersey,2019,American Indian or Alaska Native,Unknown or Not Stated,34,2019,1002-5,9,Suppressed,suppressed,0,zero
New Jersey,2019,Asian,Hispanic or Latino,34,2019,A,2135-2,307,observed,0,zero
New Jersey,2019,Asian,Not Hispanic or Latino,34,2019,A,2186-5,11112,observed,Suppressed,suppressed
New Jersey,2019,Asian,Unknown or Not Stated,34,2019,A,9,88,observed,0,zero
New Jersey,2019,Black or African American,Hispanic or Latino,34,2019,2054-5,2135-2,2976,observed,Suppressed,suppressed
New Jersey,2019,Black or African American,Not Hispanic or Latino,34,2019,2054-5,2186-5,13394,observed,10,observed
New Jersey,2019,Black or African American,Unknown or Not Stated,34,2019,2054-5,9,264,observed,0,zero
New Jersey,2019,More than one race,Hispanic or Latino,34,2019,M,2135-2,247,observed,Suppressed,suppressed
New Jersey,2019,More than one race,Not Hispanic or Latino,34,2019,M,2186-5,1125,observed,0,zero
New Jersey,2019,More than one race,Unknown or Not Stated,34,2019,M,9,11,observed,0,zero
New Jersey,2019,Native Hawaiian or Other Pacific Islander,Hispanic or Latino,34,2019,NHOPI,2135-2,154,observed,0,zero
New Jersey,2019,Native Hawaiian or Other Pacific Islander,Not Hispanic or Latino,34,2019,NHOPI,2186-5,28,observed,0,zero
New Jersey,2019,White,Hispanic or Latino,34,2019,2106-3,2135-2,23589,observed,29,observed
New Jersey,2019,White,Not Hispanic or Latino,34,2019,2106-3,2186-5,45368,observed,31,observed
New Jersey,2019,White,Unknown or Not Stated,34,2019,2106-3,9,681,observed,0,zero
New Jersey,2020,American Indian or Alaska Native,Hispanic or Latino,34,2020,1002-5,2135-2,220,observed,0,zero
New Jersey,2020,American Indian or Alaska Native,Not Hispanic or Latino,34,2020,1002-5,2186-5,41,observed,0,zero
New Jersey,2020,American Indian or Alaska Native,Unknown or Not Stated,34,2020,1002-5,9,Suppressed,suppressed,0,zero
New Jersey,2020,Asian,Hispanic or Latino,34,2020,A,2135-2,378,observed,0,zero
New Jersey,2020,Asian,Not Hispanic or Latino,34,2020,A,2186-5,10451,observed,0,zero
New Jersey,2020,Asian,Unknown or Not Stated,34,2020,A,9,133,observed,Suppressed,suppressed
New Jersey,2020,Black or African American,Hispanic or Latino,34,2020,2054-5,2135-2,3280,observed,Suppressed,suppressed
New Jersey,2020,Black or African American,Not Hispanic or Latino,34,2020,2054-5,2186-5,12951,observed,10,observed
New Jersey,2020,Black or African American,Unknown or Not Stated,34,2020,2054-5,9,372,observed,0,zero
New Jersey,2020,More than one race,Hispanic or Latino,34,2020,M,2135-2,237,observed,0,zero
New Jersey,2020,More than one race,Not Hispanic or Latino,34,2020,M,2186-5,1236,observed,Suppressed,suppressed
New Jersey,2020,More than one race,Unknown or Not Stated,34,2020,M,9,14,observed,0,zero
New Jersey,2020,Native Hawaiian or Other Pacific Islander,Hispanic or Latino,34,2020,NHOPI,2135-2,136,observed,0,zero
New Jersey,2020,Native Hawaiian or Other Pacific Islander,Not Hispanic or Latino,34,2020,NHOPI,2186-5,30,observed,0,zero
New Jersey,2020,White,Hispanic or Latino,34,2020,2106-3,2135-2,22954,observed,22,observed
New Jersey,2020,White,Not Hispanic or Latino,34,2020,2106-3,2186-5,44709,observed,32,observed
New Jersey,2020,White,Unknown or Not Stated,34,2020,2106-3,9,808,observed,0,zero
New Jersey,2021,American Indian or Alaska Native,Hispanic or Latino,34,2021,1002-5,2135-2,248,observed,0,zero
New Jersey,2021,American Indian or Alaska Native,Not Hispanic or Latino,34,2021,1002-5,2186-5,45,observed,0,zero
New Jersey,2021,American Indian or Alaska Native,Unknown or Not Stated,34,2021,1002-5,9,Suppressed,suppressed,0,zero
New Jersey,2021,Asian,Hispanic or Latino,34,2021,A,2135-2,311,observed,0,zero
New Jersey,2021,Asian,Not Hispanic or Latino,34,2021,A,2186-5,10281,observed,Suppressed,suppressed
New Jersey,2021,Asian,Unknown or Not Stated,34,2021,A,9,172,observed,0,zero
New Jersey,2021,Black or African American,Hispanic or Latino,34,2021,2054-5,2135-2,3727,observed,Suppressed,suppressed
New Jersey,2021,Black or African American,Not Hispanic or Latino,34,2021,2054-5,2186-5,12822,observed,Suppressed,suppressed
New Jersey,2021,Black or African American,Unknown or Not Stated,34,2021,2054-5,9,426,observed,0,zero
New Jersey,2021,More than one race,Hispanic or Latino,34,2021,M,2135-2,270,observed,0,zero
New Jersey,2021,More than one race,Not Hispanic or Latino,34,2021,M,2186-5,1202,observed,Suppressed,suppressed
New Jersey,2021,More than one race,Unknown or Not Stated,34,2021,M,9,14,observed,0,zero
New Jersey,2021,Native Hawaiian or Other Pacific Islander,Hispanic or Latino,34,2021,NHOPI,2135-2,328,observed,0,zero
New Jersey,2021,Native Hawaiian or Other Pacific Islander,Not Hispanic or Latino,34,2021,NHOPI,2186-5,30,observed,0,zero
New Jersey,2021,White,Hispanic or Latino,34,2021,2106-3,2135-2,23259,observed,17,observed
New Jersey,2021,White,Not Hispanic or Latino,34,2021,2106-3,2186-5,47318,observed,17,observed
New Jersey,2021,White,Unknown or Not Stated,34,2021,2106-3,9,1039,observed,Suppressed,suppressed
New Jersey,2022,American Indian or Alaska Native,Hispanic or Latino,34,2022,1002-5,2135-2,172,observed,0,zero
New Jersey,2022,American Indian or Alaska Native,Not Hispanic or Latino,34,2022,1002-5,2186-5,34,observed,0,zero
New Jersey,2022,American Indian or Alaska Native,Unknown or Not Stated,34,2022,1002-5,9,Suppressed,suppressed,0,zero
New Jersey,2022,Asian,Hispanic or Latino,34,2022,A,2135-2,376,observed,0,zero
New Jersey,2022,Asian,Not Hispanic or Latino,34,2022,A,2186-5,10561,observed,Suppressed,suppressed
New Jersey,2022,Asian,Unknown or Not Stated,34,2022,A,9,54,observed,0,zero
New Jersey,2022,Black or African American,Hispanic or Latino,34,2022,2054-5,2135-2,4244,observed,11,observed
New Jersey,2022,Black or African American,Not Hispanic or Latino,34,2022,2054-5,2186-5,12911,observed,13,observed
New Jersey,2022,Black or African American,Unknown or Not Stated,34,2022,2054-5,9,178,observed,0,zero
New Jersey,2022,More than one race,Hispanic or Latino,34,2022,M,2135-2,270,observed,0,zero
New Jersey,2022,More than one race,Not Hispanic or Latino,34,2022,M,2186-5,1237,observed,Suppressed,suppressed
New Jersey,2022,More than one race,Unknown or Not Stated,34,2022,M,9,21,observed,0,zero
New Jersey,2022,Native Hawaiian or Other Pacific Islander,Hispanic or Latino,34,2022,NHOPI,2135-2,274,observed,0,zero
New Jersey,2022,Native Hawaiian or Other Pacific Islander,Not Hispanic or Latino,34,2022,NHOPI,2186-5,51,observed,0,zero
New Jersey,2022,Native Hawaiian or Other Pacific Islander,Unknown or Not Stated,34,2022,NHOPI,9,Suppressed,suppressed,0,zero
New Jersey,2022,White,Hispanic or Latino,34,2022,2106-3,2135-2,24595,observed,25,observed
New Jersey,2022,White,Not Hispanic or Latino,34,2022,2106-3,2186-5,47356,observed,16,observed
New Jersey,2022,White,Unknown or Not Stated,34,2022,2106-3,9,555,observed,0,zero
New Jersey,2023,American Indian or Alaska Native,Hispanic or Latino,34,2023,1002-5,2135-2,214,observed,0,zero
New Jersey,2023,American Indian or Alaska Native,Not Hispanic or Latino,34,2023,1002-5,2186-5,45,observed,0,zero
New Jersey,2023,Asian,Hispanic or Latino,34,2023,A,2135-2,328,observed,0,zero
New Jersey,2023,Asian,Not Hispanic or Latino,34,2023,A,2186-5,9983,observed,Suppressed,suppressed
New Jersey,2023,Asian,Unknown or Not Stated,34,2023,A,9,100,observed,0,zero
New Jersey,2023,Black or African American,Hispanic or Latino,34,2023,2054-5,2135-2,4367,observed,Suppressed,suppressed
New Jersey,2023,Black or African American,Not Hispanic or Latino,34,2023,2054-5,2186-5,12030,observed,10,observed
New Jersey,2023,Black or African American,Unknown or Not Stated,34,2023,2054-5,9,268,observed,0,zero
New Jersey,2023,More than one race,Hispanic or Latino,34,2023,M,2135-2,302,observed,0,zero
New Jersey,2023,More than one race,Not Hispanic or Latino,34,2023,M,2186-5,1254,observed,Suppressed,suppressed
New Jersey,2023,More than one race,Unknown or Not Stated,34,2023,M,9,18,observed,0,zero
New Jersey,2023,Native Hawaiian or Other Pacific Islander,Hispanic or Latino,34,2023,NHOPI,2135-2,247,observed,0,zero
New Jersey,2023,Native Hawaiian or Other Pacific Islander,Not Hispanic or Latino,34,2023,NHOPI,2186-5,33,observed,0,zero
New Jersey,2023,Native Hawaiian or Other Pacific Islander,Unknown or Not Stated,34,2023,NHOPI,9,Suppressed,suppressed,0,zero
New Jersey,2023,White,Hispanic or Latino,34,2023,2106-3,2135-2,24780,observed,31,observed
New Jersey,2023,White,Not Hispanic or Latino,34,2023,2106-3,2186-5,46205,observed,24,observed
New Jersey,2023,White,Unknown or Not Stated,34,2023,2106-3,9,826,observed,0,zero
New Jersey,2024,American Indian or Alaska Native,Hispanic or Latino,34,2024,1002-5,2135-2,250,observed,0,zero
New Jersey,2024,American Indian or Alaska Native,Not Hispanic or Latino,34,2024,1002-5,2186-5,48,observed,0,zero
New Jersey,2024,American Indian or Alaska Native,Unknown or Not Stated,34,2024,1002-5,9,Suppressed,suppressed,0,zero
New Jersey,2024,Asian,Hispanic or Latino,34,2024,A,2135-2,380,observed,Suppressed,suppressed
New Jersey,2024,Asian,Not Hispanic or Latino,34,2024,A,2186-5,10416,observed,Suppressed,suppressed
New Jersey,2024,Asian,Unknown or Not Stated,34,2024,A,9,183,observed,0,zero
New Jersey,2024,Black or African American,Hispanic or Latino,34,2024,2054-5,2135-2,4366,observed,Suppressed,suppressed
New Jersey,2024,Black or African American,Not Hispanic or Latino,34,2024,2054-5,2186-5,11436,observed,12,observed
New Jersey,2024,Black or African American,Unknown or Not Stated,34,2024,2054-5,9,329,observed,Suppressed,suppressed
New Jersey,2024,More than one race,Hispanic or Latino,34,2024,M,2135-2,350,observed,0,zero
New Jersey,2024,More than one race,Not Hispanic or Latino,34,2024,M,2186-5,1278,observed,Suppressed,suppressed
New Jersey,2024,More than one race,Unknown or Not Stated,34,2024,M,9,22,observed,0,zero
New Jersey,2024,Native Hawaiian or Other Pacific Islander,Hispanic or Latino,34,2024,NHOPI,2135-2,321,observed,Suppressed,suppressed
New Jersey,2024,Native Hawaiian or Other Pacific Islander,Not Hispanic or Latino,34,2024,NHOPI,2186-5,33,observed,0,zero
New Jersey,2024,Native Hawaiian or Other Pacific Islander,Unknown or Not Stated,34,2024,NHOPI,9,Suppressed,suppressed,0,zero
New Jersey,2024,White,Hispanic or Latino,34,2024,2106-3,2135-2,25432,observed,26,observed
New Jersey,2024,White,Not Hispanic or Latino,34,2024,2106-3,2186-5,45574,observed,29,observed
New Jersey,2024,White,Unknown or Not Stated,34,2024,2106-3,9,950,observed,0,zero
New Mexico,2016,American Indian or Alaska Native,Hispanic or Latino,35,2016,1002-5,2135-2,281,observed,0,zero
New Mexico,2016,American Indian or Alaska Native,Not Hispanic or Latino,35,2016,1002-5,2186-5,2827,observed,Suppressed,suppressed
New Mexico,2016,American Indian or Alaska Native,Unknown or Not Stated,35,2016,1002-5,9,11,observed,0,zero
New Mexico,2016,Asian,Hispanic or Latino,35,2016,A,2135-2,30,observed,0,zero
New Mexico,2016,Asian,Not Hispanic or Latino,35,2016,A,2186-5,425,observed,Suppressed,suppressed
New Mexico,2016,Asian,Unknown or Not Stated,35,2016,A,9,Suppressed,suppressed,0,zero
New Mexico,2016,Black or African American,Hispanic or Latino,35,2016,2054-5,2135-2,130,observed,0,zero
New Mexico,2016,Black or African American,Not Hispanic or Latino,35,2016,2054-5,2186-5,354,observed,0,zero
New Mexico,2016,Black or African American,Unknown or Not Stated,35,2016,2054-5,9,Suppressed,suppressed,0,zero
New Mexico,2016,More than one race,Hispanic or Latino,35,2016,M,2135-2,120,observed,0,zero
New Mexico,2016,More than one race,Not Hispanic or Latino,35,2016,M,2186-5,357,observed,0,zero
New Mexico,2016,More than one race,Unknown or Not Stated,35,2016,M,9,Suppressed,suppressed,0,zero
New Mexico,2016,Native Hawaiian or Other Pacific Islander,Hispanic or Latino,35,2016,NHOPI,2135-2,Suppressed,suppressed,0,zero
New Mexico,2016,Native Hawaiian or Other Pacific Islander,Not Hispanic or Latino,35,2016,NHOPI,2186-5,18,observed,0,zero
New Mexico,2016,White,Hispanic or Latino,35,2016,2106-3,2135-2,13071,observed,Suppressed,suppressed
New Mexico,2016,White,Not Hispanic or Latino,35,2016,2106-3,2186-5,7004,observed,Suppressed,suppressed
New Mexico,2016,White,Unknown or Not Stated,35,2016,2106-3,9,51,observed,Suppressed,suppressed
New Mexico,2017,American Indian or Alaska Native,Hispanic or Latino,35,2017,1002-5,2135-2,247,observed,0,zero
New Mexico,2017,American Indian or Alaska Native,Not Hispanic or Latino,35,2017,1002-5,2186-5,2677,observed,Suppressed,suppressed
New Mexico,2017,American Indian or Alaska Native,Unknown or Not Stated,35,2017,1002-5,9,Suppressed,suppressed,0,zero
New Mexico,2017,Asian,Hispanic or Latino,35,2017,A,2135-2,30,observed,0,zero
New Mexico,2017,Asian,Not Hispanic or Latino,35,2017,A,2186-5,420,observed,0,zero
New Mexico,2017,Asian,Unknown or Not Stated,35,2017,A,9,Suppressed,suppressed,0,zero
New Mexico,2017,Black or African American,Hispanic or Latino,35,2017,2054-5,2135-2,143,observed,0,zero
New Mexico,2017,Black or African American,Not Hispanic or Latino,35,2017,2054-5,2186-5,387,observed,0,zero
New Mexico,2017,Black or African American,Unknown or Not Stated,35,2017,2054-5,9,Suppressed,suppressed,0,zero
New Mexico,2017,More than one race,Hispanic or Latino,35,2017,M,2135-2,137,observed,0,zero
New Mexico,2017,More than one race,Not Hispanic or Latino,35,2017,M,2186-5,320,observed,0,zero
New Mexico,2017,More than one race,Unknown or Not Stated,35,2017,M,9,Suppressed,suppressed,0,zero
New Mexico,2017,Native Hawaiian or Other Pacific Islander,Hispanic or Latino,35,2017,NHOPI,2135-2,Suppressed,suppressed,0,zero
New Mexico,2017,Native Hawaiian or Other Pacific Islander,Not Hispanic or Latino,35,2017,NHOPI,2186-5,17,observed,0,zero
New Mexico,2017,White,Hispanic or Latino,35,2017,2106-3,2135-2,12801,observed,Suppressed,suppressed
New Mexico,2017,White,Not Hispanic or Latino,35,2017,2106-3,2186-5,6522,observed,Suppressed,suppressed
New Mexico,2017,White,Unknown or Not Stated,35,2017,2106-3,9,48,observed,0,zero
New Mexico,2018,American Indian or Alaska Native,Hispanic or Latino,35,2018,1002-5,2135-2,238,observed,0,zero
New Mexico,2018,American Indian or Alaska Native,Not Hispanic or Latino,35,2018,1002-5,2186-5,2590,observed,0,zero
New Mexico,2018,American Indian or Alaska Native,Unknown or Not Stated,35,2018,1002-5,9,Suppressed,suppressed,0,zero
New Mexico,2018,Asian,Hispanic or Latino,35,2018,A,2135-2,20,observed,0,zero
New Mexico,2018,Asian,Not Hispanic or Latino,35,2018,A,2186-5,409,observed,0,zero
New Mexico,2018,Asian,Unknown or Not Stated,35,2018,A,9,Suppressed,suppressed,0,zero
New Mexico,2018,Black or African American,Hispanic or Latino,35,2018,2054-5,2135-2,138,observed,Suppressed,suppressed
New Mexico,2018,Black or African American,Not Hispanic or Latino,35,2018,2054-5,2186-5,387,observed,Suppressed,suppressed
New Mexico,2018,Black or African American,Unknown or Not Stated,35,2018,2054-5,9,Suppressed,suppressed,0,zero
New Mexico,2018,More than one race,Hispanic or Latino,35,2018,M,2135-2,138,observed,0,zero
New Mexico,2018,More than one race,Not Hispanic or Latino,35,2018,M,2186-5,348,observed,0,zero
New Mexico,2018,Native Hawaiian or Other Pacific Islander,Hispanic or Latino,35,2018,NHOPI,2135-2,Suppressed,suppressed,0,zero
New Mexico,2018,Native Hawaiian or Other Pacific Islander,Not Hispanic or Latino,35,2018,NHOPI,2186-5,13,observed,0,zero
New Mexico,2018,White,Hispanic or Latino,35,2018,2106-3,2135-2,12241,observed,Suppressed,suppressed
New Mexico,2018,White,Not Hispanic or Latino,35,2018,2106-3,2186-5,6450,observed,Suppressed,suppressed
New Mexico,2018,White,Unknown or Not Stated,35,2018,2106-3,9,46,observed,0,zero
New Mexico,2019,American Indian or Alaska Native,Hispanic or Latino,35,2019,1002-5,2135-2,239,observed,0,zero
New Mexico,2019,American Indian or Alaska Native,Not Hispanic or Latino,35,2019,1002-5,2186-5,2633,observed,Suppressed,suppressed
New Mexico,2019,American Indian or Alaska Native,Unknown or Not Stated,35,2019,1002-5,9,Suppressed,suppressed,0,zero
New Mexico,2019,Asian,Hispanic or Latino,35,2019,A,2135-2,28,observed,0,zero
New Mexico,2019,Asian,Not Hispanic or Latino,35,2019,A,2186-5,392,observed,0,zero
New Mexico,2019,Asian,Unknown or Not Stated,35,2019,A,9,Suppressed,suppressed,0,zero
New Mexico,2019,Black or African American,Hispanic or Latino,35,2019,2054-5,2135-2,145,observed,0,zero
New Mexico,2019,Black or African American,Not Hispanic or Latino,35,2019,2054-5,2186-5,355,observed,0,zero
New Mexico,2019,Black or African American,Unknown or Not Stated,35,2019,2054-5,9,Suppressed,suppressed,0,zero
New Mexico,2019,More than one race,Hispanic or Latino,35,2019,M,2135-2,159,observed,0,zero
New Mexico,2019,More than one race,Not Hispanic or Latino,35,2019,M,2186-5,381,observed,0,zero
New Mexico,2019,Native Hawaiian or Other Pacific Islander,Hispanic or Latino,35,2019,NHOPI,2135-2,Suppressed,suppressed,0,zero
New Mexico,2019,Native Hawaiian or Other Pacific Islander,Not Hispanic or Latino,35,2019,NHOPI,2186-5,10,observed,0,zero
New Mexico,2019,White,Hispanic or Latino,35,2019,2106-3,2135-2,12344,observed,Suppressed,suppressed
New Mexico,2019,White,Not Hispanic or Latino,35,2019,2106-3,2186-5,6218,observed,Suppressed,suppressed
New Mexico,2019,White,Unknown or Not Stated,35,2019,2106-3,9,35,observed,0,zero
New Mexico,2020,American Indian or Alaska Native,Hispanic or Latino,35,2020,1002-5,2135-2,233,observed,0,zero
New Mexico,2020,American Indian or Alaska Native,Not Hispanic or Latino,35,2020,1002-5,2186-5,2434,observed,Suppressed,suppressed
New Mexico,2020,American Indian or Alaska Native,Unknown or Not Stated,35,2020,1002-5,9,Suppressed,suppressed,0,zero
New Mexico,2020,Asian,Hispanic or Latino,35,2020,A,2135-2,32,observed,0,zero
New Mexico,2020,Asian,Not Hispanic or Latino,35,2020,A,2186-5,410,observed,0,zero
New Mexico,2020,Asian,Unknown or Not Stated,35,2020,A,9,Suppressed,suppressed,0,zero
New Mexico,2020,Black or African American,Hispanic or Latino,35,2020,2054-5,2135-2,146,observed,Suppressed,suppressed
New Mexico,2020,Black or African American,Not Hispanic or Latino,35,2020,2054-5,2186-5,403,observed,0,zero
New Mexico,2020,Black or African American,Unknown or Not Stated,35,2020,2054-5,9,Suppressed,suppressed,0,zero
New Mexico,2020,More than one race,Hispanic or Latino,35,2020,M,2135-2,135,observed,0,zero
New Mexico,2020,More than one race,Not Hispanic or Latino,35,2020,M,2186-5,328,observed,0,zero
New Mexico,2020,Native Hawaiian or Other Pacific Islander,Hispanic or Latino,35,2020,NHOPI,2135-2,10,observed,0,zero
New Mexico,2020,Native Hawaiian or Other Pacific Islander,Not Hispanic or Latino,35,2020,NHOPI,2186-5,14,observed,0,zero
New Mexico,2020,White,Hispanic or Latino,35,2020,2106-3,2135-2,11850,observed,Suppressed,suppressed
New Mexico,2020,White,Not Hispanic or Latino,35,2020,2106-3,2186-5,5872,observed,Suppressed,suppressed
New Mexico,2020,White,Unknown or Not Stated,35,2020,2106-3,9,25,observed,0,zero
New Mexico,2021,American Indian or Alaska Native,Hispanic or Latino,35,2021,1002-5,2135-2,224,observed,0,zero
New Mexico,2021,American Indian or Alaska Native,Not Hispanic or Latino,35,2021,1002-5,2186-5,2152,observed,Suppressed,suppressed
New Mexico,2021,American Indian or Alaska Native,Unknown or Not Stated,35,2021,1002-5,9,Suppressed,suppressed,0,zero
New Mexico,2021,Asian,Hispanic or Latino,35,2021,A,2135-2,39,observed,0,zero
New Mexico,2021,Asian,Not Hispanic or Latino,35,2021,A,2186-5,351,observed,0,zero
New Mexico,2021,Asian,Unknown or Not Stated,35,2021,A,9,Suppressed,suppressed,0,zero
New Mexico,2021,Black or African American,Hispanic or Latino,35,2021,2054-5,2135-2,162,observed,0,zero
New Mexico,2021,Black or African American,Not Hispanic or Latino,35,2021,2054-5,2186-5,372,observed,0,zero
New Mexico,2021,More than one race,Hispanic or Latino,35,2021,M,2135-2,161,observed,0,zero
New Mexico,2021,More than one race,Not Hispanic or Latino,35,2021,M,2186-5,355,observed,0,zero
New Mexico,2021,Native Hawaiian or Other Pacific Islander,Hispanic or Latino,35,2021,NHOPI,2135-2,12,observed,0,zero
New Mexico,2021,Native Hawaiian or Other Pacific Islander,Not Hispanic or Latino,35,2021,NHOPI,2186-5,19,observed,0,zero
New Mexico,2021,White,Hispanic or Latino,35,2021,2106-3,2135-2,11756,observed,Suppressed,suppressed
New Mexico,2021,White,Not Hispanic or Latino,35,2021,2106-3,2186-5,5754,observed,Suppressed,suppressed
New Mexico,2021,White,Unknown or Not Stated,35,2021,2106-3,9,24,observed,0,zero
New Mexico,2022,American Indian or Alaska Native,Hispanic or Latino,35,2022,1002-5,2135-2,247,observed,Suppressed,suppressed
New Mexico,2022,American Indian or Alaska Native,Not Hispanic or Latino,35,2022,1002-5,2186-5,2221,observed,Suppressed,suppressed
New Mexico,2022,American Indian or Alaska Native,Unknown or Not Stated,35,2022,1002-5,9,12,observed,0,zero
New Mexico,2022,Asian,Hispanic or Latino,35,2022,A,2135-2,29,observed,0,zero
New Mexico,2022,Asian,Not Hispanic or Latino,35,2022,A,2186-5,412,observed,0,zero
New Mexico,2022,Asian,Unknown or Not Stated,35,2022,A,9,Suppressed,suppressed,0,zero
New Mexico,2022,Black or African American,Hispanic or Latino,35,2022,2054-5,2135-2,137,observed,0,zero
New Mexico,2022,Black or African American,Not Hispanic or Latino,35,2022,2054-5,2186-5,403,observed,0,zero
New Mexico,2022,Black or African American,Unknown or Not Stated,35,2022,2054-5,9,Suppressed,suppressed,0,zero
New Mexico,2022,More than one race,Hispanic or Latino,35,2022,M,2135-2,171,observed,0,zero
New Mexico,2022,More than one race,Not Hispanic or Latino,35,2022,M,2186-5,372,observed,0,zero
New Mexico,2022,Native Hawaiian or Other Pacific Islander,Hispanic or Latino,35,2022,NHOPI,2135-2,Suppressed,suppressed,0,zero
New Mexico,2022,Native Hawaiian or Other Pacific Islander,Not Hispanic or Latino,35,2022,NHOPI,2186-5,19,observed,0,zero
New Mexico,2022,White,Hispanic or Latino,35,2022,2106-3,2135-2,12026,observed,Suppressed,suppressed
New Mexico,2022,White,Not Hispanic or Latino,35,2022,2106-3,2186-5,5531,observed,Suppressed,suppressed
New Mexico,2022,White,Unknown or Not Stated,35,2022,2106-3,9,22,observed,0,zero
New Mexico,2023,American Indian or Alaska Native,Hispanic or Latino,35,2023,1002-5,2135-2,255,observed,0,zero
New Mexico,2023,American Indian or Alaska Native,Not Hispanic or Latino,35,2023,1002-5,2186-5,2063,observed,0,zero
New Mexico,2023,American Indian or Alaska Native,Unknown or Not Stated,35,2023,1002-5,9,Suppressed,suppressed,0,zero
New Mexico,2023,Asian,Hispanic or Latino,35,2023,A,2135-2,36,observed,0,zero
New Mexico,2023,Asian,Not Hispanic or Latino,35,2023,A,2186-5,393,observed,0,zero
New Mexico,2023,Asian,Unknown or Not Stated,35,2023,A,9,Suppressed,suppressed,0,zero
New Mexico,2023,Black or African American,Hispanic or Latino,35,2023,2054-5,2135-2,161,observed,0,zero
New Mexico,2023,Black or African American,Not Hispanic or Latino,35,2023,2054-5,2186-5,381,observed,0,zero
New Mexico,2023,Black or African American,Unknown or Not Stated,35,2023,2054-5,9,Suppressed,suppressed,0,zero
New Mexico,2023,More than one race,Hispanic or Latino,35,2023,M,2135-2,137,observed,0,zero
New Mexico,2023,More than one race,Not Hispanic or Latino,35,2023,M,2186-5,369,observed,0,zero
New Mexico,2023,Native Hawaiian or Other Pacific Islander,Hispanic or Latino,35,2023,NHOPI,2135-2,Suppressed,suppressed,0,zero
New Mexico,2023,Native Hawaiian or Other Pacific Islander,Not Hispanic or Latino,35,2023,NHOPI,2186-5,16,observed,0,zero
New Mexico,2023,White,Hispanic or Latino,35,2023,2106-3,2135-2,11865,observed,Suppressed,suppressed
New Mexico,2023,White,Not Hispanic or Latino,35,2023,2106-3,2186-5,5232,observed,Suppressed,suppressed
New Mexico,2023,White,Unknown or Not Stated,35,2023,2106-3,9,26,observed,0,zero
New Mexico,2024,American Indian or Alaska Native,Hispanic or Latino,35,2024,1002-5,2135-2,273,observed,0,zero
New Mexico,2024,American Indian or Alaska Native,Not Hispanic or Latino,35,2024,1002-5,2186-5,2097,observed,0,zero
New Mexico,2024,American Indian or Alaska Native,Unknown or Not Stated,35,2024,1002-5,9,21,observed,0,zero
New Mexico,2024,Asian,Hispanic or Latino,35,2024,A,2135-2,36,observed,0,zero
New Mexico,2024,Asian,Not Hispanic or Latino,35,2024,A,2186-5,403,observed,0,zero
New Mexico,2024,Asian,Unknown or Not Stated,35,2024,A,9,Suppressed,suppressed,0,zero
New Mexico,2024,Black or African American,Hispanic or Latino,35,2024,2054-5,2135-2,176,observed,0,zero
New Mexico,2024,Black or African American,Not Hispanic or Latino,35,2024,2054-5,2186-5,362,observed,0,zero
New Mexico,2024,Black or African American,Unknown or Not Stated,35,2024,2054-5,9,10,observed,0,zero
New Mexico,2024,More than one race,Hispanic or Latino,35,2024,M,2135-2,188,observed,0,zero
New Mexico,2024,More than one race,Not Hispanic or Latino,35,2024,M,2186-5,385,observed,0,zero
New Mexico,2024,Native Hawaiian or Other Pacific Islander,Hispanic or Latino,35,2024,NHOPI,2135-2,Suppressed,suppressed,0,zero
New Mexico,2024,Native Hawaiian or Other Pacific Islander,Not Hispanic or Latino,35,2024,NHOPI,2186-5,19,observed,0,zero
New Mexico,2024,White,Hispanic or Latino,35,2024,2106-3,2135-2,11960,observed,0,zero
New Mexico,2024,White,Not Hispanic or Latino,35,2024,2106-3,2186-5,5311,observed,0,zero
New Mexico,2024,White,Unknown or Not Stated,35,2024,2106-3,9,79,observed,0,zero
New York,2016,American Indian or Alaska Native,Hispanic or Latino,36,2016,1002-5,2135-2,202,observed,0,zero
New York,2016,American Indian or Alaska Native,Not Hispanic or Latino,36,2016,1002-5,2186-5,375,observed,0,zero
New York,2016,American Indian or Alaska Native,Unknown or Not Stated,36,2016,1002-5,9,11,observed,0,zero
New York,2016,Asian,Hispanic or Latino,36,2016,A,2135-2,2725,observed,Suppressed,suppressed
New York,2016,Asian,Not Hispanic or Latino,36,2016,A,2186-5,26730,observed,Suppressed,suppressed
New York,2016,Asian,Unknown or Not Stated,36,2016,A,9,196,observed,0,zero
New York,2016,Black or African American,Hispanic or Latino,36,2016,2054-5,2135-2,9133,observed,Suppressed,suppressed
New York,2016,Black or African American,Not Hispanic or Latino,36,2016,2054-5,2186-5,34166,observed,16,observed
New York,2016,Black or African American,Unknown or Not Stated,36,2016,2054-5,9,458,observed,0,zero
New York,2016,More than one race,Hispanic or Latino,36,2016,M,2135-2,1572,observed,Suppressed,suppressed
New York,2016,More than one race,Not Hispanic or Latino,36,2016,M,2186-5,3081,observed,0,zero
New York,2016,More than one race,Unknown or Not Stated,36,2016,M,9,74,observed,0,zero
New York,2016,Native Hawaiian or Other Pacific Islander,Hispanic or Latino,36,2016,NHOPI,2135-2,47,observed,0,zero
New York,2016,Native Hawaiian or Other Pacific Islander,Not Hispanic or Latino,36,2016,NHOPI,2186-5,60,observed,0,zero
New York,2016,Native Hawaiian or Other Pacific Islander,Unknown or Not Stated,36,2016,NHOPI,9,Suppressed,suppressed,0,zero
New York,2016,White,Hispanic or Latino,36,2016,2106-3,2135-2,40543,observed,23,observed
New York,2016,White,Not Hispanic or Latino,36,2016,2106-3,2186-5,111382,observed,85,observed
New York,2016,White,Unknown or Not Stated,36,2016,2106-3,9,3526,observed,Suppressed,suppressed
New York,2017,American Indian or Alaska Native,Hispanic or Latino,36,2017,1002-5,2135-2,210,observed,0,zero
New York,2017,American Indian or Alaska Native,Not Hispanic or Latino,36,2017,1002-5,2186-5,331,observed,0,zero
New York,2017,American Indian or Alaska Native,Unknown or Not Stated,36,2017,1002-5,9,Suppressed,suppressed,0,zero
New York,2017,Asian,Hispanic or Latino,36,2017,A,2135-2,2727,observed,Suppressed,suppressed
New York,2017,Asian,Not Hispanic or Latino,36,2017,A,2186-5,25429,observed,Suppressed,suppressed
New York,2017,Asian,Unknown or Not Stated,36,2017,A,9,128,observed,0,zero
New York,2017,Black or African American,Hispanic or Latino,36,2017,2054-5,2135-2,8459,observed,Suppressed,suppressed
New York,2017,Black or African American,Not Hispanic or Latino,36,2017,2054-5,2186-5,34062,observed,16,observed
New York,2017,Black or African American,Unknown or Not Stated,36,2017,2054-5,9,291,observed,0,zero
New York,2017,More than one race,Hispanic or Latino,36,2017,M,2135-2,1558,observed,Suppressed,suppressed
New York,2017,More than one race,Not Hispanic or Latino,36,2017,M,2186-5,3057,observed,0,zero
New York,2017,More than one race,Unknown or Not Stated,36,2017,M,9,32,observed,0,zero
New York,2017,Native Hawaiian or Other Pacific Islander,Hispanic or Latino,36,2017,NHOPI,2135-2,62,observed,0,zero
New York,2017,Native Hawaiian or Other Pacific Islander,Not Hispanic or Latino,36,2017,NHOPI,2186-5,51,observed,0,zero
New York,2017,Native Hawaiian or Other Pacific Islander,Unknown or Not Stated,36,2017,NHOPI,9,Suppressed,suppressed,0,zero
New York,2017,White,Hispanic or Latino,36,2017,2106-3,2135-2,40096,observed,16,observed
New York,2017,White,Not Hispanic or Latino,36,2017,2106-3,2186-5,111690,observed,55,observed
New York,2017,White,Unknown or Not Stated,36,2017,2106-3,9,1543,observed,0,zero
New York,2018,American Indian or Alaska Native,Hispanic or Latino,36,2018,1002-5,2135-2,319,observed,0,zero
New York,2018,American Indian or Alaska Native,Not Hispanic or Latino,36,2018,1002-5,2186-5,395,observed,0,zero
New York,2018,American Indian or Alaska Native,Unknown or Not Stated,36,2018,1002-5,9,Suppressed,suppressed,0,zero
New York,2018,Asian,Hispanic or Latino,36,2018,A,2135-2,459,observed,0,zero
New York,2018,Asian,Not Hispanic or Latino,36,2018,A,2186-5,24383,observed,Suppressed,suppressed
New York,2018,Asian,Unknown or Not Stated,36,2018,A,9,151,observed,0,zero
New York,2018,Black or African American,Hispanic or Latino,36,2018,2054-5,2135-2,8113,observed,Suppressed,suppressed
New York,2018,Black or African American,Not Hispanic or Latino,36,2018,2054-5,2186-5,33145,observed,11,observed
New York,2018,Black or African American,Unknown or Not Stated,36,2018,2054-5,9,237,observed,0,zero
New York,2018,More than one race,Hispanic or Latino,36,2018,M,2135-2,1486,observed,Suppressed,suppressed
New York,2018,More than one race,Not Hispanic or Latino,36,2018,M,2186-5,3129,observed,Suppressed,suppressed
New York,2018,More than one race,Unknown or Not Stated,36,2018,M,9,45,observed,0,zero
New York,2018,Native Hawaiian or Other Pacific Islander,Hispanic or Latino,36,2018,NHOPI,2135-2,86,observed,0,zero
New York,2018,Native Hawaiian or Other Pacific Islander,Not Hispanic or Latino,36,2018,NHOPI,2186-5,50,observed,0,zero
New York,2018,Native Hawaiian or Other Pacific Islander,Unknown or Not Stated,36,2018,NHOPI,9,Suppressed,suppressed,0,zero
New York,2018,White,Hispanic or Latino,36,2018,2106-3,2135-2,41292,observed,20,observed
New York,2018,White,Not Hispanic or Latino,36,2018,2106-3,2186-5,110840,observed,76,observed
New York,2018,White,Unknown or Not Stated,36,2018,2106-3,9,2102,observed,0,zero
New York,2019,American Indian or Alaska Native,Hispanic or Latino,36,2019,1002-5,2135-2,383,observed,Suppressed,suppressed
New York,2019,American Indian or Alaska Native,Not Hispanic or Latino,36,2019,1002-5,2186-5,370,observed,0,zero
New York,2019,American Indian or Alaska Native,Unknown or Not Stated,36,2019,1002-5,9,Suppressed,suppressed,0,zero
New York,2019,Asian,Hispanic or Latino,36,2019,A,2135-2,505,observed,0,zero
New York,2019,Asian,Not Hispanic or Latino,36,2019,A,2186-5,24217,observed,Suppressed,suppressed
New York,2019,Asian,Unknown or Not Stated,36,2019,A,9,161,observed,0,zero
New York,2019,Black or African American,Hispanic or Latino,36,2019,2054-5,2135-2,8925,observed,Suppressed,suppressed
New York,2019,Black or African American,Not Hispanic or Latino,36,2019,2054-5,2186-5,32075,observed,19,observed
New York,2019,Black or African American,Unknown or Not Stated,36,2019,2054-5,9,197,observed,0,zero
New York,2019,More than one race,Hispanic or Latino,36,2019,M,2135-2,1839,observed,Suppressed,suppressed
New York,2019,More than one race,Not Hispanic or Latino,36,2019,M,2186-5,3254,observed,0,zero
New York,2019,More than one race,Unknown or Not Stated,36,2019,M,9,17,observed,0,zero
New York,2019,Native Hawaiian or Other Pacific Islander,Hispanic or Latino,36,2019,NHOPI,2135-2,83,observed,0,zero
New York,2019,Native Hawaiian or Other Pacific Islander,Not Hispanic or Latino,36,2019,NHOPI,2186-5,70,observed,0,zero
New York,2019,White,Hispanic or Latino,36,2019,2106-3,2135-2,38588,observed,18,observed
New York,2019,White,Not Hispanic or Latino,36,2019,2106-3,2186-5,109281,observed,60,observed
New York,2019,White,Unknown or Not Stated,36,2019,2106-3,9,1571,observed,0,zero
New York,2020,American Indian or Alaska Native,Hispanic or Latino,36,2020,1002-5,2135-2,403,observed,0,zero
New York,2020,American Indian or Alaska Native,Not Hispanic or Latino,36,2020,1002-5,2186-5,360,observed,0,zero
New York,2020,American Indian or Alaska Native,Unknown or Not Stated,36,2020,1002-5,9,Suppressed,suppressed,0,zero
New York,2020,Asian,Hispanic or Latino,36,2020,A,2135-2,475,observed,0,zero
New York,2020,Asian,Not Hispanic or Latino,36,2020,A,2186-5,21074,observed,Suppressed,suppressed
New York,2020,Asian,Unknown or Not Stated,36,2020,A,9,182,observed,0,zero
New York,2020,Black or African American,Hispanic or Latino,36,2020,2054-5,2135-2,9902,observed,Suppressed,suppressed
New York,2020,Black or African American,Not Hispanic or Latino,36,2020,2054-5,2186-5,30057,observed,17,observed
New York,2020,Black or African American,Unknown or Not Stated,36,2020,2054-5,9,209,observed,0,zero
New York,2020,More than one race,Hispanic or Latino,36,2020,M,2135-2,1902,observed,Suppressed,suppressed
New York,2020,More than one race,Not Hispanic or Latino,36,2020,M,2186-5,3055,observed,Suppressed,suppressed
New York,2020,More than one race,Unknown or Not Stated,36,2020,M,9,24,observed,0,zero
New York,2020,Native Hawaiian or Other Pacific Islander,Hispanic or Latino,36,2020,NHOPI,2135-2,69,observed,0,zero
New York,2020,Native Hawaiian or Other Pacific Islander,Not Hispanic or Latino,36,2020,NHOPI,2186-5,54,observed,0,zero
New York,2020,Native Hawaiian or Other Pacific Islander,Unknown or Not Stated,36,2020,NHOPI,9,Suppressed,suppressed,0,zero
New York,2020,White,Hispanic or Latino,36,2020,2106-3,2135-2,35153,observed,17,observed
New York,2020,White,Not Hispanic or Latino,36,2020,2106-3,2186-5,104581,observed,59,observed
New York,2020,White,Unknown or Not Stated,36,2020,2106-3,9,1833,observed,0,zero
New York,2021,American Indian or Alaska Native,Hispanic or Latino,36,2021,1002-5,2135-2,432,observed,Suppressed,suppressed
New York,2021,American Indian or Alaska Native,Not Hispanic or Latino,36,2021,1002-5,2186-5,330,observed,0,zero
New York,2021,American Indian or Alaska Native,Unknown or Not Stated,36,2021,1002-5,9,Suppressed,suppressed,0,zero
New York,2021,Asian,Hispanic or Latino,36,2021,A,2135-2,592,observed,0,zero
New York,2021,Asian,Not Hispanic or Latino,36,2021,A,2186-5,20463,observed,Suppressed,suppressed
New York,2021,Asian,Unknown or Not Stated,36,2021,A,9,205,observed,0,zero
New York,2021,Black or African American,Hispanic or Latino,36,2021,2054-5,2135-2,11626,observed,Suppressed,suppressed
New York,2021,Black or African American,Not Hispanic or Latino,36,2021,2054-5,2186-5,28946,observed,13,observed
New York,2021,Black or African American,Unknown or Not Stated,36,2021,2054-5,9,241,observed,0,zero
New York,2021,More than one race,Hispanic or Latino,36,2021,M,2135-2,1324,observed,Suppressed,suppressed
New York,2021,More than one race,Not Hispanic or Latino,36,2021,M,2186-5,3114,observed,Suppressed,suppressed
New York,2021,More than one race,Unknown or Not Stated,36,2021,M,9,23,observed,0,zero
New York,2021,Native Hawaiian or Other Pacific Islander,Hispanic or Latino,36,2021,NHOPI,2135-2,98,observed,0,zero
New York,2021,Native Hawaiian or Other Pacific Islander,Not Hispanic or Latino,36,2021,NHOPI,2186-5,61,observed,0,zero
New York,2021,Native Hawaiian or Other Pacific Islander,Unknown or Not Stated,36,2021,NHOPI,9,Suppressed,suppressed,0,zero
New York,2021,White,Hispanic or Latino,36,2021,2106-3,2135-2,34912,observed,29,observed
New York,2021,White,Not Hispanic or Latino,36,2021,2106-3,2186-5,106679,observed,60,observed
New York,2021,White,Unknown or Not Stated,36,2021,2106-3,9,1688,observed,Suppressed,suppressed
New York,2022,American Indian or Alaska Native,Hispanic or Latino,36,2022,1002-5,2135-2,470,observed,Suppressed,suppressed
New York,2022,American Indian or Alaska Native,Not Hispanic or Latino,36,2022,1002-5,2186-5,327,observed,0,zero
New York,2022,American Indian or Alaska Native,Unknown or Not Stated,36,2022,1002-5,9,Suppressed,suppressed,0,zero
New York,2022,Asian,Hispanic or Latino,36,2022,A,2135-2,613,observed,Suppressed,suppressed
New York,2022,Asian,Not Hispanic or Latino,36,2022,A,2186-5,20652,observed,Suppressed,suppressed
New York,2022,Asian,Unknown or Not Stated,36,2022,A,9,186,observed,0,zero
New York,2022,Black or African American,Hispanic or Latino,36,2022,2054-5,2135-2,12324,observed,10,observed
New York,2022,Black or African American,Not Hispanic or Latino,36,2022,2054-5,2186-5,27935,observed,Suppressed,suppressed
New York,2022,Black or African American,Unknown or Not Stated,36,2022,2054-5,9,220,observed,0,zero
New York,2022,More than one race,Hispanic or Latino,36,2022,M,2135-2,1051,observed,Suppressed,suppressed
New York,2022,More than one race,Not Hispanic or Latino,36,2022,M,2186-5,3163,observed,Suppressed,suppressed
New York,2022,More than one race,Unknown or Not Stated,36,2022,M,9,Suppressed,suppressed,0,zero
New York,2022,Native Hawaiian or Other Pacific Islander,Hispanic or Latino,36,2022,NHOPI,2135-2,119,observed,0,zero
New York,2022,Native Hawaiian or Other Pacific Islander,Not Hispanic or Latino,36,2022,NHOPI,2186-5,70,observed,0,zero
New York,2022,Native Hawaiian or Other Pacific Islander,Unknown or Not Stated,36,2022,NHOPI,9,Suppressed,suppressed,0,zero
New York,2022,White,Hispanic or Latino,36,2022,2106-3,2135-2,35554,observed,20,observed
New York,2022,White,Not Hispanic or Latino,36,2022,2106-3,2186-5,104103,observed,46,observed
New York,2022,White,Unknown or Not Stated,36,2022,2106-3,9,971,observed,0,zero
New York,2023,American Indian or Alaska Native,Hispanic or Latino,36,2023,1002-5,2135-2,420,observed,0,zero
New York,2023,American Indian or Alaska Native,Not Hispanic or Latino,36,2023,1002-5,2186-5,325,observed,Suppressed,suppressed
New York,2023,American Indian or Alaska Native,Unknown or Not Stated,36,2023,1002-5,9,Suppressed,suppressed,0,zero
New York,2023,Asian,Hispanic or Latino,36,2023,A,2135-2,601,observed,0,zero
New York,2023,Asian,Not Hispanic or Latino,36,2023,A,2186-5,20000,observed,Suppressed,suppressed
New York,2023,Asian,Unknown or Not Stated,36,2023,A,9,176,observed,0,zero
New York,2023,Black or African American,Hispanic or Latino,36,2023,2054-5,2135-2,11724,observed,Suppressed,suppressed
New York,2023,Black or African American,Not Hispanic or Latino,36,2023,2054-5,2186-5,26192,observed,22,observed
New York,2023,Black or African American,Unknown or Not Stated,36,2023,2054-5,9,301,observed,0,zero
New York,2023,More than one race,Hispanic or Latino,36,2023,M,2135-2,919,observed,0,zero
New York,2023,More than one race,Not Hispanic or Latino,36,2023,M,2186-5,3226,observed,0,zero
New York,2023,More than one race,Unknown or Not Stated,36,2023,M,9,11,observed,0,zero
New York,2023,Native Hawaiian or Other Pacific Islander,Hispanic or Latino,36,2023,NHOPI,2135-2,102,observed,0,zero
New York,2023,Native Hawaiian or Other Pacific Islander,Not Hispanic or Latino,36,2023,NHOPI,2186-5,50,observed,0,zero
New York,2023,Native Hawaiian or Other Pacific Islander,Unknown or Not Stated,36,2023,NHOPI,9,Suppressed,suppressed,0,zero
New York,2023,White,Hispanic or Latino,36,2023,2106-3,2135-2,37066,observed,20,observed
New York,2023,White,Not Hispanic or Latino,36,2023,2106-3,2186-5,101336,observed,35,observed
New York,2023,White,Unknown or Not Stated,36,2023,2106-3,9,1156,observed,0,zero
New York,2024,American Indian or Alaska Native,Hispanic or Latino,36,2024,1002-5,2135-2,520,observed,0,zero
New York,2024,American Indian or Alaska Native,Not Hispanic or Latino,36,2024,1002-5,2186-5,316,observed,0,zero
New York,2024,American Indian or Alaska Native,Unknown or Not Stated,36,2024,1002-5,9,Suppressed,suppressed,0,zero
New York,2024,Asian,Hispanic or Latino,36,2024,A,2135-2,687,observed,Suppressed,suppressed
New York,2024,Asian,Not Hispanic or Latino,36,2024,A,2186-5,20759,observed,Suppressed,suppressed
New York,2024,Asian,Unknown or Not Stated,36,2024,A,9,153,observed,0,zero
New York,2024,Black or African American,Hispanic or Latino,36,2024,2054-5,2135-2,11860,observed,Suppressed,suppressed
New York,2024,Black or African American,Not Hispanic or Latino,36,2024,2054-5,2186-5,25564,observed,12,observed
New York,2024,Black or African American,Unknown or Not Stated,36,2024,2054-5,9,285,observed,0,zero
New York,2024,More than one race,Hispanic or Latino,36,2024,M,2135-2,849,observed,0,zero
New York,2024,More than one race,Not Hispanic or Latino,36,2024,M,2186-5,3458,observed,Suppressed,suppressed
New York,2024,More than one race,Unknown or Not Stated,36,2024,M,9,Suppressed,suppressed,0,zero
New York,2024,Native Hawaiian or Other Pacific Islander,Hispanic or Latino,36,2024,NHOPI,2135-2,127,observed,0,zero
New York,2024,Native Hawaiian or Other Pacific Islander,Not Hispanic or Latino,36,2024,NHOPI,2186-5,50,observed,0,zero
New York,2024,Native Hawaiian or Other Pacific Islander,Unknown or Not Stated,36,2024,NHOPI,9,Suppressed,suppressed,0,zero
New York,2024,White,Hispanic or Latino,36,2024,2106-3,2135-2,37855,observed,18,observed
New York,2024,White,Not Hispanic or Latino,36,2024,2106-3,2186-5,101902,observed,40,observed
New York,2024,White,Unknown or Not Stated,36,2024,2106-3,9,1089,observed,Suppressed,suppressed
North Carolina,2016,American Indian or Alaska Native,Hispanic or Latino,37,2016,1002-5,2135-2,293,observed,0,zero
North Carolina,2016,American Indian or Alaska Native,Not Hispanic or Latino,37,2016,1002-5,2186-5,1465,observed,0,zero
North Carolina,2016,American Indian or Alaska Native,Unknown or Not Stated,37,2016,1002-5,9,Suppressed,suppressed,0,zero
North Carolina,2016,Asian,Hispanic or Latino,37,2016,A,2135-2,701,observed,0,zero
North Carolina,2016,Asian,Not Hispanic or Latino,37,2016,A,2186-5,4942,observed,0,zero
North Carolina,2016,Asian,Unknown or Not Stated,37,2016,A,9,Suppressed,suppressed,0,zero
North Carolina,2016,Black or African American,Hispanic or Latino,37,2016,2054-5,2135-2,4330,observed,Suppressed,suppressed
North Carolina,2016,Black or African American,Not Hispanic or Latino,37,2016,2054-5,2186-5,27422,observed,13,observed
North Carolina,2016,Black or African American,Unknown or Not Stated,37,2016,2054-5,9,21,observed,0,zero
North Carolina,2016,More than one race,Hispanic or Latino,37,2016,M,2135-2,240,observed,Suppressed,suppressed
North Carolina,2016,More than one race,Not Hispanic or Latino,37,2016,M,2186-5,2631,observed,Suppressed,suppressed
North Carolina,2016,More than one race,Unknown or Not Stated,37,2016,M,9,Suppressed,suppressed,0,zero
North Carolina,2016,Native Hawaiian or Other Pacific Islander,Hispanic or Latino,37,2016,NHOPI,2135-2,145,observed,0,zero
North Carolina,2016,Native Hawaiian or Other Pacific Islander,Not Hispanic or Latino,37,2016,NHOPI,2186-5,114,observed,0,zero
North Carolina,2016,White,Hispanic or Latino,37,2016,2106-3,2135-2,12653,observed,Suppressed,suppressed
North Carolina,2016,White,Not Hispanic or Latino,37,2016,2106-3,2186-5,65746,observed,24,observed
North Carolina,2016,White,Unknown or Not Stated,37,2016,2106-3,9,68,observed,0,zero
North Carolina,2017,American Indian or Alaska Native,Hispanic or Latino,37,2017,1002-5,2135-2,290,observed,0,zero
North Carolina,2017,American Indian or Alaska Native,Not Hispanic or Latino,37,2017,1002-5,2186-5,1466,observed,0,zero
North Carolina,2017,American Indian or Alaska Native,Unknown or Not Stated,37,2017,1002-5,9,Suppressed,suppressed,0,zero
North Carolina,2017,Asian,Hispanic or Latino,37,2017,A,2135-2,734,observed,Suppressed,suppressed
North Carolina,2017,Asian,Not Hispanic or Latino,37,2017,A,2186-5,5006,observed,0,zero
North Carolina,2017,Asian,Unknown or Not Stated,37,2017,A,9,Suppressed,suppressed,0,zero
North Carolina,2017,Black or African American,Hispanic or Latino,37,2017,2054-5,2135-2,4432,observed,Suppressed,suppressed
North Carolina,2017,Black or African American,Not Hispanic or Latino,37,2017,2054-5,2186-5,27886,observed,Suppressed,suppressed
North Carolina,2017,Black or African American,Unknown or Not Stated,37,2017,2054-5,9,33,observed,0,zero
North Carolina,2017,More than one race,Hispanic or Latino,37,2017,M,2135-2,270,observed,0,zero
North Carolina,2017,More than one race,Not Hispanic or Latino,37,2017,M,2186-5,2799,observed,Suppressed,suppressed
North Carolina,2017,More than one race,Unknown or Not Stated,37,2017,M,9,Suppressed,suppressed,0,zero
North Carolina,2017,Native Hawaiian or Other Pacific Islander,Hispanic or Latino,37,2017,NHOPI,2135-2,166,observed,0,zero
North Carolina,2017,Native Hawaiian or Other Pacific Islander,Not Hispanic or Latino,37,2017,NHOPI,2186-5,131,observed,0,zero
North Carolina,2017,White,Hispanic or Latino,37,2017,2106-3,2135-2,12572,observed,Suppressed,suppressed
North Carolina,2017,White,Not Hispanic or Latino,37,2017,2106-3,2186-5,64278,observed,27,observed
North Carolina,2017,White,Unknown or Not Stated,37,2017,2106-3,9,50,observed,0,zero
North Carolina,2018,American Indian or Alaska Native,Hispanic or Latino,37,2018,1002-5,2135-2,341,observed,0,zero
North Carolina,2018,American Indian or Alaska Native,Not Hispanic or Latino,37,2018,1002-5,2186-5,1448,observed,Suppressed,suppressed
North Carolina,2018,American Indian or Alaska Native,Unknown or Not Stated,37,2018,1002-5,9,Suppressed,suppressed,0,zero
North Carolina,2018,Asian,Hispanic or Latino,37,2018,A,2135-2,248,observed,0,zero
North Carolina,2018,Asian,Not Hispanic or Latino,37,2018,A,2186-5,4834,observed,0,zero
North Carolina,2018,Asian,Unknown or Not Stated,37,2018,A,9,Suppressed,suppressed,0,zero
North Carolina,2018,Black or African American,Hispanic or Latino,37,2018,2054-5,2135-2,3058,observed,Suppressed,suppressed
North Carolina,2018,Black or African American,Not Hispanic or Latino,37,2018,2054-5,2186-5,27670,observed,12,observed
North Carolina,2018,Black or African American,Unknown or Not Stated,37,2018,2054-5,9,18,observed,0,zero
North Carolina,2018,More than one race,Hispanic or Latino,37,2018,M,2135-2,288,observed,Suppressed,suppressed
North Carolina,2018,More than one race,Not Hispanic or Latino,37,2018,M,2186-5,2903,observed,0,zero
North Carolina,2018,More than one race,Unknown or Not Stated,37,2018,M,9,Suppressed,suppressed,0,zero
North Carolina,2018,Native Hawaiian or Other Pacific Islander,Hispanic or Latino,37,2018,NHOPI,2135-2,348,observed,0,zero
North Carolina,2018,Native Hawaiian or Other Pacific Islander,Not Hispanic or Latino,37,2018,NHOPI,2186-5,151,observed,0,zero
North Carolina,2018,Native Hawaiian or Other Pacific Islander,Unknown or Not Stated,37,2018,NHOPI,9,Suppressed,suppressed,0,zero
North Carolina,2018,White,Hispanic or Latino,37,2018,2106-3,2135-2,14077,observed,12,observed
North Carolina,2018,White,Not Hispanic or Latino,37,2018,2106-3,2186-5,63514,observed,30,observed
North Carolina,2018,White,Unknown or Not Stated,37,2018,2106-3,9,44,observed,0,zero
North Carolina,2019,American Indian or Alaska Native,Hispanic or Latino,37,2019,1002-5,2135-2,281,observed,Suppressed,suppressed
North Carolina,2019,American Indian or Alaska Native,Not Hispanic or Latino,37,2019,1002-5,2186-5,1445,observed,0,zero
North Carolina,2019,American Indian or Alaska Native,Unknown or Not Stated,37,2019,1002-5,9,Suppressed,suppressed,0,zero
North Carolina,2019,Asian,Hispanic or Latino,37,2019,A,2135-2,350,observed,0,zero
North Carolina,2019,Asian,Not Hispanic or Latino,37,2019,A,2186-5,4867,observed,Suppressed,suppressed
North Carolina,2019,Asian,Unknown or Not Stated,37,2019,A,9,Suppressed,suppressed,0,zero
North Carolina,2019,Black or African American,Hispanic or Latino,37,2019,2054-5,2135-2,3199,observed,Suppressed,suppressed
North Carolina,2019,Black or African American,Not Hispanic or Latino,37,2019,2054-5,2186-5,27733,observed,Suppressed,suppressed
North Carolina,2019,Black or African American,Unknown or Not Stated,37,2019,2054-5,9,32,observed,0,zero
North Carolina,2019,More than one race,Hispanic or Latino,37,2019,M,2135-2,317,observed,0,zero
North Carolina,2019,More than one race,Not Hispanic or Latino,37,2019,M,2186-5,3134,observed,Suppressed,suppressed
North Carolina,2019,More than one race,Unknown or Not Stated,37,2019,M,9,Suppressed,suppressed,0,zero
North Carolina,2019,Native Hawaiian or Other Pacific Islander,Hispanic or Latino,37,2019,NHOPI,2135-2,382,observed,0,zero
North Carolina,2019,Native Hawaiian or Other Pacific Islander,Not Hispanic or Latino,37,2019,NHOPI,2186-5,129,observed,0,zero
North Carolina,2019,Native Hawaiian or Other Pacific Islander,Unknown or Not Stated,37,2019,NHOPI,9,Suppressed,suppressed,0,zero
North Carolina,2019,White,Hispanic or Latino,37,2019,2106-3,2135-2,14576,observed,13,observed
North Carolina,2019,White,Not Hispanic or Latino,37,2019,2106-3,2186-5,62205,observed,39,observed
North Carolina,2019,White,Unknown or Not Stated,37,2019,2106-3,9,66,observed,0,zero
North Carolina,2020,American Indian or Alaska Native,Hispanic or Latino,37,2020,1002-5,2135-2,390,observed,0,zero
North Carolina,2020,American Indian or Alaska Native,Not Hispanic or Latino,37,2020,1002-5,2186-5,1351,observed,0,zero
North Carolina,2020,American Indian or Alaska Native,Unknown or Not Stated,37,2020,1002-5,9,Suppressed,suppressed,0,zero
North Carolina,2020,Asian,Hispanic or Latino,37,2020,A,2135-2,318,observed,0,zero
North Carolina,2020,Asian,Not Hispanic or Latino,37,2020,A,2186-5,4718,observed,Suppressed,suppressed
North Carolina,2020,Asian,Unknown or Not Stated,37,2020,A,9,Suppressed,suppressed,0,zero
North Carolina,2020,Black or African American,Hispanic or Latino,37,2020,2054-5,2135-2,3210,observed,Suppressed,suppressed
North Carolina,2020,Black or African American,Not Hispanic or Latino,37,2020,2054-5,2186-5,27228,observed,Suppressed,suppressed
North Carolina,2020,Black or African American,Unknown or Not Stated,37,2020,2054-5,9,24,observed,0,zero
North Carolina,2020,More than one race,Hispanic or Latino,37,2020,M,2135-2,324,observed,0,zero
North Carolina,2020,More than one race,Not Hispanic or Latino,37,2020,M,2186-5,3201,observed,Suppressed,suppressed
North Carolina,2020,More than one race,Unknown or Not Stated,37,2020,M,9,Suppressed,suppressed,0,zero
North Carolina,2020,Native Hawaiian or Other Pacific Islander,Hispanic or Latino,37,2020,NHOPI,2135-2,359,observed,0,zero
North Carolina,2020,Native Hawaiian or Other Pacific Islander,Not Hispanic or Latino,37,2020,NHOPI,2186-5,141,observed,0,zero
North Carolina,2020,White,Hispanic or Latino,37,2020,2106-3,2135-2,14848,observed,10,observed
North Carolina,2020,White,Not Hispanic or Latino,37,2020,2106-3,2186-5,60518,observed,37,observed
North Carolina,2020,White,Unknown or Not Stated,37,2020,2106-3,9,87,observed,0,zero
North Carolina,2021,American Indian or Alaska Native,Hispanic or Latino,37,2021,1002-5,2135-2,348,observed,0,zero
North Carolina,2021,American Indian or Alaska Native,Not Hispanic or Latino,37,2021,1002-5,2186-5,1407,observed,Suppressed,suppressed
North Carolina,2021,Asian,Hispanic or Latino,37,2021,A,2135-2,279,observed,Suppressed,suppressed
North Carolina,2021,Asian,Not Hispanic or Latino,37,2021,A,2186-5,4684,observed,Suppressed,suppressed
North Carolina,2021,Asian,Unknown or Not Stated,37,2021,A,9,Suppressed,suppressed,0,zero
North Carolina,2021,Black or African American,Hispanic or Latino,37,2021,2054-5,2135-2,3792,observed,Suppressed,suppressed
North Carolina,2021,Black or African American,Not Hispanic or Latino,37,2021,2054-5,2186-5,27028,observed,13,observed
North Carolina,2021,Black or African American,Unknown or Not Stated,37,2021,2054-5,9,37,observed,0,zero
North Carolina,2021,More than one race,Hispanic or Latino,37,2021,M,2135-2,350,observed,Suppressed,suppressed
North Carolina,2021,More than one race,Not Hispanic or Latino,37,2021,M,2186-5,3236,observed,Suppressed,suppressed
North Carolina,2021,More than one race,Unknown or Not Stated,37,2021,M,9,Suppressed,suppressed,0,zero
North Carolina,2021,Native Hawaiian or Other Pacific Islander,Hispanic or Latino,37,2021,NHOPI,2135-2,383,observed,0,zero
North Carolina,2021,Native Hawaiian or Other Pacific Islander,Not Hispanic or Latino,37,2021,NHOPI,2186-5,126,observed,0,zero
North Carolina,2021,White,Hispanic or Latino,37,2021,2106-3,2135-2,15461,observed,Suppressed,suppressed
North Carolina,2021,White,Not Hispanic or Latino,37,2021,2106-3,2186-5,63239,observed,25,observed
North Carolina,2021,White,Unknown or Not Stated,37,2021,2106-3,9,81,observed,0,zero
North Carolina,2022,American Indian or Alaska Native,Hispanic or Latino,37,2022,1002-5,2135-2,326,observed,0,zero
North Carolina,2022,American Indian or Alaska Native,Not Hispanic or Latino,37,2022,1002-5,2186-5,1401,observed,Suppressed,suppressed
North Carolina,2022,American Indian or Alaska Native,Unknown or Not Stated,37,2022,1002-5,9,Suppressed,suppressed,0,zero
North Carolina,2022,Asian,Hispanic or Latino,37,2022,A,2135-2,329,observed,0,zero
North Carolina,2022,Asian,Not Hispanic or Latino,37,2022,A,2186-5,4824,observed,Suppressed,suppressed
North Carolina,2022,Asian,Unknown or Not Stated,37,2022,A,9,Suppressed,suppressed,0,zero
North Carolina,2022,Black or African American,Hispanic or Latino,37,2022,2054-5,2135-2,3737,observed,Suppressed,suppressed
North Carolina,2022,Black or African American,Not Hispanic or Latino,37,2022,2054-5,2186-5,26375,observed,12,observed
North Carolina,2022,Black or African American,Unknown or Not Stated,37,2022,2054-5,9,29,observed,0,zero
North Carolina,2022,More than one race,Hispanic or Latino,37,2022,M,2135-2,394,observed,0,zero
North Carolina,2022,More than one race,Not Hispanic or Latino,37,2022,M,2186-5,3378,observed,Suppressed,suppressed
North Carolina,2022,More than one race,Unknown or Not Stated,37,2022,M,9,Suppressed,suppressed,0,zero
North Carolina,2022,Native Hawaiian or Other Pacific Islander,Hispanic or Latino,37,2022,NHOPI,2135-2,383,observed,0,zero
North Carolina,2022,Native Hawaiian or Other Pacific Islander,Not Hispanic or Latino,37,2022,NHOPI,2186-5,144,observed,Suppressed,suppressed
North Carolina,2022,White,Hispanic or Latino,37,2022,2106-3,2135-2,17399,observed,12,observed
North Carolina,2022,White,Not Hispanic or Latino,37,2022,2106-3,2186-5,62762,observed,19,observed
North Carolina,2022,White,Unknown or Not Stated,37,2022,2106-3,9,62,observed,0,zero
North Carolina,2023,American Indian or Alaska Native,Hispanic or Latino,37,2023,1002-5,2135-2,392,observed,0,zero
North Carolina,2023,American Indian or Alaska Native,Not Hispanic or Latino,37,2023,1002-5,2186-5,1309,observed,0,zero
North Carolina,2023,American Indian or Alaska Native,Unknown or Not Stated,37,2023,1002-5,9,Suppressed,suppressed,0,zero
North Carolina,2023,Asian,Hispanic or Latino,37,2023,A,2135-2,389,observed,0,zero
North Carolina,2023,Asian,Not Hispanic or Latino,37,2023,A,2186-5,4920,observed,Suppressed,suppressed
North Carolina,2023,Asian,Unknown or Not Stated,37,2023,A,9,Suppressed,suppressed,0,zero
North Carolina,2023,Black or African American,Hispanic or Latino,37,2023,2054-5,2135-2,3878,observed,Suppressed,suppressed
North Carolina,2023,Black or African American,Not Hispanic or Latino,37,2023,2054-5,2186-5,25135,observed,Suppressed,suppressed
North Carolina,2023,Black or African American,Unknown or Not Stated,37,2023,2054-5,9,25,observed,0,zero
North Carolina,2023,More than one race,Hispanic or Latino,37,2023,M,2135-2,368,observed,0,zero
North Carolina,2023,More than one race,Not Hispanic or Latino,37,2023,M,2186-5,3541,observed,Suppressed,suppressed
North Carolina,2023,More than one race,Unknown or Not Stated,37,2023,M,9,Suppressed,suppressed,0,zero
North Carolina,2023,Native Hawaiian or Other Pacific Islander,Hispanic or Latino,37,2023,NHOPI,2135-2,314,observed,0,zero
North Carolina,2023,Native Hawaiian or Other Pacific Islander,Not Hispanic or Latino,37,2023,NHOPI,2186-5,137,observed,0,zero
North Carolina,2023,White,Hispanic or Latino,37,2023,2106-3,2135-2,18447,observed,Suppressed,suppressed
North Carolina,2023,White,Not Hispanic or Latino,37,2023,2106-3,2186-5,61143,observed,22,observed
North Carolina,2023,White,Unknown or Not Stated,37,2023,2106-3,9,71,observed,0,zero
North Carolina,2024,American Indian or Alaska Native,Hispanic or Latino,37,2024,1002-5,2135-2,378,observed,0,zero
North Carolina,2024,American Indian or Alaska Native,Not Hispanic or Latino,37,2024,1002-5,2186-5,1228,observed,0,zero
North Carolina,2024,Asian,Hispanic or Latino,37,2024,A,2135-2,469,observed,0,zero
North Carolina,2024,Asian,Not Hispanic or Latino,37,2024,A,2186-5,5391,observed,Suppressed,suppressed
North Carolina,2024,Asian,Unknown or Not Stated,37,2024,A,9,Suppressed,suppressed,0,zero
North Carolina,2024,Black or African American,Hispanic or Latino,37,2024,2054-5,2135-2,3931,observed,Suppressed,suppressed
North Carolina,2024,Black or African American,Not Hispanic or Latino,37,2024,2054-5,2186-5,24854,observed,13,observed
North Carolina,2024,Black or African American,Unknown or Not Stated,37,2024,2054-5,9,Suppressed,suppressed,0,zero
North Carolina,2024,More than one race,Hispanic or Latino,37,2024,M,2135-2,370,observed,0,zero
North Carolina,2024,More than one race,Not Hispanic or Latino,37,2024,M,2186-5,3589,observed,Suppressed,suppressed
North Carolina,2024,More than one race,Unknown or Not Stated,37,2024,M,9,Suppressed,suppressed,0,zero
North Carolina,2024,Native Hawaiian or Other Pacific Islander,Hispanic or Latino,37,2024,NHOPI,2135-2,322,observed,0,zero
North Carolina,2024,Native Hawaiian or Other Pacific Islander,Not Hispanic or Latino,37,2024,NHOPI,2186-5,139,observed,0,zero
North Carolina,2024,Native Hawaiian or Other Pacific Islander,Unknown or Not Stated,37,2024,NHOPI,9,Suppressed,suppressed,0,zero
North Carolina,2024,White,Hispanic or Latino,37,2024,2106-3,2135-2,20015,observed,11,observed
North Carolina,2024,White,Not Hispanic or Latino,37,2024,2106-3,2186-5,62159,observed,28,observed
North Carolina,2024,White,Unknown or Not Stated,37,2024,2106-3,9,Suppressed,suppressed,0,zero
North Dakota,2016,American Indian or Alaska Native,Hispanic or Latino,38,2016,1002-5,2135-2,54,observed,0,zero
North Dakota,2016,American Indian or Alaska Native,Not Hispanic or Latino,38,2016,1002-5,2186-5,875,observed,0,zero
North Dakota,2016,American Indian or Alaska Native,Unknown or Not Stated,38,2016,1002-5,9,18,observed,0,zero
North Dakota,2016,Asian,Hispanic or Latino,38,2016,A,2135-2,12,observed,0,zero
North Dakota,2016,Asian,Not Hispanic or Latino,38,2016,A,2186-5,303,observed,Suppressed,suppressed
North Dakota,2016,Asian,Unknown or Not Stated,38,2016,A,9,14,observed,0,zero
North Dakota,2016,Black or African American,Hispanic or Latino,38,2016,2054-5,2135-2,34,observed,0,zero
North Dakota,2016,Black or African American,Not Hispanic or Latino,38,2016,2054-5,2186-5,612,observed,0,zero
North Dakota,2016,Black or African American,Unknown or Not Stated,38,2016,2054-5,9,44,observed,0,zero
North Dakota,2016,More than one race,Hispanic or Latino,38,2016,M,2135-2,36,observed,0,zero
North Dakota,2016,More than one race,Not Hispanic or Latino,38,2016,M,2186-5,295,observed,0,zero
North Dakota,2016,More than one race,Unknown or Not Stated,38,2016,M,9,Suppressed,suppressed,0,zero
North Dakota,2016,Native Hawaiian or Other Pacific Islander,Hispanic or Latino,38,2016,NHOPI,2135-2,17,observed,0,zero
North Dakota,2016,Native Hawaiian or Other Pacific Islander,Not Hispanic or Latino,38,2016,NHOPI,2186-5,14,observed,0,zero
North Dakota,2016,Native Hawaiian or Other Pacific Islander,Unknown or Not Stated,38,2016,NHOPI,9,Suppressed,suppressed,0,zero
North Dakota,2016,White,Hispanic or Latino,38,2016,2106-3,2135-2,431,observed,Suppressed,suppressed
North Dakota,2016,White,Not Hispanic or Latino,38,2016,2106-3,2186-5,8486,observed,Suppressed,suppressed
North Dakota,2016,White,Unknown or Not Stated,38,2016,2106-3,9,131,observed,Suppressed,suppressed
North Dakota,2017,American Indian or Alaska Native,Hispanic or Latino,38,2017,1002-5,2135-2,54,observed,0,zero
North Dakota,2017,American Indian or Alaska Native,Not Hispanic or Latino,38,2017,1002-5,2186-5,817,observed,Suppressed,suppressed
North Dakota,2017,American Indian or Alaska Native,Unknown or Not Stated,38,2017,1002-5,9,13,observed,0,zero
North Dakota,2017,Asian,Hispanic or Latino,38,2017,A,2135-2,11,observed,0,zero
North Dakota,2017,Asian,Not Hispanic or Latino,38,2017,A,2186-5,286,observed,0,zero
North Dakota,2017,Asian,Unknown or Not Stated,38,2017,A,9,12,observed,0,zero
North Dakota,2017,Black or African American,Hispanic or Latino,38,2017,2054-5,2135-2,39,observed,0,zero
North Dakota,2017,Black or African American,Not Hispanic or Latino,38,2017,2054-5,2186-5,608,observed,0,zero
North Dakota,2017,Black or African American,Unknown or Not Stated,38,2017,2054-5,9,41,observed,0,zero
North Dakota,2017,More than one race,Hispanic or Latino,38,2017,M,2135-2,30,observed,0,zero
North Dakota,2017,More than one race,Not Hispanic or Latino,38,2017,M,2186-5,322,observed,0,zero
North Dakota,2017,More than one race,Unknown or Not Stated,38,2017,M,9,Suppressed,suppressed,0,zero
North Dakota,2017,Native Hawaiian or Other Pacific Islander,Hispanic or Latino,38,2017,NHOPI,2135-2,31,observed,0,zero
North Dakota,2017,Native Hawaiian or Other Pacific Islander,Not Hispanic or Latino,38,2017,NHOPI,2186-5,10,observed,0,zero
North Dakota,2017,Native Hawaiian or Other Pacific Islander,Unknown or Not Stated,38,2017,NHOPI,9,Suppressed,suppressed,0,zero
North Dakota,2017,White,Hispanic or Latino,38,2017,2106-3,2135-2,422,observed,0,zero
North Dakota,2017,White,Not Hispanic or Latino,38,2017,2106-3,2186-5,7931,observed,Suppressed,suppressed
North Dakota,2017,White,Unknown or Not Stated,38,2017,2106-3,9,105,observed,0,zero
North Dakota,2018,American Indian or Alaska Native,Hispanic or Latino,38,2018,1002-5,2135-2,50,observed,0,zero
North Dakota,2018,American Indian or Alaska Native,Not Hispanic or Latino,38,2018,1002-5,2186-5,828,observed,Suppressed,suppressed
North Dakota,2018,American Indian or Alaska Native,Unknown or Not Stated,38,2018,1002-5,9,12,observed,0,zero
North Dakota,2018,Asian,Hispanic or Latino,38,2018,A,2135-2,Suppressed,suppressed,0,zero
North Dakota,2018,Asian,Not Hispanic or Latino,38,2018,A,2186-5,250,observed,Suppressed,suppressed
North Dakota,2018,Asian,Unknown or Not Stated,38,2018,A,9,Suppressed,suppressed,0,zero
North Dakota,2018,Black or African American,Hispanic or Latino,38,2018,2054-5,2135-2,45,observed,0,zero
North Dakota,2018,Black or African American,Not Hispanic or Latino,38,2018,2054-5,2186-5,609,observed,0,zero
North Dakota,2018,Black or African American,Unknown or Not Stated,38,2018,2054-5,9,38,observed,0,zero
North Dakota,2018,More than one race,Hispanic or Latino,38,2018,M,2135-2,34,observed,0,zero
North Dakota,2018,More than one race,Not Hispanic or Latino,38,2018,M,2186-5,316,observed,Suppressed,suppressed
North Dakota,2018,More than one race,Unknown or Not Stated,38,2018,M,9,Suppressed,suppressed,0,zero
North Dakota,2018,Native Hawaiian or Other Pacific Islander,Hispanic or Latino,38,2018,NHOPI,2135-2,37,observed,0,zero
North Dakota,2018,Native Hawaiian or Other Pacific Islander,Not Hispanic or Latino,38,2018,NHOPI,2186-5,16,observed,0,zero
North Dakota,2018,White,Hispanic or Latino,38,2018,2106-3,2135-2,463,observed,Suppressed,suppressed
North Dakota,2018,White,Not Hispanic or Latino,38,2018,2106-3,2186-5,7816,observed,Suppressed,suppressed
North Dakota,2018,White,Unknown or Not Stated,38,2018,2106-3,9,107,observed,0,zero
North Dakota,2019,American Indian or Alaska Native,Hispanic or Latino,38,2019,1002-5,2135-2,58,observed,0,zero
North Dakota,2019,American Indian or Alaska Native,Not Hispanic or Latino,38,2019,1002-5,2186-5,785,observed,0,zero
North Dakota,2019,American Indian or Alaska Native,Unknown or Not Stated,38,2019,1002-5,9,Suppressed,suppressed,0,zero
North Dakota,2019,Asian,Hispanic or Latino,38,2019,A,2135-2,10,observed,0,zero
North Dakota,2019,Asian,Not Hispanic or Latino,38,2019,A,2186-5,244,observed,0,zero
North Dakota,2019,Asian,Unknown or Not Stated,38,2019,A,9,Suppressed,suppressed,Suppressed,suppressed
North Dakota,2019,Black or African American,Hispanic or Latino,38,2019,2054-5,2135-2,41,observed,0,zero
North Dakota,2019,Black or African American,Not Hispanic or Latino,38,2019,2054-5,2186-5,651,observed,0,zero
North Dakota,2019,Black or African American,Unknown or Not Stated,38,2019,2054-5,9,41,observed,0,zero
North Dakota,2019,More than one race,Hispanic or Latino,38,2019,M,2135-2,31,observed,0,zero
North Dakota,2019,More than one race,Not Hispanic or Latino,38,2019,M,2186-5,316,observed,0,zero
North Dakota,2019,More than one race,Unknown or Not Stated,38,2019,M,9,Suppressed,suppressed,0,zero
North Dakota,2019,Native Hawaiian or Other Pacific Islander,Hispanic or Latino,38,2019,NHOPI,2135-2,29,observed,0,zero
North Dakota,2019,Native Hawaiian or Other Pacific Islander,Not Hispanic or Latino,38,2019,NHOPI,2186-5,18,observed,0,zero
North Dakota,2019,Native Hawaiian or Other Pacific Islander,Unknown or Not Stated,38,2019,NHOPI,9,Suppressed,suppressed,0,zero
North Dakota,2019,White,Hispanic or Latino,38,2019,2106-3,2135-2,482,observed,Suppressed,suppressed
North Dakota,2019,White,Not Hispanic or Latino,38,2019,2106-3,2186-5,7567,observed,Suppressed,suppressed
North Dakota,2019,White,Unknown or Not Stated,38,2019,2106-3,9,158,observed,0,zero
North Dakota,2020,American Indian or Alaska Native,Hispanic or Latino,38,2020,1002-5,2135-2,57,observed,0,zero
North Dakota,2020,American Indian or Alaska Native,Not Hispanic or Latino,38,2020,1002-5,2186-5,771,observed,0,zero
North Dakota,2020,American Indian or Alaska Native,Unknown or Not Stated,38,2020,1002-5,9,19,observed,0,zero
North Dakota,2020,Asian,Hispanic or Latino,38,2020,A,2135-2,Suppressed,suppressed,0,zero
North Dakota,2020,Asian,Not Hispanic or Latino,38,2020,A,2186-5,250,observed,0,zero
North Dakota,2020,Asian,Unknown or Not Stated,38,2020,A,9,Suppressed,suppressed,0,zero
North Dakota,2020,Black or African American,Hispanic or Latino,38,2020,2054-5,2135-2,35,observed,0,zero
North Dakota,2020,Black or African American,Not Hispanic or Latino,38,2020,2054-5,2186-5,659,observed,Suppressed,suppressed
North Dakota,2020,Black or African American,Unknown or Not Stated,38,2020,2054-5,9,34,observed,0,zero
North Dakota,2020,More than one race,Hispanic or Latino,38,2020,M,2135-2,21,observed,0,zero
North Dakota,2020,More than one race,Not Hispanic or Latino,38,2020,M,2186-5,291,observed,0,zero
North Dakota,2020,More than one race,Unknown or Not Stated,38,2020,M,9,Suppressed,suppressed,0,zero
North Dakota,2020,Native Hawaiian or Other Pacific Islander,Hispanic or Latino,38,2020,NHOPI,2135-2,29,observed,0,zero
North Dakota,2020,Native Hawaiian or Other Pacific Islander,Not Hispanic or Latino,38,2020,NHOPI,2186-5,26,observed,0,zero
North Dakota,2020,Native Hawaiian or Other Pacific Islander,Unknown or Not Stated,38,2020,NHOPI,9,Suppressed,suppressed,0,zero
North Dakota,2020,White,Hispanic or Latino,38,2020,2106-3,2135-2,525,observed,0,zero
North Dakota,2020,White,Not Hispanic or Latino,38,2020,2106-3,2186-5,7199,observed,Suppressed,suppressed
North Dakota,2020,White,Unknown or Not Stated,38,2020,2106-3,9,120,observed,0,zero
North Dakota,2021,American Indian or Alaska Native,Hispanic or Latino,38,2021,1002-5,2135-2,46,observed,0,zero
North Dakota,2021,American Indian or Alaska Native,Not Hispanic or Latino,38,2021,1002-5,2186-5,685,observed,Suppressed,suppressed
North Dakota,2021,American Indian or Alaska Native,Unknown or Not Stated,38,2021,1002-5,9,15,observed,0,zero
North Dakota,2021,Asian,Hispanic or Latino,38,2021,A,2135-2,11,observed,0,zero
North Dakota,2021,Asian,Not Hispanic or Latino,38,2021,A,2186-5,199,observed,0,zero
North Dakota,2021,Asian,Unknown or Not Stated,38,2021,A,9,15,observed,0,zero
North Dakota,2021,Black or African American,Hispanic or Latino,38,2021,2054-5,2135-2,37,observed,0,zero
North Dakota,2021,Black or African American,Not Hispanic or Latino,38,2021,2054-5,2186-5,595,observed,Suppressed,suppressed
North Dakota,2021,Black or African American,Unknown or Not Stated,38,2021,2054-5,9,32,observed,0,zero
North Dakota,2021,More than one race,Hispanic or Latino,38,2021,M,2135-2,37,observed,0,zero
North Dakota,2021,More than one race,Not Hispanic or Latino,38,2021,M,2186-5,324,observed,Suppressed,suppressed
North Dakota,2021,More than one race,Unknown or Not Stated,38,2021,M,9,Suppressed,suppressed,0,zero
North Dakota,2021,Native Hawaiian or Other Pacific Islander,Hispanic or Latino,38,2021,NHOPI,2135-2,20,observed,0,zero
North Dakota,2021,Native Hawaiian or Other Pacific Islander,Not Hispanic or Latino,38,2021,NHOPI,2186-5,31,observed,0,zero
North Dakota,2021,Native Hawaiian or Other Pacific Islander,Unknown or Not Stated,38,2021,NHOPI,9,Suppressed,suppressed,0,zero
North Dakota,2021,White,Hispanic or Latino,38,2021,2106-3,2135-2,520,observed,0,zero
North Dakota,2021,White,Not Hispanic or Latino,38,2021,2106-3,2186-5,7407,observed,Suppressed,suppressed
North Dakota,2021,White,Unknown or Not Stated,38,2021,2106-3,9,134,observed,Suppressed,suppressed
North Dakota,2022,American Indian or Alaska Native,Hispanic or Latino,38,2022,1002-5,2135-2,66,observed,0,zero
North Dakota,2022,American Indian or Alaska Native,Not Hispanic or Latino,38,2022,1002-5,2186-5,613,observed,Suppressed,suppressed
North Dakota,2022,American Indian or Alaska Native,Unknown or Not Stated,38,2022,1002-5,9,18,observed,0,zero
North Dakota,2022,Asian,Hispanic or Latino,38,2022,A,2135-2,Suppressed,suppressed,0,zero
North Dakota,2022,Asian,Not Hispanic or Latino,38,2022,A,2186-5,183,observed,0,zero
North Dakota,2022,Asian,Unknown or Not Stated,38,2022,A,9,Suppressed,suppressed,0,zero
North Dakota,2022,Black or African American,Hispanic or Latino,38,2022,2054-5,2135-2,27,observed,0,zero
North Dakota,2022,Black or African American,Not Hispanic or Latino,38,2022,2054-5,2186-5,585,observed,0,zero
North Dakota,2022,Black or African American,Unknown or Not Stated,38,2022,2054-5,9,39,observed,0,zero
North Dakota,2022,More than one race,Hispanic or Latino,38,2022,M,2135-2,34,observed,0,zero
North Dakota,2022,More than one race,Not Hispanic or Latino,38,2022,M,2186-5,296,observed,0,zero
North Dakota,2022,More than one race,Unknown or Not Stated,38,2022,M,9,Suppressed,suppressed,0,zero
North Dakota,2022,Native Hawaiian or Other Pacific Islander,Hispanic or Latino,38,2022,NHOPI,2135-2,17,observed,0,zero
North Dakota,2022,Native Hawaiian or Other Pacific Islander,Not Hispanic or Latino,38,2022,NHOPI,2186-5,30,observed,0,zero
North Dakota,2022,Native Hawaiian or Other Pacific Islander,Unknown or Not Stated,38,2022,NHOPI,9,Suppressed,suppressed,0,zero
North Dakota,2022,White,Hispanic or Latino,38,2022,2106-3,2135-2,520,observed,0,zero
North Dakota,2022,White,Not Hispanic or Latino,38,2022,2106-3,2186-5,6965,observed,Suppressed,suppressed
North Dakota,2022,White,Unknown or Not Stated,38,2022,2106-3,9,151,observed,Suppressed,suppressed
North Dakota,2023,American Indian or Alaska Native,Hispanic or Latino,38,2023,1002-5,2135-2,68,observed,0,zero
North Dakota,2023,American Indian or Alaska Native,Not Hispanic or Latino,38,2023,1002-5,2186-5,603,observed,Suppressed,suppressed
North Dakota,2023,American Indian or Alaska Native,Unknown or Not Stated,38,2023,1002-5,9,12,observed,0,zero
North Dakota,2023,Asian,Hispanic or Latino,38,2023,A,2135-2,10,observed,0,zero
North Dakota,2023,Asian,Not Hispanic or Latino,38,2023,A,2186-5,232,observed,0,zero
North Dakota,2023,Asian,Unknown or Not Stated,38,2023,A,9,Suppressed,suppressed,0,zero
North Dakota,2023,Black or African American,Hispanic or Latino,38,2023,2054-5,2135-2,35,observed,0,zero
North Dakota,2023,Black or African American,Not Hispanic or Latino,38,2023,2054-5,2186-5,550,observed,0,zero
North Dakota,2023,Black or African American,Unknown or Not Stated,38,2023,2054-5,9,35,observed,0,zero
North Dakota,2023,More than one race,Hispanic or Latino,38,2023,M,2135-2,27,observed,0,zero
North Dakota,2023,More than one race,Not Hispanic or Latino,38,2023,M,2186-5,327,observed,0,zero
North Dakota,2023,More than one race,Unknown or Not Stated,38,2023,M,9,10,observed,0,zero
North Dakota,2023,Native Hawaiian or Other Pacific Islander,Hispanic or Latino,38,2023,NHOPI,2135-2,12,observed,0,zero
North Dakota,2023,Native Hawaiian or Other Pacific Islander,Not Hispanic or Latino,38,2023,NHOPI,2186-5,35,observed,0,zero
North Dakota,2023,Native Hawaiian or Other Pacific Islander,Unknown or Not Stated,38,2023,NHOPI,9,Suppressed,suppressed,0,zero
North Dakota,2023,White,Hispanic or Latino,38,2023,2106-3,2135-2,607,observed,0,zero
North Dakota,2023,White,Not Hispanic or Latino,38,2023,2106-3,2186-5,6946,observed,Suppressed,suppressed
North Dakota,2023,White,Unknown or Not Stated,38,2023,2106-3,9,133,observed,Suppressed,suppressed
North Dakota,2024,American Indian or Alaska Native,Hispanic or Latino,38,2024,1002-5,2135-2,44,observed,0,zero
North Dakota,2024,American Indian or Alaska Native,Not Hispanic or Latino,38,2024,1002-5,2186-5,616,observed,0,zero
North Dakota,2024,American Indian or Alaska Native,Unknown or Not Stated,38,2024,1002-5,9,11,observed,0,zero
North Dakota,2024,Asian,Hispanic or Latino,38,2024,A,2135-2,Suppressed,suppressed,0,zero
North Dakota,2024,Asian,Not Hispanic or Latino,38,2024,A,2186-5,248,observed,0,zero
North Dakota,2024,Asian,Unknown or Not Stated,38,2024,A,9,Suppressed,suppressed,0,zero
North Dakota,2024,Black or African American,Hispanic or Latino,38,2024,2054-5,2135-2,34,observed,0,zero
North Dakota,2024,Black or African American,Not Hispanic or Latino,38,2024,2054-5,2186-5,556,observed,Suppressed,suppressed
North Dakota,2024,Black or African American,Unknown or Not Stated,38,2024,2054-5,9,42,observed,0,zero
North Dakota,2024,More than one race,Hispanic or Latino,38,2024,M,2135-2,31,observed,0,zero
North Dakota,2024,More than one race,Not Hispanic or Latino,38,2024,M,2186-5,325,observed,0,zero
North Dakota,2024,More than one race,Unknown or Not Stated,38,2024,M,9,10,observed,0,zero
North Dakota,2024,Native Hawaiian or Other Pacific Islander,Hispanic or Latino,38,2024,NHOPI,2135-2,34,observed,Suppressed,suppressed
North Dakota,2024,Native Hawaiian or Other Pacific Islander,Not Hispanic or Latino,38,2024,NHOPI,2186-5,41,observed,0,zero
North Dakota,2024,Native Hawaiian or Other Pacific Islander,Unknown or Not Stated,38,2024,NHOPI,9,Suppressed,suppressed,0,zero
North Dakota,2024,White,Hispanic or Latino,38,2024,2106-3,2135-2,695,observed,0,zero
North Dakota,2024,White,Not Hispanic or Latino,38,2024,2106-3,2186-5,6779,observed,Suppressed,suppressed
North Dakota,2024,White,Unknown or Not Stated,38,2024,2106-3,9,153,observed,Suppressed,suppressed
Ohio,2016,American Indian or Alaska Native,Hispanic or Latino,39,2016,1002-5,2135-2,36,observed,0,zero
Ohio,2016,American Indian or Alaska Native,Not Hispanic or Latino,39,2016,1002-5,2186-5,128,observed,Suppressed,suppressed
Ohio,2016,American Indian or Alaska Native,Unknown or Not Stated,39,2016,1002-5,9,Suppressed,suppressed,0,zero
Ohio,2016,Asian,Hispanic or Latino,39,2016,A,2135-2,173,observed,0,zero
Ohio,2016,Asian,Not Hispanic or Latino,39,2016,A,2186-5,4311,observed,Suppressed,suppressed
Ohio,2016,Asian,Unknown or Not Stated,39,2016,A,9,16,observed,0,zero
Ohio,2016,Black or African American,Hispanic or Latino,39,2016,2054-5,2135-2,1017,observed,Suppressed,suppressed
Ohio,2016,Black or African American,Not Hispanic or Latino,39,2016,2054-5,2186-5,22337,observed,18,observed
Ohio,2016,Black or African American,Unknown or Not Stated,39,2016,2054-5,9,166,observed,0,zero
Ohio,2016,More than one race,Hispanic or Latino,39,2016,M,2135-2,232,observed,0,zero
Ohio,2016,More than one race,Not Hispanic or Latino,39,2016,M,2186-5,3191,observed,Suppressed,suppressed
Ohio,2016,More than one race,Unknown or Not Stated,39,2016,M,9,15,observed,0,zero
Ohio,2016,Native Hawaiian or Other Pacific Islander,Hispanic or Latino,39,2016,NHOPI,2135-2,23,observed,0,zero
Ohio,2016,Native Hawaiian or Other Pacific Islander,Not Hispanic or Latino,39,2016,NHOPI,2186-5,55,observed,0,zero
Ohio,2016,Native Hawaiian or Other Pacific Islander,Unknown or Not Stated,39,2016,NHOPI,9,Suppressed,suppressed,0,zero
Ohio,2016,White,Hispanic or Latino,39,2016,2106-3,2135-2,5939,observed,11,observed
Ohio,2016,White,Not Hispanic or Latino,39,2016,2106-3,2186-5,100225,observed,93,observed
Ohio,2016,White,Unknown or Not Stated,39,2016,2106-3,9,217,observed,0,zero
Ohio,2017,American Indian or Alaska Native,Hispanic or Latino,39,2017,1002-5,2135-2,37,observed,0,zero
Ohio,2017,American Indian or Alaska Native,Not Hispanic or Latino,39,2017,1002-5,2186-5,116,observed,0,zero
Ohio,2017,Asian,Hispanic or Latino,39,2017,A,2135-2,163,observed,Suppressed,suppressed
Ohio,2017,Asian,Not Hispanic or Latino,39,2017,A,2186-5,4380,observed,Suppressed,suppressed
Ohio,2017,Asian,Unknown or Not Stated,39,2017,A,9,Suppressed,suppressed,0,zero
Ohio,2017,Black or African American,Hispanic or Latino,39,2017,2054-5,2135-2,972,observed,0,zero
Ohio,2017,Black or African American,Not Hispanic or Latino,39,2017,2054-5,2186-5,22431,observed,16,observed
Ohio,2017,Black or African American,Unknown or Not Stated,39,2017,2054-5,9,65,observed,0,zero
Ohio,2017,More than one race,Hispanic or Latino,39,2017,M,2135-2,244,observed,0,zero
Ohio,2017,More than one race,Not Hispanic or Latino,39,2017,M,2186-5,3398,observed,Suppressed,suppressed
Ohio,2017,More than one race,Unknown or Not Stated,39,2017,M,9,16,observed,0,zero
Ohio,2017,Native Hawaiian or Other Pacific Islander,Hispanic or Latino,39,2017,NHOPI,2135-2,22,observed,0,zero
Ohio,2017,Native Hawaiian or Other Pacific Islander,Not Hispanic or Latino,39,2017,NHOPI,2186-5,61,observed,0,zero
Ohio,2017,Native Hawaiian or Other Pacific Islander,Unknown or Not Stated,39,2017,NHOPI,9,Suppressed,suppressed,0,zero
Ohio,2017,White,Hispanic or Latino,39,2017,2106-3,2135-2,6030,observed,Suppressed,suppressed
Ohio,2017,White,Not Hispanic or Latino,39,2017,2106-3,2186-5,98762,observed,72,observed
Ohio,2017,White,Unknown or Not Stated,39,2017,2106-3,9,125,observed,0,zero
Ohio,2018,American Indian or Alaska Native,Hispanic or Latino,39,2018,1002-5,2135-2,59,observed,0,zero
Ohio,2018,American Indian or Alaska Native,Not Hispanic or Latino,39,2018,1002-5,2186-5,96,observed,0,zero
Ohio,2018,American Indian or Alaska Native,Unknown or Not Stated,39,2018,1002-5,9,Suppressed,suppressed,0,zero
Ohio,2018,Asian,Hispanic or Latino,39,2018,A,2135-2,121,observed,0,zero
Ohio,2018,Asian,Not Hispanic or Latino,39,2018,A,2186-5,4285,observed,Suppressed,suppressed
Ohio,2018,Asian,Unknown or Not Stated,39,2018,A,9,14,observed,0,zero
Ohio,2018,Black or African American,Hispanic or Latino,39,2018,2054-5,2135-2,837,observed,Suppressed,suppressed
Ohio,2018,Black or African American,Not Hispanic or Latino,39,2018,2054-5,2186-5,22201,observed,14,observed
Ohio,2018,Black or African American,Unknown or Not Stated,39,2018,2054-5,9,48,observed,0,zero
Ohio,2018,More than one race,Hispanic or Latino,39,2018,M,2135-2,259,observed,0,zero
Ohio,2018,More than one race,Not Hispanic or Latino,39,2018,M,2186-5,3420,observed,Suppressed,suppressed
Ohio,2018,More than one race,Unknown or Not Stated,39,2018,M,9,14,observed,0,zero
Ohio,2018,Native Hawaiian or Other Pacific Islander,Hispanic or Latino,39,2018,NHOPI,2135-2,31,observed,0,zero
Ohio,2018,Native Hawaiian or Other Pacific Islander,Not Hispanic or Latino,39,2018,NHOPI,2186-5,73,observed,0,zero
Ohio,2018,White,Hispanic or Latino,39,2018,2106-3,2135-2,6125,observed,Suppressed,suppressed
Ohio,2018,White,Not Hispanic or Latino,39,2018,2106-3,2186-5,97423,observed,77,observed
Ohio,2018,White,Unknown or Not Stated,39,2018,2106-3,9,127,observed,0,zero
Ohio,2019,American Indian or Alaska Native,Hispanic or Latino,39,2019,1002-5,2135-2,89,observed,0,zero
Ohio,2019,American Indian or Alaska Native,Not Hispanic or Latino,39,2019,1002-5,2186-5,101,observed,0,zero
Ohio,2019,American Indian or Alaska Native,Unknown or Not Stated,39,2019,1002-5,9,Suppressed,suppressed,0,zero
Ohio,2019,Asian,Hispanic or Latino,39,2019,A,2135-2,98,observed,0,zero
Ohio,2019,Asian,Not Hispanic or Latino,39,2019,A,2186-5,4374,observed,Suppressed,suppressed
Ohio,2019,Asian,Unknown or Not Stated,39,2019,A,9,Suppressed,suppressed,0,zero
Ohio,2019,Black or African American,Hispanic or Latino,39,2019,2054-5,2135-2,851,observed,Suppressed,suppressed
Ohio,2019,Black or African American,Not Hispanic or Latino,39,2019,2054-5,2186-5,22555,observed,11,observed
Ohio,2019,Black or African American,Unknown or Not Stated,39,2019,2054-5,9,54,observed,0,zero
Ohio,2019,More than one race,Hispanic or Latino,39,2019,M,2135-2,272,observed,0,zero
Ohio,2019,More than one race,Not Hispanic or Latino,39,2019,M,2186-5,3761,observed,Suppressed,suppressed
Ohio,2019,More than one race,Unknown or Not Stated,39,2019,M,9,Suppressed,suppressed,0,zero
Ohio,2019,Native Hawaiian or Other Pacific Islander,Hispanic or Latino,39,2019,NHOPI,2135-2,36,observed,0,zero
Ohio,2019,Native Hawaiian or Other Pacific Islander,Not Hispanic or Latino,39,2019,NHOPI,2186-5,103,observed,0,zero
Ohio,2019,Native Hawaiian or Other Pacific Islander,Unknown or Not Stated,39,2019,NHOPI,9,Suppressed,suppressed,0,zero
Ohio,2019,White,Hispanic or Latino,39,2019,2106-3,2135-2,6379,observed,Suppressed,suppressed
Ohio,2019,White,Not Hispanic or Latino,39,2019,2106-3,2186-5,95621,observed,68,observed
Ohio,2019,White,Unknown or Not Stated,39,2019,2106-3,9,148,observed,0,zero
Ohio,2020,American Indian or Alaska Native,Hispanic or Latino,39,2020,1002-5,2135-2,66,observed,0,zero
Ohio,2020,American Indian or Alaska Native,Not Hispanic or Latino,39,2020,1002-5,2186-5,102,observed,0,zero
Ohio,2020,American Indian or Alaska Native,Unknown or Not Stated,39,2020,1002-5,9,Suppressed,suppressed,0,zero
Ohio,2020,Asian,Hispanic or Latino,39,2020,A,2135-2,89,observed,Suppressed,suppressed
Ohio,2020,Asian,Not Hispanic or Latino,39,2020,A,2186-5,3995,observed,Suppressed,suppressed
Ohio,2020,Asian,Unknown or Not Stated,39,2020,A,9,Suppressed,suppressed,0,zero
Ohio,2020,Black or African American,Hispanic or Latino,39,2020,2054-5,2135-2,894,observed,Suppressed,suppressed
Ohio,2020,Black or African American,Not Hispanic or Latino,39,2020,2054-5,2186-5,21447,observed,17,observed
Ohio,2020,Black or African American,Unknown or Not Stated,39,2020,2054-5,9,29,observed,0,zero
Ohio,2020,More than one race,Hispanic or Latino,39,2020,M,2135-2,280,observed,0,zero
Ohio,2020,More than one race,Not Hispanic or Latino,39,2020,M,2186-5,3694,observed,Suppressed,suppressed
Ohio,2020,More than one race,Unknown or Not Stated,39,2020,M,9,14,observed,0,zero
Ohio,2020,Native Hawaiian or Other Pacific Islander,Hispanic or Latino,39,2020,NHOPI,2135-2,45,observed,0,zero
Ohio,2020,Native Hawaiian or Other Pacific Islander,Not Hispanic or Latino,39,2020,NHOPI,2186-5,89,observed,0,zero
Ohio,2020,White,Hispanic or Latino,39,2020,2106-3,2135-2,6295,observed,10,observed
Ohio,2020,White,Not Hispanic or Latino,39,2020,2106-3,2186-5,92033,observed,80,observed
Ohio,2020,White,Unknown or Not Stated,39,2020,2106-3,9,113,observed,0,zero
Ohio,2021,American Indian or Alaska Native,Hispanic or Latino,39,2021,1002-5,2135-2,77,observed,0,zero
Ohio,2021,American Indian or Alaska Native,Not Hispanic or Latino,39,2021,1002-5,2186-5,107,observed,0,zero
Ohio,2021,Asian,Hispanic or Latino,39,2021,A,2135-2,97,observed,0,zero
Ohio,2021,Asian,Not Hispanic or Latino,39,2021,A,2186-5,3862,observed,Suppressed,suppressed
Ohio,2021,Asian,Unknown or Not Stated,39,2021,A,9,12,observed,0,zero
Ohio,2021,Black or African American,Hispanic or Latino,39,2021,2054-5,2135-2,1006,observed,0,zero
Ohio,2021,Black or African American,Not Hispanic or Latino,39,2021,2054-5,2186-5,20748,observed,17,observed
Ohio,2021,Black or African American,Unknown or Not Stated,39,2021,2054-5,9,63,observed,0,zero
Ohio,2021,More than one race,Hispanic or Latino,39,2021,M,2135-2,261,observed,0,zero
Ohio,2021,More than one race,Not Hispanic or Latino,39,2021,M,2186-5,3751,observed,Suppressed,suppressed
Ohio,2021,More than one race,Unknown or Not Stated,39,2021,M,9,Suppressed,suppressed,0,zero
Ohio,2021,Native Hawaiian or Other Pacific Islander,Hispanic or Latino,39,2021,NHOPI,2135-2,48,observed,0,zero
Ohio,2021,Native Hawaiian or Other Pacific Islander,Not Hispanic or Latino,39,2021,NHOPI,2186-5,118,observed,Suppressed,suppressed
Ohio,2021,Native Hawaiian or Other Pacific Islander,Unknown or Not Stated,39,2021,NHOPI,9,Suppressed,suppressed,0,zero
Ohio,2021,White,Hispanic or Latino,39,2021,2106-3,2135-2,6739,observed,Suppressed,suppressed
Ohio,2021,White,Not Hispanic or Latino,39,2021,2106-3,2186-5,92761,observed,62,observed
Ohio,2021,White,Unknown or Not Stated,39,2021,2106-3,9,131,observed,0,zero
Ohio,2022,American Indian or Alaska Native,Hispanic or Latino,39,2022,1002-5,2135-2,91,observed,0,zero
Ohio,2022,American Indian or Alaska Native,Not Hispanic or Latino,39,2022,1002-5,2186-5,89,observed,0,zero
Ohio,2022,American Indian or Alaska Native,Unknown or Not Stated,39,2022,1002-5,9,Suppressed,suppressed,0,zero
Ohio,2022,Asian,Hispanic or Latino,39,2022,A,2135-2,132,observed,0,zero
Ohio,2022,Asian,Not Hispanic or Latino,39,2022,A,2186-5,3923,observed,Suppressed,suppressed
Ohio,2022,Asian,Unknown or Not Stated,39,2022,A,9,11,observed,0,zero
Ohio,2022,Black or African American,Hispanic or Latino,39,2022,2054-5,2135-2,1006,observed,Suppressed,suppressed
Ohio,2022,Black or African American,Not Hispanic or Latino,39,2022,2054-5,2186-5,20380,observed,16,observed
Ohio,2022,Black or African American,Unknown or Not Stated,39,2022,2054-5,9,53,observed,0,zero
Ohio,2022,More than one race,Hispanic or Latino,39,2022,M,2135-2,269,observed,0,zero
Ohio,2022,More than one race,Not Hispanic or Latino,39,2022,M,2186-5,3772,observed,Suppressed,suppressed
Ohio,2022,More than one race,Unknown or Not Stated,39,2022,M,9,17,observed,0,zero
Ohio,2022,Native Hawaiian or Other Pacific Islander,Hispanic or Latino,39,2022,NHOPI,2135-2,54,observed,0,zero
Ohio,2022,Native Hawaiian or Other Pacific Islander,Not Hispanic or Latino,39,2022,NHOPI,2186-5,115,observed,0,zero
Ohio,2022,White,Hispanic or Latino,39,2022,2106-3,2135-2,7510,observed,Suppressed,suppressed
Ohio,2022,White,Not Hispanic or Latino,39,2022,2106-3,2186-5,90671,observed,58,observed
Ohio,2022,White,Unknown or Not Stated,39,2022,2106-3,9,137,observed,0,zero
Ohio,2023,American Indian or Alaska Native,Hispanic or Latino,39,2023,1002-5,2135-2,85,observed,0,zero
Ohio,2023,American Indian or Alaska Native,Not Hispanic or Latino,39,2023,1002-5,2186-5,72,observed,0,zero
Ohio,2023,American Indian or Alaska Native,Unknown or Not Stated,39,2023,1002-5,9,Suppressed,suppressed,0,zero
Ohio,2023,Asian,Hispanic or Latino,39,2023,A,2135-2,115,observed,0,zero
Ohio,2023,Asian,Not Hispanic or Latino,39,2023,A,2186-5,3862,observed,Suppressed,suppressed
Ohio,2023,Asian,Unknown or Not Stated,39,2023,A,9,Suppressed,suppressed,0,zero
Ohio,2023,Black or African American,Hispanic or Latino,39,2023,2054-5,2135-2,1215,observed,0,zero
Ohio,2023,Black or African American,Not Hispanic or Latino,39,2023,2054-5,2186-5,20107,observed,12,observed
Ohio,2023,Black or African American,Unknown or Not Stated,39,2023,2054-5,9,48,observed,Suppressed,suppressed
Ohio,2023,More than one race,Hispanic or Latino,39,2023,M,2135-2,314,observed,Suppressed,suppressed
Ohio,2023,More than one race,Not Hispanic or Latino,39,2023,M,2186-5,3999,observed,Suppressed,suppressed
Ohio,2023,More than one race,Unknown or Not Stated,39,2023,M,9,17,observed,0,zero
Ohio,2023,Native Hawaiian or Other Pacific Islander,Hispanic or Latino,39,2023,NHOPI,2135-2,53,observed,0,zero
Ohio,2023,Native Hawaiian or Other Pacific Islander,Not Hispanic or Latino,39,2023,NHOPI,2186-5,134,observed,0,zero
Ohio,2023,White,Hispanic or Latino,39,2023,2106-3,2135-2,7966,observed,Suppressed,suppressed
Ohio,2023,White,Not Hispanic or Latino,39,2023,2106-3,2186-5,88799,observed,63,observed
Ohio,2023,White,Unknown or Not Stated,39,2023,2106-3,9,104,observed,0,zero
Ohio,2024,American Indian or Alaska Native,Hispanic or Latino,39,2024,1002-5,2135-2,88,observed,0,zero
Ohio,2024,American Indian or Alaska Native,Not Hispanic or Latino,39,2024,1002-5,2186-5,70,observed,0,zero
Ohio,2024,American Indian or Alaska Native,Unknown or Not Stated,39,2024,1002-5,9,Suppressed,suppressed,0,zero
Ohio,2024,Asian,Hispanic or Latino,39,2024,A,2135-2,124,observed,0,zero
Ohio,2024,Asian,Not Hispanic or Latino,39,2024,A,2186-5,3968,observed,Suppressed,suppressed
Ohio,2024,Asian,Unknown or Not Stated,39,2024,A,9,10,observed,0,zero
Ohio,2024,Black or African American,Hispanic or Latino,39,2024,2054-5,2135-2,1148,observed,Suppressed,suppressed
Ohio,2024,Black or African American,Not Hispanic or Latino,39,2024,2054-5,2186-5,19693,observed,15,observed
Ohio,2024,Black or African American,Unknown or Not Stated,39,2024,2054-5,9,46,observed,0,zero
Ohio,2024,More than one race,Hispanic or Latino,39,2024,M,2135-2,331,observed,0,zero
Ohio,2024,More than one race,Not Hispanic or Latino,39,2024,M,2186-5,4154,observed,Suppressed,suppressed
Ohio,2024,More than one race,Unknown or Not Stated,39,2024,M,9,17,observed,0,zero
Ohio,2024,Native Hawaiian or Other Pacific Islander,Hispanic or Latino,39,2024,NHOPI,2135-2,50,observed,0,zero
Ohio,2024,Native Hawaiian or Other Pacific Islander,Not Hispanic or Latino,39,2024,NHOPI,2186-5,123,observed,0,zero
Ohio,2024,White,Hispanic or Latino,39,2024,2106-3,2135-2,9020,observed,Suppressed,suppressed
Ohio,2024,White,Not Hispanic or Latino,39,2024,2106-3,2186-5,87830,observed,61,observed
Ohio,2024,White,Unknown or Not Stated,39,2024,2106-3,9,121,observed,0,zero
Oklahoma,2016,American Indian or Alaska Native,Hispanic or Latino,40,2016,1002-5,2135-2,399,observed,0,zero
Oklahoma,2016,American Indian or Alaska Native,Not Hispanic or Latino,40,2016,1002-5,2186-5,4939,observed,Suppressed,suppressed
Oklahoma,2016,American Indian or Alaska Native,Unknown or Not Stated,40,2016,1002-5,9,Suppressed,suppressed,0,zero
Oklahoma,2016,Asian,Hispanic or Latino,40,2016,A,2135-2,109,observed,0,zero
Oklahoma,2016,Asian,Not Hispanic or Latino,40,2016,A,2186-5,1377,observed,Suppressed,suppressed
Oklahoma,2016,Asian,Unknown or Not Stated,40,2016,A,9,Suppressed,suppressed,0,zero
Oklahoma,2016,Black or African American,Hispanic or Latino,40,2016,2054-5,2135-2,373,observed,0,zero
Oklahoma,2016,Black or African American,Not Hispanic or Latino,40,2016,2054-5,2186-5,4394,observed,Suppressed,suppressed
Oklahoma,2016,Black or African American,Unknown or Not Stated,40,2016,2054-5,9,13,observed,0,zero
Oklahoma,2016,More than one race,Hispanic or Latino,40,2016,M,2135-2,158,observed,0,zero
Oklahoma,2016,More than one race,Not Hispanic or Latino,40,2016,M,2186-5,3559,observed,Suppressed,suppressed
Oklahoma,2016,Native Hawaiian or Other Pacific Islander,Hispanic or Latino,40,2016,NHOPI,2135-2,24,observed,0,zero
Oklahoma,2016,Native Hawaiian or Other Pacific Islander,Not Hispanic or Latino,40,2016,NHOPI,2186-5,209,observed,0,zero
Oklahoma,2016,White,Hispanic or Latino,40,2016,2106-3,2135-2,6481,observed,0,zero
Oklahoma,2016,White,Not Hispanic or Latino,40,2016,2106-3,2186-5,30499,observed,19,observed
Oklahoma,2016,White,Unknown or Not Stated,40,2016,2106-3,9,48,observed,0,zero
Oklahoma,2017,American Indian or Alaska Native,Hispanic or Latino,40,2017,1002-5,2135-2,470,observed,0,zero
Oklahoma,2017,American Indian or Alaska Native,Not Hispanic or Latino,40,2017,1002-5,2186-5,4614,observed,Suppressed,suppressed
Oklahoma,2017,American Indian or Alaska Native,Unknown or Not Stated,40,2017,1002-5,9,Suppressed,suppressed,0,zero
Oklahoma,2017,Asian,Hispanic or Latino,40,2017,A,2135-2,111,observed,0,zero
Oklahoma,2017,Asian,Not Hispanic or Latino,40,2017,A,2186-5,1328,observed,0,zero
Oklahoma,2017,Asian,Unknown or Not Stated,40,2017,A,9,Suppressed,suppressed,0,zero
Oklahoma,2017,Black or African American,Hispanic or Latino,40,2017,2054-5,2135-2,443,observed,0,zero
Oklahoma,2017,Black or African American,Not Hispanic or Latino,40,2017,2054-5,2186-5,4085,observed,Suppressed,suppressed
Oklahoma,2017,Black or African American,Unknown or Not Stated,40,2017,2054-5,9,Suppressed,suppressed,0,zero
Oklahoma,2017,More than one race,Hispanic or Latino,40,2017,M,2135-2,164,observed,0,zero
Oklahoma,2017,More than one race,Not Hispanic or Latino,40,2017,M,2186-5,3467,observed,Suppressed,suppressed
Oklahoma,2017,More than one race,Unknown or Not Stated,40,2017,M,9,Suppressed,suppressed,0,zero
Oklahoma,2017,Native Hawaiian or Other Pacific Islander,Hispanic or Latino,40,2017,NHOPI,2135-2,17,observed,0,zero
Oklahoma,2017,Native Hawaiian or Other Pacific Islander,Not Hispanic or Latino,40,2017,NHOPI,2186-5,232,observed,0,zero
Oklahoma,2017,Native Hawaiian or Other Pacific Islander,Unknown or Not Stated,40,2017,NHOPI,9,Suppressed,suppressed,0,zero
Oklahoma,2017,White,Hispanic or Latino,40,2017,2106-3,2135-2,6236,observed,Suppressed,suppressed
Oklahoma,2017,White,Not Hispanic or Latino,40,2017,2106-3,2186-5,28976,observed,13,observed
Oklahoma,2017,White,Unknown or Not Stated,40,2017,2106-3,9,46,observed,0,zero
Oklahoma,2018,American Indian or Alaska Native,Hispanic or Latino,40,2018,1002-5,2135-2,360,observed,Suppressed,suppressed
Oklahoma,2018,American Indian or Alaska Native,Not Hispanic or Latino,40,2018,1002-5,2186-5,4557,observed,Suppressed,suppressed
Oklahoma,2018,American Indian or Alaska Native,Unknown or Not Stated,40,2018,1002-5,9,Suppressed,suppressed,0,zero
Oklahoma,2018,Asian,Hispanic or Latino,40,2018,A,2135-2,55,observed,Suppressed,suppressed
Oklahoma,2018,Asian,Not Hispanic or Latino,40,2018,A,2186-5,1306,observed,0,zero
Oklahoma,2018,Asian,Unknown or Not Stated,40,2018,A,9,Suppressed,suppressed,0,zero
Oklahoma,2018,Black or African American,Hispanic or Latino,40,2018,2054-5,2135-2,361,observed,0,zero
Oklahoma,2018,Black or African American,Not Hispanic or Latino,40,2018,2054-5,2186-5,4136,observed,Suppressed,suppressed
Oklahoma,2018,Black or African American,Unknown or Not Stated,40,2018,2054-5,9,Suppressed,suppressed,0,zero
Oklahoma,2018,More than one race,Hispanic or Latino,40,2018,M,2135-2,154,observed,0,zero
Oklahoma,2018,More than one race,Not Hispanic or Latino,40,2018,M,2186-5,3527,observed,Suppressed,suppressed
Oklahoma,2018,More than one race,Unknown or Not Stated,40,2018,M,9,Suppressed,suppressed,0,zero
Oklahoma,2018,Native Hawaiian or Other Pacific Islander,Hispanic or Latino,40,2018,NHOPI,2135-2,Suppressed,suppressed,0,zero
Oklahoma,2018,Native Hawaiian or Other Pacific Islander,Not Hispanic or Latino,40,2018,NHOPI,2186-5,214,observed,0,zero
Oklahoma,2018,White,Hispanic or Latino,40,2018,2106-3,2135-2,6606,observed,Suppressed,suppressed
Oklahoma,2018,White,Not Hispanic or Latino,40,2018,2106-3,2186-5,28444,observed,14,observed
Oklahoma,2018,White,Unknown or Not Stated,40,2018,2106-3,9,51,observed,0,zero
Oklahoma,2019,American Indian or Alaska Native,Hispanic or Latino,40,2019,1002-5,2135-2,388,observed,0,zero
Oklahoma,2019,American Indian or Alaska Native,Not Hispanic or Latino,40,2019,1002-5,2186-5,4662,observed,Suppressed,suppressed
Oklahoma,2019,American Indian or Alaska Native,Unknown or Not Stated,40,2019,1002-5,9,Suppressed,suppressed,0,zero
Oklahoma,2019,Asian,Hispanic or Latino,40,2019,A,2135-2,65,observed,0,zero
Oklahoma,2019,Asian,Not Hispanic or Latino,40,2019,A,2186-5,1251,observed,0,zero
Oklahoma,2019,Asian,Unknown or Not Stated,40,2019,A,9,Suppressed,suppressed,0,zero
Oklahoma,2019,Black or African American,Hispanic or Latino,40,2019,2054-5,2135-2,365,observed,0,zero
Oklahoma,2019,Black or African American,Not Hispanic or Latino,40,2019,2054-5,2186-5,4101,observed,0,zero
Oklahoma,2019,Black or African American,Unknown or Not Stated,40,2019,2054-5,9,12,observed,0,zero
Oklahoma,2019,More than one race,Hispanic or Latino,40,2019,M,2135-2,170,observed,0,zero
Oklahoma,2019,More than one race,Not Hispanic or Latino,40,2019,M,2186-5,3682,observed,Suppressed,suppressed
Oklahoma,2019,More than one race,Unknown or Not Stated,40,2019,M,9,Suppressed,suppressed,0,zero
Oklahoma,2019,Native Hawaiian or Other Pacific Islander,Hispanic or Latino,40,2019,NHOPI,2135-2,23,observed,0,zero
Oklahoma,2019,Native Hawaiian or Other Pacific Islander,Not Hispanic or Latino,40,2019,NHOPI,2186-5,227,observed,0,zero
Oklahoma,2019,White,Hispanic or Latino,40,2019,2106-3,2135-2,6702,observed,Suppressed,suppressed
Oklahoma,2019,White,Not Hispanic or Latino,40,2019,2106-3,2186-5,27427,observed,11,observed
Oklahoma,2019,White,Unknown or Not Stated,40,2019,2106-3,9,61,observed,Suppressed,suppressed
Oklahoma,2020,American Indian or Alaska Native,Hispanic or Latino,40,2020,1002-5,2135-2,378,observed,0,zero
Oklahoma,2020,American Indian or Alaska Native,Not Hispanic or Latino,40,2020,1002-5,2186-5,4367,observed,Suppressed,suppressed
Oklahoma,2020,American Indian or Alaska Native,Unknown or Not Stated,40,2020,1002-5,9,Suppressed,suppressed,0,zero
Oklahoma,2020,Asian,Hispanic or Latino,40,2020,A,2135-2,42,observed,0,zero
Oklahoma,2020,Asian,Not Hispanic or Latino,40,2020,A,2186-5,1282,observed,0,zero
Oklahoma,2020,Asian,Unknown or Not Stated,40,2020,A,9,Suppressed,suppressed,0,zero
Oklahoma,2020,Black or African American,Hispanic or Latino,40,2020,2054-5,2135-2,322,observed,Suppressed,suppressed
Oklahoma,2020,Black or African American,Not Hispanic or Latino,40,2020,2054-5,2186-5,3944,observed,Suppressed,suppressed
Oklahoma,2020,Black or African American,Unknown or Not Stated,40,2020,2054-5,9,15,observed,0,zero
Oklahoma,2020,More than one race,Hispanic or Latino,40,2020,M,2135-2,190,observed,0,zero
Oklahoma,2020,More than one race,Not Hispanic or Latino,40,2020,M,2186-5,3840,observed,Suppressed,suppressed
Oklahoma,2020,Native Hawaiian or Other Pacific Islander,Hispanic or Latino,40,2020,NHOPI,2135-2,23,observed,0,zero
Oklahoma,2020,Native Hawaiian or Other Pacific Islander,Not Hispanic or Latino,40,2020,NHOPI,2186-5,274,observed,0,zero
Oklahoma,2020,White,Hispanic or Latino,40,2020,2106-3,2135-2,6606,observed,Suppressed,suppressed
Oklahoma,2020,White,Not Hispanic or Latino,40,2020,2106-3,2186-5,26290,observed,10,observed
Oklahoma,2020,White,Unknown or Not Stated,40,2020,2106-3,9,41,observed,0,zero
Oklahoma,2021,American Indian or Alaska Native,Hispanic or Latino,40,2021,1002-5,2135-2,455,observed,0,zero
Oklahoma,2021,American Indian or Alaska Native,Not Hispanic or Latino,40,2021,1002-5,2186-5,4566,observed,Suppressed,suppressed
Oklahoma,2021,American Indian or Alaska Native,Unknown or Not Stated,40,2021,1002-5,9,Suppressed,suppressed,0,zero
Oklahoma,2021,Asian,Hispanic or Latino,40,2021,A,2135-2,65,observed,0,zero
Oklahoma,2021,Asian,Not Hispanic or Latino,40,2021,A,2186-5,1203,observed,0,zero
Oklahoma,2021,Asian,Unknown or Not Stated,40,2021,A,9,Suppressed,suppressed,0,zero
Oklahoma,2021,Black or African American,Hispanic or Latino,40,2021,2054-5,2135-2,298,observed,0,zero
Oklahoma,2021,Black or African American,Not Hispanic or Latino,40,2021,2054-5,2186-5,3826,observed,0,zero
Oklahoma,2021,Black or African American,Unknown or Not Stated,40,2021,2054-5,9,18,observed,0,zero
Oklahoma,2021,More than one race,Hispanic or Latino,40,2021,M,2135-2,205,observed,0,zero
Oklahoma,2021,More than one race,Not Hispanic or Latino,40,2021,M,2186-5,3782,observed,Suppressed,suppressed
Oklahoma,2021,More than one race,Unknown or Not Stated,40,2021,M,9,Suppressed,suppressed,0,zero
Oklahoma,2021,Native Hawaiian or Other Pacific Islander,Hispanic or Latino,40,2021,NHOPI,2135-2,19,observed,0,zero
Oklahoma,2021,Native Hawaiian or Other Pacific Islander,Not Hispanic or Latino,40,2021,NHOPI,2186-5,245,observed,0,zero
Oklahoma,2021,Native Hawaiian or Other Pacific Islander,Unknown or Not Stated,40,2021,NHOPI,9,Suppressed,suppressed,0,zero
Oklahoma,2021,White,Hispanic or Latino,40,2021,2106-3,2135-2,7093,observed,Suppressed,suppressed
Oklahoma,2021,White,Not Hispanic or Latino,40,2021,2106-3,2186-5,26522,observed,13,observed
Oklahoma,2021,White,Unknown or Not Stated,40,2021,2106-3,9,96,observed,0,zero
Oklahoma,2022,American Indian or Alaska Native,Hispanic or Latino,40,2022,1002-5,2135-2,420,observed,0,zero
Oklahoma,2022,American Indian or Alaska Native,Not Hispanic or Latino,40,2022,1002-5,2186-5,4355,observed,Suppressed,suppressed
Oklahoma,2022,American Indian or Alaska Native,Unknown or Not Stated,40,2022,1002-5,9,Suppressed,suppressed,0,zero
Oklahoma,2022,Asian,Hispanic or Latino,40,2022,A,2135-2,44,observed,0,zero
Oklahoma,2022,Asian,Not Hispanic or Latino,40,2022,A,2186-5,1310,observed,0,zero
Oklahoma,2022,Asian,Unknown or Not Stated,40,2022,A,9,Suppressed,suppressed,0,zero
Oklahoma,2022,Black or African American,Hispanic or Latino,40,2022,2054-5,2135-2,317,observed,0,zero
Oklahoma,2022,Black or African American,Not Hispanic or Latino,40,2022,2054-5,2186-5,3689,observed,Suppressed,suppressed
Oklahoma,2022,Black or African American,Unknown or Not Stated,40,2022,2054-5,9,Suppressed,suppressed,0,zero
Oklahoma,2022,More than one race,Hispanic or Latino,40,2022,M,2135-2,220,observed,0,zero
Oklahoma,2022,More than one race,Not Hispanic or Latino,40,2022,M,2186-5,3990,observed,0,zero
Oklahoma,2022,More than one race,Unknown or Not Stated,40,2022,M,9,Suppressed,suppressed,0,zero
Oklahoma,2022,Native Hawaiian or Other Pacific Islander,Hispanic or Latino,40,2022,NHOPI,2135-2,16,observed,0,zero
Oklahoma,2022,Native Hawaiian or Other Pacific Islander,Not Hispanic or Latino,40,2022,NHOPI,2186-5,232,observed,0,zero
Oklahoma,2022,White,Hispanic or Latino,40,2022,2106-3,2135-2,7445,observed,Suppressed,suppressed
Oklahoma,2022,White,Not Hispanic or Latino,40,2022,2106-3,2186-5,26224,observed,16,observed
Oklahoma,2022,White,Unknown or Not Stated,40,2022,2106-3,9,55,observed,0,zero
Oklahoma,2023,American Indian or Alaska Native,Hispanic or Latino,40,2023,1002-5,2135-2,474,observed,Suppressed,suppressed
Oklahoma,2023,American Indian or Alaska Native,Not Hispanic or Latino,40,2023,1002-5,2186-5,4093,observed,Suppressed,suppressed
Oklahoma,2023,American Indian or Alaska Native,Unknown or Not Stated,40,2023,1002-5,9,Suppressed,suppressed,0,zero
Oklahoma,2023,Asian,Hispanic or Latino,40,2023,A,2135-2,65,observed,0,zero
Oklahoma,2023,Asian,Not Hispanic or Latino,40,2023,A,2186-5,1329,observed,Suppressed,suppressed
Oklahoma,2023,Asian,Unknown or Not Stated,40,2023,A,9,Suppressed,suppressed,0,zero
Oklahoma,2023,Black or African American,Hispanic or Latino,40,2023,2054-5,2135-2,365,observed,Suppressed,suppressed
Oklahoma,2023,Black or African American,Not Hispanic or Latino,40,2023,2054-5,2186-5,3683,observed,0,zero
Oklahoma,2023,Black or African American,Unknown or Not Stated,40,2023,2054-5,9,Suppressed,suppressed,0,zero
Oklahoma,2023,More than one race,Hispanic or Latino,40,2023,M,2135-2,232,observed,0,zero
Oklahoma,2023,More than one race,Not Hispanic or Latino,40,2023,M,2186-5,4198,observed,Suppressed,suppressed
Oklahoma,2023,More than one race,Unknown or Not Stated,40,2023,M,9,Suppressed,suppressed,0,zero
Oklahoma,2023,Native Hawaiian or Other Pacific Islander,Hispanic or Latino,40,2023,NHOPI,2135-2,13,observed,0,zero
Oklahoma,2023,Native Hawaiian or Other Pacific Islander,Not Hispanic or Latino,40,2023,NHOPI,2186-5,236,observed,0,zero
Oklahoma,2023,White,Hispanic or Latino,40,2023,2106-3,2135-2,7660,observed,Suppressed,suppressed
Oklahoma,2023,White,Not Hispanic or Latino,40,2023,2106-3,2186-5,25483,observed,17,observed
Oklahoma,2023,White,Unknown or Not Stated,40,2023,2106-3,9,57,observed,0,zero
Oklahoma,2024,American Indian or Alaska Native,Hispanic or Latino,40,2024,1002-5,2135-2,486,observed,0,zero
Oklahoma,2024,American Indian or Alaska Native,Not Hispanic or Latino,40,2024,1002-5,2186-5,4046,observed,Suppressed,suppressed
Oklahoma,2024,American Indian or Alaska Native,Unknown or Not Stated,40,2024,1002-5,9,Suppressed,suppressed,0,zero
Oklahoma,2024,Asian,Hispanic or Latino,40,2024,A,2135-2,79,observed,0,zero
Oklahoma,2024,Asian,Not Hispanic or Latino,40,2024,A,2186-5,1314,observed,0,zero
Oklahoma,2024,Asian,Unknown or Not Stated,40,2024,A,9,Suppressed,suppressed,0,zero
Oklahoma,2024,Black or African American,Hispanic or Latino,40,2024,2054-5,2135-2,387,observed,0,zero
Oklahoma,2024,Black or African American,Not Hispanic or Latino,40,2024,2054-5,2186-5,3374,observed,Suppressed,suppressed
Oklahoma,2024,Black or African American,Unknown or Not Stated,40,2024,2054-5,9,11,observed,0,zero
Oklahoma,2024,More than one race,Hispanic or Latino,40,2024,M,2135-2,258,observed,0,zero
Oklahoma,2024,More than one race,Not Hispanic or Latino,40,2024,M,2186-5,4501,observed,Suppressed,suppressed
Oklahoma,2024,More than one race,Unknown or Not Stated,40,2024,M,9,Suppressed,suppressed,0,zero
Oklahoma,2024,Native Hawaiian or Other Pacific Islander,Hispanic or Latino,40,2024,NHOPI,2135-2,11,observed,0,zero
Oklahoma,2024,Native Hawaiian or Other Pacific Islander,Not Hispanic or Latino,40,2024,NHOPI,2186-5,248,observed,0,zero
Oklahoma,2024,White,Hispanic or Latino,40,2024,2106-3,2135-2,8114,observed,Suppressed,suppressed
Oklahoma,2024,White,Not Hispanic or Latino,40,2024,2106-3,2186-5,25060,observed,12,observed
Oklahoma,2024,White,Unknown or Not Stated,40,2024,2106-3,9,56,observed,Suppressed,suppressed
Oregon,2016,American Indian or Alaska Native,Hispanic or Latino,41,2016,1002-5,2135-2,148,observed,0,zero
Oregon,2016,American Indian or Alaska Native,Not Hispanic or Latino,41,2016,1002-5,2186-5,427,observed,0,zero
Oregon,2016,American Indian or Alaska Native,Unknown or Not Stated,41,2016,1002-5,9,Suppressed,suppressed,0,zero
Oregon,2016,Asian,Hispanic or Latino,41,2016,A,2135-2,129,observed,0,zero
Oregon,2016,Asian,Not Hispanic or Latino,41,2016,A,2186-5,2354,observed,0,zero
Oregon,2016,Asian,Unknown or Not Stated,41,2016,A,9,11,observed,0,zero
Oregon,2016,Black or African American,Hispanic or Latino,41,2016,2054-5,2135-2,107,observed,0,zero
Oregon,2016,Black or African American,Not Hispanic or Latino,41,2016,2054-5,2186-5,944,observed,0,zero
Oregon,2016,Black or African American,Unknown or Not Stated,41,2016,2054-5,9,12,observed,0,zero
Oregon,2016,More than one race,Hispanic or Latino,41,2016,M,2135-2,256,observed,0,zero
Oregon,2016,More than one race,Not Hispanic or Latino,41,2016,M,2186-5,1684,observed,0,zero
Oregon,2016,More than one race,Unknown or Not Stated,41,2016,M,9,16,observed,0,zero
Oregon,2016,Native Hawaiian or Other Pacific Islander,Hispanic or Latino,41,2016,NHOPI,2135-2,44,observed,0,zero
Oregon,2016,Native Hawaiian or Other Pacific Islander,Not Hispanic or Latino,41,2016,NHOPI,2186-5,315,observed,Suppressed,suppressed
Oregon,2016,Native Hawaiian or Other Pacific Islander,Unknown or Not Stated,41,2016,NHOPI,9,Suppressed,suppressed,0,zero
Oregon,2016,White,Hispanic or Latino,41,2016,2106-3,2135-2,7783,observed,12,observed
Oregon,2016,White,Not Hispanic or Latino,41,2016,2106-3,2186-5,31057,observed,30,observed
Oregon,2016,White,Unknown or Not Stated,41,2016,2106-3,9,234,observed,Suppressed,suppressed
Oregon,2017,American Indian or Alaska Native,Hispanic or Latino,41,2017,1002-5,2135-2,164,observed,0,zero
Oregon,2017,American Indian or Alaska Native,Not Hispanic or Latino,41,2017,1002-5,2186-5,429,observed,0,zero
Oregon,2017,American Indian or Alaska Native,Unknown or Not Stated,41,2017,1002-5,9,Suppressed,suppressed,0,zero
Oregon,2017,Asian,Hispanic or Latino,41,2017,A,2135-2,130,observed,0,zero
Oregon,2017,Asian,Not Hispanic or Latino,41,2017,A,2186-5,2376,observed,0,zero
Oregon,2017,Asian,Unknown or Not Stated,41,2017,A,9,13,observed,0,zero
Oregon,2017,Black or African American,Hispanic or Latino,41,2017,2054-5,2135-2,141,observed,0,zero
Oregon,2017,Black or African American,Not Hispanic or Latino,41,2017,2054-5,2186-5,994,observed,Suppressed,suppressed
Oregon,2017,Black or African American,Unknown or Not Stated,41,2017,2054-5,9,Suppressed,suppressed,0,zero
Oregon,2017,More than one race,Hispanic or Latino,41,2017,M,2135-2,220,observed,0,zero
Oregon,2017,More than one race,Not Hispanic or Latino,41,2017,M,2186-5,1702,observed,0,zero
Oregon,2017,More than one race,Unknown or Not Stated,41,2017,M,9,28,observed,0,zero
Oregon,2017,Native Hawaiian or Other Pacific Islander,Hispanic or Latino,41,2017,NHOPI,2135-2,28,observed,0,zero
Oregon,2017,Native Hawaiian or Other Pacific Islander,Not Hispanic or Latino,41,2017,NHOPI,2186-5,300,observed,0,zero
Oregon,2017,Native Hawaiian or Other Pacific Islander,Unknown or Not Stated,41,2017,NHOPI,9,Suppressed,suppressed,0,zero
Oregon,2017,White,Hispanic or Latino,41,2017,2106-3,2135-2,7592,observed,Suppressed,suppressed
Oregon,2017,White,Not Hispanic or Latino,41,2017,2106-3,2186-5,29232,observed,24,observed
Oregon,2017,White,Unknown or Not Stated,41,2017,2106-3,9,260,observed,Suppressed,suppressed
Oregon,2018,American Indian or Alaska Native,Hispanic or Latino,41,2018,1002-5,2135-2,176,observed,0,zero
Oregon,2018,American Indian or Alaska Native,Not Hispanic or Latino,41,2018,1002-5,2186-5,388,observed,Suppressed,suppressed
Oregon,2018,American Indian or Alaska Native,Unknown or Not Stated,41,2018,1002-5,9,Suppressed,suppressed,0,zero
Oregon,2018,Asian,Hispanic or Latino,41,2018,A,2135-2,66,observed,0,zero
Oregon,2018,Asian,Not Hispanic or Latino,41,2018,A,2186-5,2260,observed,Suppressed,suppressed
Oregon,2018,Asian,Unknown or Not Stated,41,2018,A,9,18,observed,0,zero
Oregon,2018,Black or African American,Hispanic or Latino,41,2018,2054-5,2135-2,114,observed,0,zero
Oregon,2018,Black or African American,Not Hispanic or Latino,41,2018,2054-5,2186-5,959,observed,Suppressed,suppressed
Oregon,2018,Black or African American,Unknown or Not Stated,41,2018,2054-5,9,20,observed,0,zero
Oregon,2018,More than one race,Hispanic or Latino,41,2018,M,2135-2,242,observed,0,zero
Oregon,2018,More than one race,Not Hispanic or Latino,41,2018,M,2186-5,1642,observed,Suppressed,suppressed
Oregon,2018,More than one race,Unknown or Not Stated,41,2018,M,9,22,observed,0,zero
Oregon,2018,Native Hawaiian or Other Pacific Islander,Hispanic or Latino,41,2018,NHOPI,2135-2,27,observed,0,zero
Oregon,2018,Native Hawaiian or Other Pacific Islander,Not Hispanic or Latino,41,2018,NHOPI,2186-5,309,observed,0,zero
Oregon,2018,Native Hawaiian or Other Pacific Islander,Unknown or Not Stated,41,2018,NHOPI,9,Suppressed,suppressed,0,zero
Oregon,2018,White,Hispanic or Latino,41,2018,2106-3,2135-2,7368,observed,Suppressed,suppressed
Oregon,2018,White,Not Hispanic or Latino,41,2018,2106-3,2186-5,28265,observed,22,observed
Oregon,2018,White,Unknown or Not Stated,41,2018,2106-3,9,297,observed,0,zero
Oregon,2019,American Indian or Alaska Native,Hispanic or Latino,41,2019,1002-5,2135-2,196,observed,0,zero
Oregon,2019,American Indian or Alaska Native,Not Hispanic or Latino,41,2019,1002-5,2186-5,402,observed,0,zero
Oregon,2019,American Indian or Alaska Native,Unknown or Not Stated,41,2019,1002-5,9,11,observed,0,zero
Oregon,2019,Asian,Hispanic or Latino,41,2019,A,2135-2,69,observed,0,zero
Oregon,2019,Asian,Not Hispanic or Latino,41,2019,A,2186-5,2376,observed,0,zero
Oregon,2019,Asian,Unknown or Not Stated,41,2019,A,9,17,observed,0,zero
Oregon,2019,Black or African American,Hispanic or Latino,41,2019,2054-5,2135-2,101,observed,0,zero
Oregon,2019,Black or African American,Not Hispanic or Latino,41,2019,2054-5,2186-5,1007,observed,0,zero
Oregon,2019,Black or African American,Unknown or Not Stated,41,2019,2054-5,9,12,observed,0,zero
Oregon,2019,More than one race,Hispanic or Latino,41,2019,M,2135-2,257,observed,0,zero
Oregon,2019,More than one race,Not Hispanic or Latino,41,2019,M,2186-5,1604,observed,Suppressed,suppressed
Oregon,2019,More than one race,Unknown or Not Stated,41,2019,M,9,16,observed,0,zero
Oregon,2019,Native Hawaiian or Other Pacific Islander,Hispanic or Latino,41,2019,NHOPI,2135-2,27,observed,0,zero
Oregon,2019,Native Hawaiian or Other Pacific Islander,Not Hispanic or Latino,41,2019,NHOPI,2186-5,341,observed,0,zero
Oregon,2019,Native Hawaiian or Other Pacific Islander,Unknown or Not Stated,41,2019,NHOPI,9,Suppressed,suppressed,0,zero
Oregon,2019,White,Hispanic or Latino,41,2019,2106-3,2135-2,7530,observed,Suppressed,suppressed
Oregon,2019,White,Not Hispanic or Latino,41,2019,2106-3,2186-5,27639,observed,24,observed
Oregon,2019,White,Unknown or Not Stated,41,2019,2106-3,9,246,observed,0,zero
Oregon,2020,American Indian or Alaska Native,Hispanic or Latino,41,2020,1002-5,2135-2,200,observed,Suppressed,suppressed
Oregon,2020,American Indian or Alaska Native,Not Hispanic or Latino,41,2020,1002-5,2186-5,378,observed,0,zero
Oregon,2020,American Indian or Alaska Native,Unknown or Not Stated,41,2020,1002-5,9,Suppressed,suppressed,0,zero
Oregon,2020,Asian,Hispanic or Latino,41,2020,A,2135-2,66,observed,0,zero
Oregon,2020,Asian,Not Hispanic or Latino,41,2020,A,2186-5,2112,observed,Suppressed,suppressed
Oregon,2020,Asian,Unknown or Not Stated,41,2020,A,9,19,observed,0,zero
Oregon,2020,Black or African American,Hispanic or Latino,41,2020,2054-5,2135-2,144,observed,0,zero
Oregon,2020,Black or African American,Not Hispanic or Latino,41,2020,2054-5,2186-5,973,observed,Suppressed,suppressed
Oregon,2020,Black or African American,Unknown or Not Stated,41,2020,2054-5,9,16,observed,0,zero
Oregon,2020,More than one race,Hispanic or Latino,41,2020,M,2135-2,246,observed,0,zero
Oregon,2020,More than one race,Not Hispanic or Latino,41,2020,M,2186-5,1592,observed,Suppressed,suppressed
Oregon,2020,More than one race,Unknown or Not Stated,41,2020,M,9,16,observed,0,zero
Oregon,2020,Native Hawaiian or Other Pacific Islander,Hispanic or Latino,41,2020,NHOPI,2135-2,17,observed,0,zero
Oregon,2020,Native Hawaiian or Other Pacific Islander,Not Hispanic or Latino,41,2020,NHOPI,2186-5,278,observed,0,zero
Oregon,2020,Native Hawaiian or Other Pacific Islander,Unknown or Not Stated,41,2020,NHOPI,9,Suppressed,suppressed,0,zero
Oregon,2020,White,Hispanic or Latino,41,2020,2106-3,2135-2,7250,observed,Suppressed,suppressed
Oregon,2020,White,Not Hispanic or Latino,41,2020,2106-3,2186-5,26256,observed,15,observed
Oregon,2020,White,Unknown or Not Stated,41,2020,2106-3,9,248,observed,0,zero
Oregon,2021,American Indian or Alaska Native,Hispanic or Latino,41,2021,1002-5,2135-2,231,observed,0,zero
Oregon,2021,American Indian or Alaska Native,Not Hispanic or Latino,41,2021,1002-5,2186-5,378,observed,Suppressed,suppressed
Oregon,2021,American Indian or Alaska Native,Unknown or Not Stated,41,2021,1002-5,9,Suppressed,suppressed,0,zero
Oregon,2021,Asian,Hispanic or Latino,41,2021,A,2135-2,65,observed,0,zero
Oregon,2021,Asian,Not Hispanic or Latino,41,2021,A,2186-5,2106,observed,0,zero
Oregon,2021,Asian,Unknown or Not Stated,41,2021,A,9,39,observed,0,zero
Oregon,2021,Black or African American,Hispanic or Latino,41,2021,2054-5,2135-2,127,observed,Suppressed,suppressed
Oregon,2021,Black or African American,Not Hispanic or Latino,41,2021,2054-5,2186-5,1065,observed,0,zero
Oregon,2021,Black or African American,Unknown or Not Stated,41,2021,2054-5,9,17,observed,0,zero
Oregon,2021,More than one race,Hispanic or Latino,41,2021,M,2135-2,241,observed,0,zero
Oregon,2021,More than one race,Not Hispanic or Latino,41,2021,M,2186-5,1639,observed,Suppressed,suppressed
Oregon,2021,More than one race,Unknown or Not Stated,41,2021,M,9,19,observed,0,zero
Oregon,2021,Native Hawaiian or Other Pacific Islander,Hispanic or Latino,41,2021,NHOPI,2135-2,29,observed,0,zero
Oregon,2021,Native Hawaiian or Other Pacific Islander,Not Hispanic or Latino,41,2021,NHOPI,2186-5,337,observed,0,zero
Oregon,2021,Native Hawaiian or Other Pacific Islander,Unknown or Not Stated,41,2021,NHOPI,9,Suppressed,suppressed,0,zero
Oregon,2021,White,Hispanic or Latino,41,2021,2106-3,2135-2,7641,observed,Suppressed,suppressed
Oregon,2021,White,Not Hispanic or Latino,41,2021,2106-3,2186-5,26662,observed,23,observed
Oregon,2021,White,Unknown or Not Stated,41,2021,2106-3,9,304,observed,0,zero
Oregon,2022,American Indian or Alaska Native,Hispanic or Latino,41,2022,1002-5,2135-2,954,observed,Suppressed,suppressed
Oregon,2022,American Indian or Alaska Native,Not Hispanic or Latino,41,2022,1002-5,2186-5,370,observed,0,zero
Oregon,2022,American Indian or Alaska Native,Unknown or Not Stated,41,2022,1002-5,9,41,observed,0,zero
Oregon,2022,Asian,Hispanic or Latino,41,2022,A,2135-2,224,observed,0,zero
Oregon,2022,Asian,Not Hispanic or Latino,41,2022,A,2186-5,2151,observed,0,zero
Oregon,2022,Asian,Unknown or Not Stated,41,2022,A,9,157,observed,0,zero
Oregon,2022,Black or African American,Hispanic or Latino,41,2022,2054-5,2135-2,493,observed,0,zero
Oregon,2022,Black or African American,Not Hispanic or Latino,41,2022,2054-5,2186-5,1007,observed,Suppressed,suppressed
Oregon,2022,Black or African American,Unknown or Not Stated,41,2022,2054-5,9,90,observed,Suppressed,suppressed
Oregon,2022,More than one race,Hispanic or Latino,41,2022,M,2135-2,299,observed,0,zero
Oregon,2022,More than one race,Not Hispanic or Latino,41,2022,M,2186-5,1947,observed,Suppressed,suppressed
Oregon,2022,More than one race,Unknown or Not Stated,41,2022,M,9,25,observed,0,zero
Oregon,2022,Native Hawaiian or Other Pacific Islander,Hispanic or Latino,41,2022,NHOPI,2135-2,49,observed,0,zero
Oregon,2022,Native Hawaiian or Other Pacific Islander,Not Hispanic or Latino,41,2022,NHOPI,2186-5,374,observed,0,zero
Oregon,2022,Native Hawaiian or Other Pacific Islander,Unknown or Not Stated,41,2022,NHOPI,9,30,observed,0,zero
Oregon,2022,White,Hispanic or Latino,41,2022,2106-3,2135-2,6491,observed,Suppressed,suppressed
Oregon,2022,White,Not Hispanic or Latino,41,2022,2106-3,2186-5,23034,observed,25,observed
Oregon,2022,White,Unknown or Not Stated,41,2022,2106-3,9,1757,observed,Suppressed,suppressed
Oregon,2023,American Indian or Alaska Native,Hispanic or Latino,41,2023,1002-5,2135-2,881,observed,Suppressed,suppressed
Oregon,2023,American Indian or Alaska Native,Not Hispanic or Latino,41,2023,1002-5,2186-5,345,observed,0,zero
Oregon,2023,American Indian or Alaska Native,Unknown or Not Stated,41,2023,1002-5,9,33,observed,0,zero
Oregon,2023,Asian,Hispanic or Latino,41,2023,A,2135-2,207,observed,0,zero
Oregon,2023,Asian,Not Hispanic or Latino,41,2023,A,2186-5,1976,observed,0,zero
Oregon,2023,Asian,Unknown or Not Stated,41,2023,A,9,83,observed,0,zero
Oregon,2023,Black or African American,Hispanic or Latino,41,2023,2054-5,2135-2,589,observed,0,zero
Oregon,2023,Black or African American,Not Hispanic or Latino,41,2023,2054-5,2186-5,1003,observed,0,zero
Oregon,2023,Black or African American,Unknown or Not Stated,41,2023,2054-5,9,50,observed,0,zero
Oregon,2023,More than one race,Hispanic or Latino,41,2023,M,2135-2,318,observed,0,zero
Oregon,2023,More than one race,Not Hispanic or Latino,41,2023,M,2186-5,1913,observed,0,zero
Oregon,2023,Native Hawaiian or Other Pacific Islander,Hispanic or Latino,41,2023,NHOPI,2135-2,63,observed,0,zero
Oregon,2023,Native Hawaiian or Other Pacific Islander,Not Hispanic or Latino,41,2023,NHOPI,2186-5,372,observed,0,zero
Oregon,2023,Native Hawaiian or Other Pacific Islander,Unknown or Not Stated,41,2023,NHOPI,9,22,observed,0,zero
Oregon,2023,White,Hispanic or Latino,41,2023,2106-3,2135-2,6823,observed,Suppressed,suppressed
Oregon,2023,White,Not Hispanic or Latino,41,2023,2106-3,2186-5,22671,observed,13,observed
Oregon,2023,White,Unknown or Not Stated,41,2023,2106-3,9,949,observed,Suppressed,suppressed
Oregon,2024,American Indian or Alaska Native,Hispanic or Latino,41,2024,1002-5,2135-2,902,observed,0,zero
Oregon,2024,American Indian or Alaska Native,Not Hispanic or Latino,41,2024,1002-5,2186-5,350,observed,Suppressed,suppressed
Oregon,2024,American Indian or Alaska Native,Unknown or Not Stated,41,2024,1002-5,9,21,observed,0,zero
Oregon,2024,Asian,Hispanic or Latino,41,2024,A,2135-2,241,observed,0,zero
Oregon,2024,Asian,Not Hispanic or Latino,41,2024,A,2186-5,2041,observed,0,zero
Oregon,2024,Asian,Unknown or Not Stated,41,2024,A,9,69,observed,0,zero
Oregon,2024,Black or African American,Hispanic or Latino,41,2024,2054-5,2135-2,467,observed,Suppressed,suppressed
Oregon,2024,Black or African American,Not Hispanic or Latino,41,2024,2054-5,2186-5,1134,observed,Suppressed,suppressed
Oregon,2024,Black or African American,Unknown or Not Stated,41,2024,2054-5,9,39,observed,0,zero
Oregon,2024,More than one race,Hispanic or Latino,41,2024,M,2135-2,318,observed,0,zero
Oregon,2024,More than one race,Not Hispanic or Latino,41,2024,M,2186-5,1963,observed,Suppressed,suppressed
Oregon,2024,More than one race,Unknown or Not Stated,41,2024,M,9,Suppressed,suppressed,0,zero
Oregon,2024,Native Hawaiian or Other Pacific Islander,Hispanic or Latino,41,2024,NHOPI,2135-2,51,observed,0,zero
Oregon,2024,Native Hawaiian or Other Pacific Islander,Not Hispanic or Latino,41,2024,NHOPI,2186-5,398,observed,0,zero
Oregon,2024,Native Hawaiian or Other Pacific Islander,Unknown or Not Stated,41,2024,NHOPI,9,16,observed,0,zero
Oregon,2024,White,Hispanic or Latino,41,2024,2106-3,2135-2,7391,observed,Suppressed,suppressed
Oregon,2024,White,Not Hispanic or Latino,41,2024,2106-3,2186-5,22810,observed,13,observed
Oregon,2024,White,Unknown or Not Stated,41,2024,2106-3,9,750,observed,0,zero
Pennsylvania,2016,American Indian or Alaska Native,Hispanic or Latino,42,2016,1002-5,2135-2,120,observed,0,zero
Pennsylvania,2016,American Indian or Alaska Native,Not Hispanic or Latino,42,2016,1002-5,2186-5,86,observed,0,zero
Pennsylvania,2016,American Indian or Alaska Native,Unknown or Not Stated,42,2016,1002-5,9,Suppressed,suppressed,0,zero
Pennsylvania,2016,Asian,Hispanic or Latino,42,2016,A,2135-2,550,observed,0,zero
Pennsylvania,2016,Asian,Not Hispanic or Latino,42,2016,A,2186-5,6466,observed,Suppressed,suppressed
Pennsylvania,2016,Asian,Unknown or Not Stated,42,2016,A,9,135,observed,0,zero
Pennsylvania,2016,Black or African American,Hispanic or Latino,42,2016,2054-5,2135-2,2752,observed,Suppressed,suppressed
Pennsylvania,2016,Black or African American,Not Hispanic or Latino,42,2016,2054-5,2186-5,18338,observed,11,observed
Pennsylvania,2016,Black or African American,Unknown or Not Stated,42,2016,2054-5,9,481,observed,0,zero
Pennsylvania,2016,More than one race,Hispanic or Latino,42,2016,M,2135-2,436,observed,0,zero
Pennsylvania,2016,More than one race,Not Hispanic or Latino,42,2016,M,2186-5,3156,observed,Suppressed,suppressed
Pennsylvania,2016,More than one race,Unknown or Not Stated,42,2016,M,9,44,observed,0,zero
Pennsylvania,2016,Native Hawaiian or Other Pacific Islander,Hispanic or Latino,42,2016,NHOPI,2135-2,109,observed,0,zero
Pennsylvania,2016,Native Hawaiian or Other Pacific Islander,Not Hispanic or Latino,42,2016,NHOPI,2186-5,49,observed,0,zero
Pennsylvania,2016,White,Hispanic or Latino,42,2016,2106-3,2135-2,11381,observed,Suppressed,suppressed
Pennsylvania,2016,White,Not Hispanic or Latino,42,2016,2106-3,2186-5,94520,observed,54,observed
Pennsylvania,2016,White,Unknown or Not Stated,42,2016,2106-3,9,784,observed,Suppressed,suppressed
Pennsylvania,2017,American Indian or Alaska Native,Hispanic or Latino,42,2017,1002-5,2135-2,115,observed,0,zero
Pennsylvania,2017,American Indian or Alaska Native,Not Hispanic or Latino,42,2017,1002-5,2186-5,92,observed,0,zero
Pennsylvania,2017,American Indian or Alaska Native,Unknown or Not Stated,42,2017,1002-5,9,Suppressed,suppressed,0,zero
Pennsylvania,2017,Asian,Hispanic or Latino,42,2017,A,2135-2,577,observed,Suppressed,suppressed
Pennsylvania,2017,Asian,Not Hispanic or Latino,42,2017,A,2186-5,6401,observed,Suppressed,suppressed
Pennsylvania,2017,Asian,Unknown or Not Stated,42,2017,A,9,114,observed,0,zero
Pennsylvania,2017,Black or African American,Hispanic or Latino,42,2017,2054-5,2135-2,2894,observed,0,zero
Pennsylvania,2017,Black or African American,Not Hispanic or Latino,42,2017,2054-5,2186-5,18400,observed,Suppressed,suppressed
Pennsylvania,2017,Black or African American,Unknown or Not Stated,42,2017,2054-5,9,511,observed,0,zero
Pennsylvania,2017,More than one race,Hispanic or Latino,42,2017,M,2135-2,459,observed,Suppressed,suppressed
Pennsylvania,2017,More than one race,Not Hispanic or Latino,42,2017,M,2186-5,3270,observed,Suppressed,suppressed
Pennsylvania,2017,More than one race,Unknown or Not Stated,42,2017,M,9,36,observed,0,zero
Pennsylvania,2017,Native Hawaiian or Other Pacific Islander,Hispanic or Latino,42,2017,NHOPI,2135-2,131,observed,0,zero
Pennsylvania,2017,Native Hawaiian or Other Pacific Islander,Not Hispanic or Latino,42,2017,NHOPI,2186-5,43,observed,0,zero
Pennsylvania,2017,Native Hawaiian or Other Pacific Islander,Unknown or Not Stated,42,2017,NHOPI,9,Suppressed,suppressed,0,zero
Pennsylvania,2017,White,Hispanic or Latino,42,2017,2106-3,2135-2,11664,observed,Suppressed,suppressed
Pennsylvania,2017,White,Not Hispanic or Latino,42,2017,2106-3,2186-5,92297,observed,70,observed
Pennsylvania,2017,White,Unknown or Not Stated,42,2017,2106-3,9,734,observed,Suppressed,suppressed
Pennsylvania,2018,American Indian or Alaska Native,Hispanic or Latino,42,2018,1002-5,2135-2,244,observed,0,zero
Pennsylvania,2018,American Indian or Alaska Native,Not Hispanic or Latino,42,2018,1002-5,2186-5,74,observed,0,zero
Pennsylvania,2018,American Indian or Alaska Native,Unknown or Not Stated,42,2018,1002-5,9,Suppressed,suppressed,0,zero
Pennsylvania,2018,Asian,Hispanic or Latino,42,2018,A,2135-2,299,observed,0,zero
Pennsylvania,2018,Asian,Not Hispanic or Latino,42,2018,A,2186-5,6207,observed,Suppressed,suppressed
Pennsylvania,2018,Asian,Unknown or Not Stated,42,2018,A,9,138,observed,0,zero
Pennsylvania,2018,Black or African American,Hispanic or Latino,42,2018,2054-5,2135-2,3385,observed,Suppressed,suppressed
Pennsylvania,2018,Black or African American,Not Hispanic or Latino,42,2018,2054-5,2186-5,17779,observed,Suppressed,suppressed
Pennsylvania,2018,Black or African American,Unknown or Not Stated,42,2018,2054-5,9,701,observed,0,zero
Pennsylvania,2018,More than one race,Hispanic or Latino,42,2018,M,2135-2,475,observed,0,zero
Pennsylvania,2018,More than one race,Not Hispanic or Latino,42,2018,M,2186-5,3175,observed,Suppressed,suppressed
Pennsylvania,2018,More than one race,Unknown or Not Stated,42,2018,M,9,39,observed,0,zero
Pennsylvania,2018,Native Hawaiian or Other Pacific Islander,Hispanic or Latino,42,2018,NHOPI,2135-2,241,observed,0,zero
Pennsylvania,2018,Native Hawaiian or Other Pacific Islander,Not Hispanic or Latino,42,2018,NHOPI,2186-5,54,observed,0,zero
Pennsylvania,2018,Native Hawaiian or Other Pacific Islander,Unknown or Not Stated,42,2018,NHOPI,9,Suppressed,suppressed,0,zero
Pennsylvania,2018,White,Hispanic or Latino,42,2018,2106-3,2135-2,11182,observed,Suppressed,suppressed
Pennsylvania,2018,White,Not Hispanic or Latino,42,2018,2106-3,2186-5,90862,observed,47,observed
Pennsylvania,2018,White,Unknown or Not Stated,42,2018,2106-3,9,813,observed,Suppressed,suppressed
Pennsylvania,2019,American Indian or Alaska Native,Hispanic or Latino,42,2019,1002-5,2135-2,241,observed,Suppressed,suppressed
Pennsylvania,2019,American Indian or Alaska Native,Not Hispanic or Latino,42,2019,1002-5,2186-5,77,observed,0,zero
Pennsylvania,2019,American Indian or Alaska Native,Unknown or Not Stated,42,2019,1002-5,9,Suppressed,suppressed,0,zero
Pennsylvania,2019,Asian,Hispanic or Latino,42,2019,A,2135-2,268,observed,0,zero
Pennsylvania,2019,Asian,Not Hispanic or Latino,42,2019,A,2186-5,6214,observed,Suppressed,suppressed
Pennsylvania,2019,Asian,Unknown or Not Stated,42,2019,A,9,137,observed,0,zero
Pennsylvania,2019,Black or African American,Hispanic or Latino,42,2019,2054-5,2135-2,3766,observed,Suppressed,suppressed
Pennsylvania,2019,Black or African American,Not Hispanic or Latino,42,2019,2054-5,2186-5,17585,observed,Suppressed,suppressed
Pennsylvania,2019,Black or African American,Unknown or Not Stated,42,2019,2054-5,9,689,observed,0,zero
Pennsylvania,2019,More than one race,Hispanic or Latino,42,2019,M,2135-2,541,observed,Suppressed,suppressed
Pennsylvania,2019,More than one race,Not Hispanic or Latino,42,2019,M,2186-5,3184,observed,0,zero
Pennsylvania,2019,More than one race,Unknown or Not Stated,42,2019,M,9,48,observed,0,zero
Pennsylvania,2019,Native Hawaiian or Other Pacific Islander,Hispanic or Latino,42,2019,NHOPI,2135-2,218,observed,0,zero
Pennsylvania,2019,Native Hawaiian or Other Pacific Islander,Not Hispanic or Latino,42,2019,NHOPI,2186-5,42,observed,0,zero
Pennsylvania,2019,Native Hawaiian or Other Pacific Islander,Unknown or Not Stated,42,2019,NHOPI,9,Suppressed,suppressed,0,zero
Pennsylvania,2019,White,Hispanic or Latino,42,2019,2106-3,2135-2,11684,observed,Suppressed,suppressed
Pennsylvania,2019,White,Not Hispanic or Latino,42,2019,2106-3,2186-5,88710,observed,59,observed
Pennsylvania,2019,White,Unknown or Not Stated,42,2019,2106-3,9,817,observed,Suppressed,suppressed
Pennsylvania,2020,American Indian or Alaska Native,Hispanic or Latino,42,2020,1002-5,2135-2,265,observed,0,zero
Pennsylvania,2020,American Indian or Alaska Native,Not Hispanic or Latino,42,2020,1002-5,2186-5,83,observed,0,zero
Pennsylvania,2020,American Indian or Alaska Native,Unknown or Not Stated,42,2020,1002-5,9,10,observed,0,zero
Pennsylvania,2020,Asian,Hispanic or Latino,42,2020,A,2135-2,267,observed,0,zero
Pennsylvania,2020,Asian,Not Hispanic or Latino,42,2020,A,2186-5,6074,observed,Suppressed,suppressed
Pennsylvania,2020,Asian,Unknown or Not Stated,42,2020,A,9,121,observed,0,zero
Pennsylvania,2020,Black or African American,Hispanic or Latino,42,2020,2054-5,2135-2,3693,observed,Suppressed,suppressed
Pennsylvania,2020,Black or African American,Not Hispanic or Latino,42,2020,2054-5,2186-5,17118,observed,Suppressed,suppressed
Pennsylvania,2020,Black or African American,Unknown or Not Stated,42,2020,2054-5,9,652,observed,0,zero
Pennsylvania,2020,More than one race,Hispanic or Latino,42,2020,M,2135-2,655,observed,0,zero
Pennsylvania,2020,More than one race,Not Hispanic or Latino,42,2020,M,2186-5,3175,observed,Suppressed,suppressed
Pennsylvania,2020,More than one race,Unknown or Not Stated,42,2020,M,9,43,observed,0,zero
Pennsylvania,2020,Native Hawaiian or Other Pacific Islander,Hispanic or Latino,42,2020,NHOPI,2135-2,220,observed,Suppressed,suppressed
Pennsylvania,2020,Native Hawaiian or Other Pacific Islander,Not Hispanic or Latino,42,2020,NHOPI,2186-5,45,observed,0,zero
Pennsylvania,2020,Native Hawaiian or Other Pacific Islander,Unknown or Not Stated,42,2020,NHOPI,9,Suppressed,suppressed,0,zero
Pennsylvania,2020,White,Hispanic or Latino,42,2020,2106-3,2135-2,11641,observed,Suppressed,suppressed
Pennsylvania,2020,White,Not Hispanic or Latino,42,2020,2106-3,2186-5,85956,observed,44,observed
Pennsylvania,2020,White,Unknown or Not Stated,42,2020,2106-3,9,672,observed,Suppressed,suppressed
Pennsylvania,2021,American Indian or Alaska Native,Hispanic or Latino,42,2021,1002-5,2135-2,286,observed,0,zero
Pennsylvania,2021,American Indian or Alaska Native,Not Hispanic or Latino,42,2021,1002-5,2186-5,88,observed,0,zero
Pennsylvania,2021,American Indian or Alaska Native,Unknown or Not Stated,42,2021,1002-5,9,Suppressed,suppressed,0,zero
Pennsylvania,2021,Asian,Hispanic or Latino,42,2021,A,2135-2,270,observed,0,zero
Pennsylvania,2021,Asian,Not Hispanic or Latino,42,2021,A,2186-5,5980,observed,Suppressed,suppressed
Pennsylvania,2021,Asian,Unknown or Not Stated,42,2021,A,9,143,observed,0,zero
Pennsylvania,2021,Black or African American,Hispanic or Latino,42,2021,2054-5,2135-2,3822,observed,Suppressed,suppressed
Pennsylvania,2021,Black or African American,Not Hispanic or Latino,42,2021,2054-5,2186-5,16748,observed,Suppressed,suppressed
Pennsylvania,2021,Black or African American,Unknown or Not Stated,42,2021,2054-5,9,589,observed,0,zero
Pennsylvania,2021,More than one race,Hispanic or Latino,42,2021,M,2135-2,495,observed,0,zero
Pennsylvania,2021,More than one race,Not Hispanic or Latino,42,2021,M,2186-5,3000,observed,Suppressed,suppressed
Pennsylvania,2021,More than one race,Unknown or Not Stated,42,2021,M,9,30,observed,0,zero
Pennsylvania,2021,Native Hawaiian or Other Pacific Islander,Hispanic or Latino,42,2021,NHOPI,2135-2,271,observed,0,zero
Pennsylvania,2021,Native Hawaiian or Other Pacific Islander,Not Hispanic or Latino,42,2021,NHOPI,2186-5,44,observed,0,zero
Pennsylvania,2021,Native Hawaiian or Other Pacific Islander,Unknown or Not Stated,42,2021,NHOPI,9,Suppressed,suppressed,0,zero
Pennsylvania,2021,White,Hispanic or Latino,42,2021,2106-3,2135-2,12019,observed,Suppressed,suppressed
Pennsylvania,2021,White,Not Hispanic or Latino,42,2021,2106-3,2186-5,88168,observed,51,observed
Pennsylvania,2021,White,Unknown or Not Stated,42,2021,2106-3,9,664,observed,0,zero
Pennsylvania,2022,American Indian or Alaska Native,Hispanic or Latino,42,2022,1002-5,2135-2,332,observed,0,zero
Pennsylvania,2022,American Indian or Alaska Native,Not Hispanic or Latino,42,2022,1002-5,2186-5,162,observed,Suppressed,suppressed
Pennsylvania,2022,American Indian or Alaska Native,Unknown or Not Stated,42,2022,1002-5,9,Suppressed,suppressed,0,zero
Pennsylvania,2022,Asian,Hispanic or Latino,42,2022,A,2135-2,276,observed,0,zero
Pennsylvania,2022,Asian,Not Hispanic or Latino,42,2022,A,2186-5,6212,observed,Suppressed,suppressed
Pennsylvania,2022,Asian,Unknown or Not Stated,42,2022,A,9,135,observed,Suppressed,suppressed
Pennsylvania,2022,Black or African American,Hispanic or Latino,42,2022,2054-5,2135-2,4418,observed,Suppressed,suppressed
Pennsylvania,2022,Black or African American,Not Hispanic or Latino,42,2022,2054-5,2186-5,16616,observed,Suppressed,suppressed
Pennsylvania,2022,Black or African American,Unknown or Not Stated,42,2022,2054-5,9,569,observed,0,zero
Pennsylvania,2022,More than one race,Hispanic or Latino,42,2022,M,2135-2,404,observed,0,zero
Pennsylvania,2022,More than one race,Not Hispanic or Latino,42,2022,M,2186-5,2548,observed,Suppressed,suppressed
Pennsylvania,2022,More than one race,Unknown or Not Stated,42,2022,M,9,34,observed,0,zero
Pennsylvania,2022,Native Hawaiian or Other Pacific Islander,Hispanic or Latino,42,2022,NHOPI,2135-2,255,observed,Suppressed,suppressed
Pennsylvania,2022,Native Hawaiian or Other Pacific Islander,Not Hispanic or Latino,42,2022,NHOPI,2186-5,40,observed,0,zero
Pennsylvania,2022,Native Hawaiian or Other Pacific Islander,Unknown or Not Stated,42,2022,NHOPI,9,Suppressed,suppressed,0,zero
Pennsylvania,2022,White,Hispanic or Latino,42,2022,2106-3,2135-2,12433,observed,10,observed
Pennsylvania,2022,White,Not Hispanic or Latino,42,2022,2106-3,2186-5,85031,observed,61,observed
Pennsylvania,2022,White,Unknown or Not Stated,42,2022,2106-3,9,779,observed,Suppressed,suppressed
Pennsylvania,2023,American Indian or Alaska Native,Hispanic or Latino,42,2023,1002-5,2135-2,394,observed,Suppressed,suppressed
Pennsylvania,2023,American Indian or Alaska Native,Not Hispanic or Latino,42,2023,1002-5,2186-5,141,observed,0,zero
Pennsylvania,2023,American Indian or Alaska Native,Unknown or Not Stated,42,2023,1002-5,9,Suppressed,suppressed,0,zero
Pennsylvania,2023,Asian,Hispanic or Latino,42,2023,A,2135-2,312,observed,0,zero
Pennsylvania,2023,Asian,Not Hispanic or Latino,42,2023,A,2186-5,6028,observed,Suppressed,suppressed
Pennsylvania,2023,Asian,Unknown or Not Stated,42,2023,A,9,162,observed,0,zero
Pennsylvania,2023,Black or African American,Hispanic or Latino,42,2023,2054-5,2135-2,4357,observed,Suppressed,suppressed
Pennsylvania,2023,Black or African American,Not Hispanic or Latino,42,2023,2054-5,2186-5,15766,observed,10,observed
Pennsylvania,2023,Black or African American,Unknown or Not Stated,42,2023,2054-5,9,458,observed,0,zero
Pennsylvania,2023,More than one race,Hispanic or Latino,42,2023,M,2135-2,463,observed,0,zero
Pennsylvania,2023,More than one race,Not Hispanic or Latino,42,2023,M,2186-5,2687,observed,Suppressed,suppressed
Pennsylvania,2023,More than one race,Unknown or Not Stated,42,2023,M,9,33,observed,0,zero
Pennsylvania,2023,Native Hawaiian or Other Pacific Islander,Hispanic or Latino,42,2023,NHOPI,2135-2,248,observed,Suppressed,suppressed
Pennsylvania,2023,Native Hawaiian or Other Pacific Islander,Not Hispanic or Latino,42,2023,NHOPI,2186-5,42,observed,0,zero
Pennsylvania,2023,Native Hawaiian or Other Pacific Islander,Unknown or Not Stated,42,2023,NHOPI,9,Suppressed,suppressed,0,zero
Pennsylvania,2023,White,Hispanic or Latino,42,2023,2106-3,2135-2,12731,observed,12,observed
Pennsylvania,2023,White,Not Hispanic or Latino,42,2023,2106-3,2186-5,82284,observed,63,observed
Pennsylvania,2023,White,Unknown or Not Stated,42,2023,2106-3,9,836,observed,0,zero
Pennsylvania,2024,American Indian or Alaska Native,Hispanic or Latino,42,2024,1002-5,2135-2,407,observed,0,zero
Pennsylvania,2024,American Indian or Alaska Native,Not Hispanic or Latino,42,2024,1002-5,2186-5,154,observed,0,zero
Pennsylvania,2024,American Indian or Alaska Native,Unknown or Not Stated,42,2024,1002-5,9,Suppressed,suppressed,0,zero
Pennsylvania,2024,Asian,Hispanic or Latino,42,2024,A,2135-2,316,observed,Suppressed,suppressed
Pennsylvania,2024,Asian,Not Hispanic or Latino,42,2024,A,2186-5,6305,observed,Suppressed,suppressed
Pennsylvania,2024,Asian,Unknown or Not Stated,42,2024,A,9,170,observed,0,zero
Pennsylvania,2024,Black or African American,Hispanic or Latino,42,2024,2054-5,2135-2,4694,observed,Suppressed,suppressed
Pennsylvania,2024,Black or African American,Not Hispanic or Latino,42,2024,2054-5,2186-5,15073,observed,10,observed
Pennsylvania,2024,Black or African American,Unknown or Not Stated,42,2024,2054-5,9,492,observed,0,zero
Pennsylvania,2024,More than one race,Hispanic or Latino,42,2024,M,2135-2,434,observed,Suppressed,suppressed
Pennsylvania,2024,More than one race,Not Hispanic or Latino,42,2024,M,2186-5,2765,observed,0,zero
Pennsylvania,2024,More than one race,Unknown or Not Stated,42,2024,M,9,36,observed,0,zero
Pennsylvania,2024,Native Hawaiian or Other Pacific Islander,Hispanic or Latino,42,2024,NHOPI,2135-2,180,observed,0,zero
Pennsylvania,2024,Native Hawaiian or Other Pacific Islander,Not Hispanic or Latino,42,2024,NHOPI,2186-5,41,observed,0,zero
Pennsylvania,2024,Native Hawaiian or Other Pacific Islander,Unknown or Not Stated,42,2024,NHOPI,9,Suppressed,suppressed,0,zero
Pennsylvania,2024,White,Hispanic or Latino,42,2024,2106-3,2135-2,13671,observed,15,observed
Pennsylvania,2024,White,Not Hispanic or Latino,42,2024,2106-3,2186-5,81773,observed,55,observed
Pennsylvania,2024,White,Unknown or Not Stated,42,2024,2106-3,9,781,observed,Suppressed,suppressed
Rhode Island,2016,American Indian or Alaska Native,Hispanic or Latino,44,2016,1002-5,2135-2,33,observed,0,zero
Rhode Island,2016,American Indian or Alaska Native,Not Hispanic or Latino,44,2016,1002-5,2186-5,63,observed,0,zero
Rhode Island,2016,Asian,Hispanic or Latino,44,2016,A,2135-2,119,observed,0,zero
Rhode Island,2016,Asian,Not Hispanic or Latino,44,2016,A,2186-5,565,observed,0,zero
Rhode Island,2016,Asian,Unknown or Not Stated,44,2016,A,9,Suppressed,suppressed,0,zero
Rhode Island,2016,Black or African American,Hispanic or Latino,44,2016,2054-5,2135-2,400,observed,Suppressed,suppressed
Rhode Island,2016,Black or African American,Not Hispanic or Latino,44,2016,2054-5,2186-5,784,observed,Suppressed,suppressed
Rhode Island,2016,Black or African American,Unknown or Not Stated,44,2016,2054-5,9,11,observed,0,zero
Rhode Island,2016,More than one race,Hispanic or Latino,44,2016,M,2135-2,54,observed,0,zero
Rhode Island,2016,More than one race,Not Hispanic or Latino,44,2016,M,2186-5,289,observed,0,zero
Rhode Island,2016,Native Hawaiian or Other Pacific Islander,Hispanic or Latino,44,2016,NHOPI,2135-2,Suppressed,suppressed,0,zero
Rhode Island,2016,Native Hawaiian or Other Pacific Islander,Not Hispanic or Latino,44,2016,NHOPI,2186-5,Suppressed,suppressed,0,zero
Rhode Island,2016,White,Hispanic or Latino,44,2016,2106-3,2135-2,2069,observed,Suppressed,suppressed
Rhode Island,2016,White,Not Hispanic or Latino,44,2016,2106-3,2186-5,6338,observed,Suppressed,suppressed
Rhode Island,2016,White,Unknown or Not Stated,44,2016,2106-3,9,59,observed,0,zero
Rhode Island,2017,American Indian or Alaska Native,Hispanic or Latino,44,2017,1002-5,2135-2,48,observed,0,zero
Rhode Island,2017,American Indian or Alaska Native,Not Hispanic or Latino,44,2017,1002-5,2186-5,44,observed,0,zero
Rhode Island,2017,American Indian or Alaska Native,Unknown or Not Stated,44,2017,1002-5,9,Suppressed,suppressed,0,zero
Rhode Island,2017,Asian,Hispanic or Latino,44,2017,A,2135-2,108,observed,0,zero
Rhode Island,2017,Asian,Not Hispanic or Latino,44,2017,A,2186-5,542,observed,Suppressed,suppressed
Rhode Island,2017,Asian,Unknown or Not Stated,44,2017,A,9,10,observed,0,zero
Rhode Island,2017,Black or African American,Hispanic or Latino,44,2017,2054-5,2135-2,378,observed,0,zero
Rhode Island,2017,Black or African American,Not Hispanic or Latino,44,2017,2054-5,2186-5,776,observed,Suppressed,suppressed
Rhode Island,2017,Black or African American,Unknown or Not Stated,44,2017,2054-5,9,11,observed,0,zero
Rhode Island,2017,More than one race,Hispanic or Latino,44,2017,M,2135-2,64,observed,0,zero
Rhode Island,2017,More than one race,Not Hispanic or Latino,44,2017,M,2186-5,273,observed,0,zero
Rhode Island,2017,Native Hawaiian or Other Pacific Islander,Hispanic or Latino,44,2017,NHOPI,2135-2,11,observed,0,zero
Rhode Island,2017,Native Hawaiian or Other Pacific Islander,Not Hispanic or Latino,44,2017,NHOPI,2186-5,Suppressed,suppressed,0,zero
Rhode Island,2017,White,Hispanic or Latino,44,2017,2106-3,2135-2,2151,observed,0,zero
Rhode Island,2017,White,Not Hispanic or Latino,44,2017,2106-3,2186-5,6142,observed,Suppressed,suppressed
Rhode Island,2017,White,Unknown or Not Stated,44,2017,2106-3,9,71,observed,0,zero
Rhode Island,2018,American Indian or Alaska Native,Hispanic or Latino,44,2018,1002-5,2135-2,57,observed,0,zero
Rhode Island,2018,American Indian or Alaska Native,Not Hispanic or Latino,44,2018,1002-5,2186-5,36,observed,0,zero
Rhode Island,2018,American Indian or Alaska Native,Unknown or Not Stated,44,2018,1002-5,9,Suppressed,suppressed,0,zero
Rhode Island,2018,Asian,Hispanic or Latino,44,2018,A,2135-2,41,observed,0,zero
Rhode Island,2018,Asian,Not Hispanic or Latino,44,2018,A,2186-5,519,observed,0,zero
Rhode Island,2018,Asian,Unknown or Not Stated,44,2018,A,9,12,observed,0,zero
Rhode Island,2018,Black or African American,Hispanic or Latino,44,2018,2054-5,2135-2,565,observed,Suppressed,suppressed
Rhode Island,2018,Black or African American,Not Hispanic or Latino,44,2018,2054-5,2186-5,783,observed,Suppressed,suppressed
Rhode Island,2018,Black or African American,Unknown or Not Stated,44,2018,2054-5,9,Suppressed,suppressed,0,zero
Rhode Island,2018,More than one race,Hispanic or Latino,44,2018,M,2135-2,58,observed,0,zero
Rhode Island,2018,More than one race,Not Hispanic or Latino,44,2018,M,2186-5,318,observed,0,zero
Rhode Island,2018,More than one race,Unknown or Not Stated,44,2018,M,9,Suppressed,suppressed,0,zero
Rhode Island,2018,Native Hawaiian or Other Pacific Islander,Hispanic or Latino,44,2018,NHOPI,2135-2,35,observed,0,zero
Rhode Island,2018,Native Hawaiian or Other Pacific Islander,Not Hispanic or Latino,44,2018,NHOPI,2186-5,Suppressed,suppressed,0,zero
Rhode Island,2018,White,Hispanic or Latino,44,2018,2106-3,2135-2,2000,observed,Suppressed,suppressed
Rhode Island,2018,White,Not Hispanic or Latino,44,2018,2106-3,2186-5,6008,observed,Suppressed,suppressed
Rhode Island,2018,White,Unknown or Not Stated,44,2018,2106-3,9,58,observed,0,zero
Rhode Island,2019,American Indian or Alaska Native,Hispanic or Latino,44,2019,1002-5,2135-2,70,observed,0,zero
Rhode Island,2019,American Indian or Alaska Native,Not Hispanic or Latino,44,2019,1002-5,2186-5,42,observed,0,zero
Rhode Island,2019,American Indian or Alaska Native,Unknown or Not Stated,44,2019,1002-5,9,Suppressed,suppressed,0,zero
Rhode Island,2019,Asian,Hispanic or Latino,44,2019,A,2135-2,67,observed,0,zero
Rhode Island,2019,Asian,Not Hispanic or Latino,44,2019,A,2186-5,496,observed,0,zero
Rhode Island,2019,Asian,Unknown or Not Stated,44,2019,A,9,Suppressed,suppressed,0,zero
Rhode Island,2019,Black or African American,Hispanic or Latino,44,2019,2054-5,2135-2,545,observed,0,zero
Rhode Island,2019,Black or African American,Not Hispanic or Latino,44,2019,2054-5,2186-5,836,observed,Suppressed,suppressed
Rhode Island,2019,Black or African American,Unknown or Not Stated,44,2019,2054-5,9,Suppressed,suppressed,0,zero
Rhode Island,2019,More than one race,Hispanic or Latino,44,2019,M,2135-2,63,observed,0,zero
Rhode Island,2019,More than one race,Not Hispanic or Latino,44,2019,M,2186-5,273,observed,0,zero
Rhode Island,2019,More than one race,Unknown or Not Stated,44,2019,M,9,Suppressed,suppressed,0,zero
Rhode Island,2019,Native Hawaiian or Other Pacific Islander,Hispanic or Latino,44,2019,NHOPI,2135-2,43,observed,0,zero
Rhode Island,2019,Native Hawaiian or Other Pacific Islander,Not Hispanic or Latino,44,2019,NHOPI,2186-5,Suppressed,suppressed,0,zero
Rhode Island,2019,White,Hispanic or Latino,44,2019,2106-3,2135-2,2133,observed,0,zero
Rhode Island,2019,White,Not Hispanic or Latino,44,2019,2106-3,2186-5,5564,observed,Suppressed,suppressed
Rhode Island,2019,White,Unknown or Not Stated,44,2019,2106-3,9,30,observed,0,zero
Rhode Island,2020,American Indian or Alaska Native,Hispanic or Latino,44,2020,1002-5,2135-2,72,observed,0,zero
Rhode Island,2020,American Indian or Alaska Native,Not Hispanic or Latino,44,2020,1002-5,2186-5,36,observed,0,zero
Rhode Island,2020,American Indian or Alaska Native,Unknown or Not Stated,44,2020,1002-5,9,Suppressed,suppressed,0,zero
Rhode Island,2020,Asian,Hispanic or Latino,44,2020,A,2135-2,38,observed,0,zero
Rhode Island,2020,Asian,Not Hispanic or Latino,44,2020,A,2186-5,476,observed,Suppressed,suppressed
Rhode Island,2020,Asian,Unknown or Not Stated,44,2020,A,9,Suppressed,suppressed,0,zero
Rhode Island,2020,Black or African American,Hispanic or Latino,44,2020,2054-5,2135-2,594,observed,0,zero
Rhode Island,2020,Black or African American,Not Hispanic or Latino,44,2020,2054-5,2186-5,805,observed,Suppressed,suppressed
Rhode Island,2020,Black or African American,Unknown or Not Stated,44,2020,2054-5,9,13,observed,0,zero
Rhode Island,2020,More than one race,Hispanic or Latino,44,2020,M,2135-2,71,observed,0,zero
Rhode Island,2020,More than one race,Not Hispanic or Latino,44,2020,M,2186-5,297,observed,0,zero
Rhode Island,2020,Native Hawaiian or Other Pacific Islander,Hispanic or Latino,44,2020,NHOPI,2135-2,Suppressed,suppressed,0,zero
Rhode Island,2020,Native Hawaiian or Other Pacific Islander,Not Hispanic or Latino,44,2020,NHOPI,2186-5,Suppressed,suppressed,0,zero
Rhode Island,2020,White,Hispanic or Latino,44,2020,2106-3,2135-2,2144,observed,Suppressed,suppressed
Rhode Island,2020,White,Not Hispanic or Latino,44,2020,2106-3,2186-5,5495,observed,Suppressed,suppressed
Rhode Island,2020,White,Unknown or Not Stated,44,2020,2106-3,9,45,observed,0,zero
Rhode Island,2021,American Indian or Alaska Native,Hispanic or Latino,44,2021,1002-5,2135-2,65,observed,0,zero
Rhode Island,2021,American Indian or Alaska Native,Not Hispanic or Latino,44,2021,1002-5,2186-5,35,observed,0,zero
Rhode Island,2021,Asian,Hispanic or Latino,44,2021,A,2135-2,37,observed,0,zero
Rhode Island,2021,Asian,Not Hispanic or Latino,44,2021,A,2186-5,463,observed,0,zero
Rhode Island,2021,Asian,Unknown or Not Stated,44,2021,A,9,Suppressed,suppressed,0,zero
Rhode Island,2021,Black or African American,Hispanic or Latino,44,2021,2054-5,2135-2,727,observed,Suppressed,suppressed
Rhode Island,2021,Black or African American,Not Hispanic or Latino,44,2021,2054-5,2186-5,839,observed,Suppressed,suppressed
Rhode Island,2021,Black or African American,Unknown or Not Stated,44,2021,2054-5,9,Suppressed,suppressed,0,zero
Rhode Island,2021,More than one race,Hispanic or Latino,44,2021,M,2135-2,56,observed,0,zero
Rhode Island,2021,More than one race,Not Hispanic or Latino,44,2021,M,2186-5,302,observed,0,zero
Rhode Island,2021,Native Hawaiian or Other Pacific Islander,Hispanic or Latino,44,2021,NHOPI,2135-2,17,observed,0,zero
Rhode Island,2021,Native Hawaiian or Other Pacific Islander,Not Hispanic or Latino,44,2021,NHOPI,2186-5,Suppressed,suppressed,0,zero
Rhode Island,2021,White,Hispanic or Latino,44,2021,2106-3,2135-2,2029,observed,0,zero
Rhode Island,2021,White,Not Hispanic or Latino,44,2021,2106-3,2186-5,5871,observed,Suppressed,suppressed
Rhode Island,2021,White,Unknown or Not Stated,44,2021,2106-3,9,18,observed,0,zero
Rhode Island,2022,American Indian or Alaska Native,Hispanic or Latino,44,2022,1002-5,2135-2,70,observed,0,zero
Rhode Island,2022,American Indian or Alaska Native,Not Hispanic or Latino,44,2022,1002-5,2186-5,38,observed,0,zero
Rhode Island,2022,Asian,Hispanic or Latino,44,2022,A,2135-2,56,observed,Suppressed,suppressed
Rhode Island,2022,Asian,Not Hispanic or Latino,44,2022,A,2186-5,418,observed,0,zero
Rhode Island,2022,Asian,Unknown or Not Stated,44,2022,A,9,Suppressed,suppressed,0,zero
Rhode Island,2022,Black or African American,Hispanic or Latino,44,2022,2054-5,2135-2,703,observed,0,zero
Rhode Island,2022,Black or African American,Not Hispanic or Latino,44,2022,2054-5,2186-5,842,observed,0,zero
Rhode Island,2022,Black or African American,Unknown or Not Stated,44,2022,2054-5,9,Suppressed,suppressed,0,zero
Rhode Island,2022,More than one race,Hispanic or Latino,44,2022,M,2135-2,70,observed,0,zero
Rhode Island,2022,More than one race,Not Hispanic or Latino,44,2022,M,2186-5,270,observed,0,zero
Rhode Island,2022,More than one race,Unknown or Not Stated,44,2022,M,9,Suppressed,suppressed,0,zero
Rhode Island,2022,Native Hawaiian or Other Pacific Islander,Hispanic or Latino,44,2022,NHOPI,2135-2,41,observed,0,zero
Rhode Island,2022,Native Hawaiian or Other Pacific Islander,Not Hispanic or Latino,44,2022,NHOPI,2186-5,Suppressed,suppressed,0,zero
Rhode Island,2022,White,Hispanic or Latino,44,2022,2106-3,2135-2,2025,observed,Suppressed,suppressed
Rhode Island,2022,White,Not Hispanic or Latino,44,2022,2106-3,2186-5,5673,observed,Suppressed,suppressed
Rhode Island,2022,White,Unknown or Not Stated,44,2022,2106-3,9,48,observed,0,zero
Rhode Island,2023,American Indian or Alaska Native,Hispanic or Latino,44,2023,1002-5,2135-2,114,observed,0,zero
Rhode Island,2023,American Indian or Alaska Native,Not Hispanic or Latino,44,2023,1002-5,2186-5,27,observed,0,zero
Rhode Island,2023,Asian,Hispanic or Latino,44,2023,A,2135-2,37,observed,0,zero
Rhode Island,2023,Asian,Not Hispanic or Latino,44,2023,A,2186-5,393,observed,0,zero
Rhode Island,2023,Asian,Unknown or Not Stated,44,2023,A,9,Suppressed,suppressed,0,zero
Rhode Island,2023,Black or African American,Hispanic or Latino,44,2023,2054-5,2135-2,677,observed,0,zero
Rhode Island,2023,Black or African American,Not Hispanic or Latino,44,2023,2054-5,2186-5,797,observed,Suppressed,suppressed
Rhode Island,2023,Black or African American,Unknown or Not Stated,44,2023,2054-5,9,Suppressed,suppressed,0,zero
Rhode Island,2023,More than one race,Hispanic or Latino,44,2023,M,2135-2,71,observed,0,zero
Rhode Island,2023,More than one race,Not Hispanic or Latino,44,2023,M,2186-5,273,observed,0,zero
Rhode Island,2023,More than one race,Unknown or Not Stated,44,2023,M,9,Suppressed,suppressed,0,zero
Rhode Island,2023,Native Hawaiian or Other Pacific Islander,Hispanic or Latino,44,2023,NHOPI,2135-2,53,observed,0,zero
Rhode Island,2023,Native Hawaiian or Other Pacific Islander,Not Hispanic or Latino,44,2023,NHOPI,2186-5,Suppressed,suppressed,0,zero
Rhode Island,2023,White,Hispanic or Latino,44,2023,2106-3,2135-2,2056,observed,0,zero
Rhode Island,2023,White,Not Hispanic or Latino,44,2023,2106-3,2186-5,5266,observed,Suppressed,suppressed
Rhode Island,2023,White,Unknown or Not Stated,44,2023,2106-3,9,26,observed,0,zero
Rhode Island,2024,American Indian or Alaska Native,Hispanic or Latino,44,2024,1002-5,2135-2,75,observed,Suppressed,suppressed
Rhode Island,2024,American Indian or Alaska Native,Not Hispanic or Latino,44,2024,1002-5,2186-5,31,observed,0,zero
Rhode Island,2024,Asian,Hispanic or Latino,44,2024,A,2135-2,48,observed,0,zero
Rhode Island,2024,Asian,Not Hispanic or Latino,44,2024,A,2186-5,420,observed,0,zero
Rhode Island,2024,Asian,Unknown or Not Stated,44,2024,A,9,Suppressed,suppressed,0,zero
Rhode Island,2024,Black or African American,Hispanic or Latino,44,2024,2054-5,2135-2,618,observed,Suppressed,suppressed
Rhode Island,2024,Black or African American,Not Hispanic or Latino,44,2024,2054-5,2186-5,708,observed,Suppressed,suppressed
Rhode Island,2024,Black or African American,Unknown or Not Stated,44,2024,2054-5,9,Suppressed,suppressed,0,zero
Rhode Island,2024,More than one race,Hispanic or Latino,44,2024,M,2135-2,87,observed,Suppressed,suppressed
Rhode Island,2024,More than one race,Not Hispanic or Latino,44,2024,M,2186-5,280,observed,0,zero
Rhode Island,2024,More than one race,Unknown or Not Stated,44,2024,M,9,Suppressed,suppressed,0,zero
Rhode Island,2024,Native Hawaiian or Other Pacific Islander,Hispanic or Latino,44,2024,NHOPI,2135-2,31,observed,Suppressed,suppressed
Rhode Island,2024,Native Hawaiian or Other Pacific Islander,Not Hispanic or Latino,44,2024,NHOPI,2186-5,Suppressed,suppressed,0,zero
Rhode Island,2024,Native Hawaiian or Other Pacific Islander,Unknown or Not Stated,44,2024,NHOPI,9,Suppressed,suppressed,0,zero
Rhode Island,2024,White,Hispanic or Latino,44,2024,2106-3,2135-2,2229,observed,0,zero
Rhode Island,2024,White,Not Hispanic or Latino,44,2024,2106-3,2186-5,5429,observed,Suppressed,suppressed
Rhode Island,2024,White,Unknown or Not Stated,44,2024,2106-3,9,33,observed,0,zero
South Carolina,2016,American Indian or Alaska Native,Hispanic or Latino,45,2016,1002-5,2135-2,35,observed,0,zero
South Carolina,2016,American Indian or Alaska Native,Not Hispanic or Latino,45,2016,1002-5,2186-5,151,observed,0,zero
South Carolina,2016,American Indian or Alaska Native,Unknown or Not Stated,45,2016,1002-5,9,Suppressed,suppressed,0,zero
South Carolina,2016,Asian,Hispanic or Latino,45,2016,A,2135-2,99,observed,0,zero
South Carolina,2016,Asian,Not Hispanic or Latino,45,2016,A,2186-5,1134,observed,Suppressed,suppressed
South Carolina,2016,Asian,Unknown or Not Stated,45,2016,A,9,Suppressed,suppressed,0,zero
South Carolina,2016,Black or African American,Hispanic or Latino,45,2016,2054-5,2135-2,1156,observed,Suppressed,suppressed
South Carolina,2016,Black or African American,Not Hispanic or Latino,45,2016,2054-5,2186-5,16527,observed,Suppressed,suppressed
South Carolina,2016,Black or African American,Unknown or Not Stated,45,2016,2054-5,9,76,observed,0,zero
South Carolina,2016,More than one race,Hispanic or Latino,45,2016,M,2135-2,75,observed,0,zero
South Carolina,2016,More than one race,Not Hispanic or Latino,45,2016,M,2186-5,1253,observed,0,zero
South Carolina,2016,More than one race,Unknown or Not Stated,45,2016,M,9,Suppressed,suppressed,0,zero
South Carolina,2016,Native Hawaiian or Other Pacific Islander,Hispanic or Latino,45,2016,NHOPI,2135-2,15,observed,0,zero
South Carolina,2016,Native Hawaiian or Other Pacific Islander,Not Hispanic or Latino,45,2016,NHOPI,2186-5,52,observed,0,zero
South Carolina,2016,Native Hawaiian or Other Pacific Islander,Unknown or Not Stated,45,2016,NHOPI,9,Suppressed,suppressed,0,zero
South Carolina,2016,White,Hispanic or Latino,45,2016,2106-3,2135-2,3755,observed,Suppressed,suppressed
South Carolina,2016,White,Not Hispanic or Latino,45,2016,2106-3,2186-5,32929,observed,26,observed
South Carolina,2016,White,Unknown or Not Stated,45,2016,2106-3,9,75,observed,0,zero
South Carolina,2017,American Indian or Alaska Native,Hispanic or Latino,45,2017,1002-5,2135-2,35,observed,0,zero
South Carolina,2017,American Indian or Alaska Native,Not Hispanic or Latino,45,2017,1002-5,2186-5,138,observed,0,zero
South Carolina,2017,American Indian or Alaska Native,Unknown or Not Stated,45,2017,1002-5,9,Suppressed,suppressed,0,zero
South Carolina,2017,Asian,Hispanic or Latino,45,2017,A,2135-2,87,observed,Suppressed,suppressed
South Carolina,2017,Asian,Not Hispanic or Latino,45,2017,A,2186-5,1125,observed,Suppressed,suppressed
South Carolina,2017,Asian,Unknown or Not Stated,45,2017,A,9,Suppressed,suppressed,0,zero
South Carolina,2017,Black or African American,Hispanic or Latino,45,2017,2054-5,2135-2,1252,observed,Suppressed,suppressed
South Carolina,2017,Black or African American,Not Hispanic or Latino,45,2017,2054-5,2186-5,16851,observed,11,observed
South Carolina,2017,Black or African American,Unknown or Not Stated,45,2017,2054-5,9,52,observed,0,zero
South Carolina,2017,More than one race,Hispanic or Latino,45,2017,M,2135-2,88,observed,0,zero
South Carolina,2017,More than one race,Not Hispanic or Latino,45,2017,M,2186-5,1241,observed,Suppressed,suppressed
South Carolina,2017,More than one race,Unknown or Not Stated,45,2017,M,9,Suppressed,suppressed,0,zero
South Carolina,2017,Native Hawaiian or Other Pacific Islander,Hispanic or Latino,45,2017,NHOPI,2135-2,22,observed,0,zero
South Carolina,2017,Native Hawaiian or Other Pacific Islander,Not Hispanic or Latino,45,2017,NHOPI,2186-5,45,observed,0,zero
South Carolina,2017,White,Hispanic or Latino,45,2017,2106-3,2135-2,3737,observed,Suppressed,suppressed
South Carolina,2017,White,Not Hispanic or Latino,45,2017,2106-3,2186-5,32283,observed,17,observed
South Carolina,2017,White,Unknown or Not Stated,45,2017,2106-3,9,61,observed,Suppressed,suppressed
South Carolina,2018,American Indian or Alaska Native,Hispanic or Latino,45,2018,1002-5,2135-2,47,observed,0,zero
South Carolina,2018,American Indian or Alaska Native,Not Hispanic or Latino,45,2018,1002-5,2186-5,106,observed,0,zero
South Carolina,2018,American Indian or Alaska Native,Unknown or Not Stated,45,2018,1002-5,9,Suppressed,suppressed,0,zero
South Carolina,2018,Asian,Hispanic or Latino,45,2018,A,2135-2,75,observed,0,zero
South Carolina,2018,Asian,Not Hispanic or Latino,45,2018,A,2186-5,1172,observed,Suppressed,suppressed
South Carolina,2018,Asian,Unknown or Not Stated,45,2018,A,9,Suppressed,suppressed,0,zero
South Carolina,2018,Black or African American,Hispanic or Latino,45,2018,2054-5,2135-2,713,observed,Suppressed,suppressed
South Carolina,2018,Black or African American,Not Hispanic or Latino,45,2018,2054-5,2186-5,16681,observed,Suppressed,suppressed
South Carolina,2018,Black or African American,Unknown or Not Stated,45,2018,2054-5,9,58,observed,0,zero
South Carolina,2018,More than one race,Hispanic or Latino,45,2018,M,2135-2,91,observed,0,zero
South Carolina,2018,More than one race,Not Hispanic or Latino,45,2018,M,2186-5,1390,observed,Suppressed,suppressed
South Carolina,2018,Native Hawaiian or Other Pacific Islander,Hispanic or Latino,45,2018,NHOPI,2135-2,23,observed,0,zero
South Carolina,2018,Native Hawaiian or Other Pacific Islander,Not Hispanic or Latino,45,2018,NHOPI,2186-5,50,observed,0,zero
South Carolina,2018,White,Hispanic or Latino,45,2018,2106-3,2135-2,4306,observed,Suppressed,suppressed
South Carolina,2018,White,Not Hispanic or Latino,45,2018,2106-3,2186-5,31890,observed,17,observed
South Carolina,2018,White,Unknown or Not Stated,45,2018,2106-3,9,62,observed,0,zero
South Carolina,2019,American Indian or Alaska Native,Hispanic or Latino,45,2019,1002-5,2135-2,63,observed,0,zero
South Carolina,2019,American Indian or Alaska Native,Not Hispanic or Latino,45,2019,1002-5,2186-5,118,observed,0,zero
South Carolina,2019,Asian,Hispanic or Latino,45,2019,A,2135-2,85,observed,0,zero
South Carolina,2019,Asian,Not Hispanic or Latino,45,2019,A,2186-5,1155,observed,0,zero
South Carolina,2019,Asian,Unknown or Not Stated,45,2019,A,9,Suppressed,suppressed,0,zero
South Carolina,2019,Black or African American,Hispanic or Latino,45,2019,2054-5,2135-2,814,observed,Suppressed,suppressed
South Carolina,2019,Black or African American,Not Hispanic or Latino,45,2019,2054-5,2186-5,16802,observed,11,observed
South Carolina,2019,Black or African American,Unknown or Not Stated,45,2019,2054-5,9,54,observed,0,zero
South Carolina,2019,More than one race,Hispanic or Latino,45,2019,M,2135-2,105,observed,0,zero
South Carolina,2019,More than one race,Not Hispanic or Latino,45,2019,M,2186-5,1357,observed,Suppressed,suppressed
South Carolina,2019,More than one race,Unknown or Not Stated,45,2019,M,9,Suppressed,suppressed,0,zero
South Carolina,2019,Native Hawaiian or Other Pacific Islander,Hispanic or Latino,45,2019,NHOPI,2135-2,23,observed,0,zero
South Carolina,2019,Native Hawaiian or Other Pacific Islander,Not Hispanic or Latino,45,2019,NHOPI,2186-5,58,observed,0,zero
South Carolina,2019,Native Hawaiian or Other Pacific Islander,Unknown or Not Stated,45,2019,NHOPI,9,Suppressed,suppressed,0,zero
South Carolina,2019,White,Hispanic or Latino,45,2019,2106-3,2135-2,4651,observed,Suppressed,suppressed
South Carolina,2019,White,Not Hispanic or Latino,45,2019,2106-3,2186-5,31660,observed,21,observed
South Carolina,2019,White,Unknown or Not Stated,45,2019,2106-3,9,86,observed,Suppressed,suppressed
South Carolina,2020,American Indian or Alaska Native,Hispanic or Latino,45,2020,1002-5,2135-2,94,observed,0,zero
South Carolina,2020,American Indian or Alaska Native,Not Hispanic or Latino,45,2020,1002-5,2186-5,106,observed,0,zero
South Carolina,2020,Asian,Hispanic or Latino,45,2020,A,2135-2,89,observed,0,zero
South Carolina,2020,Asian,Not Hispanic or Latino,45,2020,A,2186-5,1148,observed,0,zero
South Carolina,2020,Asian,Unknown or Not Stated,45,2020,A,9,Suppressed,suppressed,0,zero
South Carolina,2020,Black or African American,Hispanic or Latino,45,2020,2054-5,2135-2,869,observed,0,zero
South Carolina,2020,Black or African American,Not Hispanic or Latino,45,2020,2054-5,2186-5,16309,observed,Suppressed,suppressed
South Carolina,2020,Black or African American,Unknown or Not Stated,45,2020,2054-5,9,45,observed,0,zero
South Carolina,2020,More than one race,Hispanic or Latino,45,2020,M,2135-2,134,observed,0,zero
South Carolina,2020,More than one race,Not Hispanic or Latino,45,2020,M,2186-5,1483,observed,0,zero
South Carolina,2020,Native Hawaiian or Other Pacific Islander,Hispanic or Latino,45,2020,NHOPI,2135-2,59,observed,0,zero
South Carolina,2020,Native Hawaiian or Other Pacific Islander,Not Hispanic or Latino,45,2020,NHOPI,2186-5,62,observed,0,zero
South Carolina,2020,Native Hawaiian or Other Pacific Islander,Unknown or Not Stated,45,2020,NHOPI,9,Suppressed,suppressed,0,zero
South Carolina,2020,White,Hispanic or Latino,45,2020,2106-3,2135-2,4748,observed,Suppressed,suppressed
South Carolina,2020,White,Not Hispanic or Latino,45,2020,2106-3,2186-5,30465,observed,23,observed
South Carolina,2020,White,Unknown or Not Stated,45,2020,2106-3,9,89,observed,0,zero
South Carolina,2021,American Indian or Alaska Native,Hispanic or Latino,45,2021,1002-5,2135-2,144,observed,0,zero
South Carolina,2021,American Indian or Alaska Native,Not Hispanic or Latino,45,2021,1002-5,2186-5,122,observed,0,zero
South Carolina,2021,Asian,Hispanic or Latino,45,2021,A,2135-2,87,observed,0,zero
South Carolina,2021,Asian,Not Hispanic or Latino,45,2021,A,2186-5,1167,observed,0,zero
South Carolina,2021,Black or African American,Hispanic or Latino,45,2021,2054-5,2135-2,818,observed,Suppressed,suppressed
South Carolina,2021,Black or African American,Not Hispanic or Latino,45,2021,2054-5,2186-5,16009,observed,Suppressed,suppressed
South Carolina,2021,Black or African American,Unknown or Not Stated,45,2021,2054-5,9,35,observed,0,zero
South Carolina,2021,More than one race,Hispanic or Latino,45,2021,M,2135-2,129,observed,0,zero
South Carolina,2021,More than one race,Not Hispanic or Latino,45,2021,M,2186-5,1508,observed,0,zero
South Carolina,2021,More than one race,Unknown or Not Stated,45,2021,M,9,Suppressed,suppressed,0,zero
South Carolina,2021,Native Hawaiian or Other Pacific Islander,Hispanic or Latino,45,2021,NHOPI,2135-2,85,observed,0,zero
South Carolina,2021,Native Hawaiian or Other Pacific Islander,Not Hispanic or Latino,45,2021,NHOPI,2186-5,64,observed,0,zero
South Carolina,2021,White,Hispanic or Latino,45,2021,2106-3,2135-2,5123,observed,Suppressed,suppressed
South Carolina,2021,White,Not Hispanic or Latino,45,2021,2106-3,2186-5,31841,observed,16,observed
South Carolina,2021,White,Unknown or Not Stated,45,2021,2106-3,9,51,observed,0,zero
South Carolina,2022,American Indian or Alaska Native,Hispanic or Latino,45,2022,1002-5,2135-2,123,observed,0,zero
South Carolina,2022,American Indian or Alaska Native,Not Hispanic or Latino,45,2022,1002-5,2186-5,124,observed,0,zero
South Carolina,2022,American Indian or Alaska Native,Unknown or Not Stated,45,2022,1002-5,9,Suppressed,suppressed,0,zero
South Carolina,2022,Asian,Hispanic or Latino,45,2022,A,2135-2,141,observed,0,zero
South Carolina,2022,Asian,Not Hispanic or Latino,45,2022,A,2186-5,1176,observed,0,zero
South Carolina,2022,Asian,Unknown or Not Stated,45,2022,A,9,Suppressed,suppressed,0,zero
South Carolina,2022,Black or African American,Hispanic or Latino,45,2022,2054-5,2135-2,788,observed,Suppressed,suppressed
South Carolina,2022,Black or African American,Not Hispanic or Latino,45,2022,2054-5,2186-5,15333,observed,Suppressed,suppressed
South Carolina,2022,Black or African American,Unknown or Not Stated,45,2022,2054-5,9,44,observed,0,zero
South Carolina,2022,More than one race,Hispanic or Latino,45,2022,M,2135-2,128,observed,0,zero
South Carolina,2022,More than one race,Not Hispanic or Latino,45,2022,M,2186-5,1574,observed,Suppressed,suppressed
South Carolina,2022,More than one race,Unknown or Not Stated,45,2022,M,9,Suppressed,suppressed,0,zero
South Carolina,2022,Native Hawaiian or Other Pacific Islander,Hispanic or Latino,45,2022,NHOPI,2135-2,166,observed,0,zero
South Carolina,2022,Native Hawaiian or Other Pacific Islander,Not Hispanic or Latino,45,2022,NHOPI,2186-5,74,observed,0,zero
South Carolina,2022,Native Hawaiian or Other Pacific Islander,Unknown or Not Stated,45,2022,NHOPI,9,Suppressed,suppressed,0,zero
South Carolina,2022,White,Hispanic or Latino,45,2022,2106-3,2135-2,5727,observed,Suppressed,suppressed
South Carolina,2022,White,Not Hispanic or Latino,45,2022,2106-3,2186-5,32323,observed,10,observed
South Carolina,2022,White,Unknown or Not Stated,45,2022,2106-3,9,91,observed,0,zero
South Carolina,2023,American Indian or Alaska Native,Hispanic or Latino,45,2023,1002-5,2135-2,134,observed,0,zero
South Carolina,2023,American Indian or Alaska Native,Not Hispanic or Latino,45,2023,1002-5,2186-5,150,observed,0,zero
South Carolina,2023,American Indian or Alaska Native,Unknown or Not Stated,45,2023,1002-5,9,Suppressed,suppressed,0,zero
South Carolina,2023,Asian,Hispanic or Latino,45,2023,A,2135-2,74,observed,0,zero
South Carolina,2023,Asian,Not Hispanic or Latino,45,2023,A,2186-5,1186,observed,0,zero
South Carolina,2023,Asian,Unknown or Not Stated,45,2023,A,9,Suppressed,suppressed,0,zero
South Carolina,2023,Black or African American,Hispanic or Latino,45,2023,2054-5,2135-2,752,observed,0,zero
South Carolina,2023,Black or African American,Not Hispanic or Latino,45,2023,2054-5,2186-5,14746,observed,Suppressed,suppressed
South Carolina,2023,Black or African American,Unknown or Not Stated,45,2023,2054-5,9,65,observed,0,zero
South Carolina,2023,More than one race,Hispanic or Latino,45,2023,M,2135-2,137,observed,0,zero
South Carolina,2023,More than one race,Not Hispanic or Latino,45,2023,M,2186-5,1558,observed,0,zero
South Carolina,2023,More than one race,Unknown or Not Stated,45,2023,M,9,Suppressed,suppressed,0,zero
South Carolina,2023,Native Hawaiian or Other Pacific Islander,Hispanic or Latino,45,2023,NHOPI,2135-2,99,observed,Suppressed,suppressed
South Carolina,2023,Native Hawaiian or Other Pacific Islander,Not Hispanic or Latino,45,2023,NHOPI,2186-5,83,observed,0,zero
South Carolina,2023,Native Hawaiian or Other Pacific Islander,Unknown or Not Stated,45,2023,NHOPI,9,Suppressed,suppressed,0,zero
South Carolina,2023,White,Hispanic or Latino,45,2023,2106-3,2135-2,6761,observed,Suppressed,suppressed
South Carolina,2023,White,Not Hispanic or Latino,45,2023,2106-3,2186-5,31884,observed,17,observed
South Carolina,2023,White,Unknown or Not Stated,45,2023,2106-3,9,86,observed,0,zero
South Carolina,2024,American Indian or Alaska Native,Hispanic or Latino,45,2024,1002-5,2135-2,189,observed,0,zero
South Carolina,2024,American Indian or Alaska Native,Not Hispanic or Latino,45,2024,1002-5,2186-5,122,observed,0,zero
South Carolina,2024,Asian,Hispanic or Latino,45,2024,A,2135-2,136,observed,0,zero
South Carolina,2024,Asian,Not Hispanic or Latino,45,2024,A,2186-5,1275,observed,Suppressed,suppressed
South Carolina,2024,Asian,Unknown or Not Stated,45,2024,A,9,Suppressed,suppressed,Suppressed,suppressed
South Carolina,2024,Black or African American,Hispanic or Latino,45,2024,2054-5,2135-2,1031,observed,0,zero
South Carolina,2024,Black or African American,Not Hispanic or Latino,45,2024,2054-5,2186-5,14387,observed,Suppressed,suppressed
South Carolina,2024,Black or African American,Unknown or Not Stated,45,2024,2054-5,9,41,observed,0,zero
South Carolina,2024,More than one race,Hispanic or Latino,45,2024,M,2135-2,150,observed,0,zero
South Carolina,2024,More than one race,Not Hispanic or Latino,45,2024,M,2186-5,1554,observed,0,zero
South Carolina,2024,More than one race,Unknown or Not Stated,45,2024,M,9,Suppressed,suppressed,0,zero
South Carolina,2024,Native Hawaiian or Other Pacific Islander,Hispanic or Latino,45,2024,NHOPI,2135-2,85,observed,0,zero
South Carolina,2024,Native Hawaiian or Other Pacific Islander,Not Hispanic or Latino,45,2024,NHOPI,2186-5,79,observed,0,zero
South Carolina,2024,White,Hispanic or Latino,45,2024,2106-3,2135-2,7302,observed,10,observed
South Carolina,2024,White,Not Hispanic or Latino,45,2024,2106-3,2186-5,32336,observed,24,observed
South Carolina,2024,White,Unknown or Not Stated,45,2024,2106-3,9,73,observed,0,zero
South Dakota,2016,American Indian or Alaska Native,Hispanic or Latino,46,2016,1002-5,2135-2,78,observed,0,zero
South Dakota,2016,American Indian or Alaska Native,Not Hispanic or Latino,46,2016,1002-5,2186-5,1788,observed,Suppressed,suppressed
South Dakota,2016,American Indian or Alaska Native,Unknown or Not Stated,46,2016,1002-5,9,Suppressed,suppressed,0,zero
South Dakota,2016,Asian,Hispanic or Latino,46,2016,A,2135-2,Suppressed,suppressed,0,zero
South Dakota,2016,Asian,Not Hispanic or Latino,46,2016,A,2186-5,269,observed,Suppressed,suppressed
South Dakota,2016,Black or African American,Hispanic or Latino,46,2016,2054-5,2135-2,13,observed,0,zero
South Dakota,2016,Black or African American,Not Hispanic or Latino,46,2016,2054-5,2186-5,363,observed,0,zero
South Dakota,2016,More than one race,Hispanic or Latino,46,2016,M,2135-2,30,observed,0,zero
South Dakota,2016,More than one race,Not Hispanic or Latino,46,2016,M,2186-5,370,observed,0,zero
South Dakota,2016,More than one race,Unknown or Not Stated,46,2016,M,9,Suppressed,suppressed,0,zero
South Dakota,2016,Native Hawaiian or Other Pacific Islander,Hispanic or Latino,46,2016,NHOPI,2135-2,Suppressed,suppressed,0,zero
South Dakota,2016,Native Hawaiian or Other Pacific Islander,Not Hispanic or Latino,46,2016,NHOPI,2186-5,Suppressed,suppressed,0,zero
South Dakota,2016,White,Hispanic or Latino,46,2016,2106-3,2135-2,502,observed,Suppressed,suppressed
South Dakota,2016,White,Not Hispanic or Latino,46,2016,2106-3,2186-5,8837,observed,12,observed
South Dakota,2016,White,Unknown or Not Stated,46,2016,2106-3,9,Suppressed,suppressed,0,zero
South Dakota,2017,American Indian or Alaska Native,Hispanic or Latino,46,2017,1002-5,2135-2,70,observed,0,zero
South Dakota,2017,American Indian or Alaska Native,Not Hispanic or Latino,46,2017,1002-5,2186-5,1807,observed,Suppressed,suppressed
South Dakota,2017,American Indian or Alaska Native,Unknown or Not Stated,46,2017,1002-5,9,Suppressed,suppressed,0,zero
South Dakota,2017,Asian,Hispanic or Latino,46,2017,A,2135-2,Suppressed,suppressed,0,zero
South Dakota,2017,Asian,Not Hispanic or Latino,46,2017,A,2186-5,248,observed,Suppressed,suppressed
South Dakota,2017,Black or African American,Hispanic or Latino,46,2017,2054-5,2135-2,18,observed,0,zero
South Dakota,2017,Black or African American,Not Hispanic or Latino,46,2017,2054-5,2186-5,398,observed,Suppressed,suppressed
South Dakota,2017,More than one race,Hispanic or Latino,46,2017,M,2135-2,24,observed,0,zero
South Dakota,2017,More than one race,Not Hispanic or Latino,46,2017,M,2186-5,420,observed,Suppressed,suppressed
South Dakota,2017,More than one race,Unknown or Not Stated,46,2017,M,9,Suppressed,suppressed,Suppressed,suppressed
South Dakota,2017,Native Hawaiian or Other Pacific Islander,Hispanic or Latino,46,2017,NHOPI,2135-2,Suppressed,suppressed,0,zero
South Dakota,2017,Native Hawaiian or Other Pacific Islander,Not Hispanic or Latino,46,2017,NHOPI,2186-5,Suppressed,suppressed,0,zero
South Dakota,2017,White,Hispanic or Latino,46,2017,2106-3,2135-2,502,observed,0,zero
South Dakota,2017,White,Not Hispanic or Latino,46,2017,2106-3,2186-5,8620,observed,13,observed
South Dakota,2017,White,Unknown or Not Stated,46,2017,2106-3,9,Suppressed,suppressed,0,zero
South Dakota,2018,American Indian or Alaska Native,Hispanic or Latino,46,2018,1002-5,2135-2,98,observed,0,zero
South Dakota,2018,American Indian or Alaska Native,Not Hispanic or Latino,46,2018,1002-5,2186-5,1645,observed,Suppressed,suppressed
South Dakota,2018,American Indian or Alaska Native,Unknown or Not Stated,46,2018,1002-5,9,Suppressed,suppressed,0,zero
South Dakota,2018,Asian,Hispanic or Latino,46,2018,A,2135-2,Suppressed,suppressed,0,zero
South Dakota,2018,Asian,Not Hispanic or Latino,46,2018,A,2186-5,224,observed,0,zero
South Dakota,2018,Black or African American,Hispanic or Latino,46,2018,2054-5,2135-2,11,observed,0,zero
South Dakota,2018,Black or African American,Not Hispanic or Latino,46,2018,2054-5,2186-5,416,observed,0,zero
South Dakota,2018,More than one race,Hispanic or Latino,46,2018,M,2135-2,38,observed,0,zero
South Dakota,2018,More than one race,Not Hispanic or Latino,46,2018,M,2186-5,437,observed,Suppressed,suppressed
South Dakota,2018,Native Hawaiian or Other Pacific Islander,Hispanic or Latino,46,2018,NHOPI,2135-2,13,observed,0,zero
South Dakota,2018,Native Hawaiian or Other Pacific Islander,Not Hispanic or Latino,46,2018,NHOPI,2186-5,Suppressed,suppressed,0,zero
South Dakota,2018,White,Hispanic or Latino,46,2018,2106-3,2135-2,496,observed,0,zero
South Dakota,2018,White,Not Hispanic or Latino,46,2018,2106-3,2186-5,8481,observed,Suppressed,suppressed
South Dakota,2018,White,Unknown or Not Stated,46,2018,2106-3,9,19,observed,0,zero
South Dakota,2019,American Indian or Alaska Native,Hispanic or Latino,46,2019,1002-5,2135-2,93,observed,0,zero
South Dakota,2019,American Indian or Alaska Native,Not Hispanic or Latino,46,2019,1002-5,2186-5,1606,observed,Suppressed,suppressed
South Dakota,2019,American Indian or Alaska Native,Unknown or Not Stated,46,2019,1002-5,9,Suppressed,suppressed,0,zero
South Dakota,2019,Asian,Hispanic or Latino,46,2019,A,2135-2,Suppressed,suppressed,0,zero
South Dakota,2019,Asian,Not Hispanic or Latino,46,2019,A,2186-5,206,observed,0,zero
South Dakota,2019,Black or African American,Hispanic or Latino,46,2019,2054-5,2135-2,17,observed,0,zero
South Dakota,2019,Black or African American,Not Hispanic or Latino,46,2019,2054-5,2186-5,416,observed,0,zero
South Dakota,2019,More than one race,Hispanic or Latino,46,2019,M,2135-2,33,observed,0,zero
South Dakota,2019,More than one race,Not Hispanic or Latino,46,2019,M,2186-5,399,observed,Suppressed,suppressed
South Dakota,2019,More than one race,Unknown or Not Stated,46,2019,M,9,Suppressed,suppressed,0,zero
South Dakota,2019,Native Hawaiian or Other Pacific Islander,Hispanic or Latino,46,2019,NHOPI,2135-2,Suppressed,suppressed,0,zero
South Dakota,2019,Native Hawaiian or Other Pacific Islander,Not Hispanic or Latino,46,2019,NHOPI,2186-5,Suppressed,suppressed,0,zero
South Dakota,2019,White,Hispanic or Latino,46,2019,2106-3,2135-2,485,observed,Suppressed,suppressed
South Dakota,2019,White,Not Hispanic or Latino,46,2019,2106-3,2186-5,8154,observed,12,observed
South Dakota,2019,White,Unknown or Not Stated,46,2019,2106-3,9,14,observed,0,zero
South Dakota,2020,American Indian or Alaska Native,Hispanic or Latino,46,2020,1002-5,2135-2,75,observed,0,zero
South Dakota,2020,American Indian or Alaska Native,Not Hispanic or Latino,46,2020,1002-5,2186-5,1501,observed,Suppressed,suppressed
South Dakota,2020,American Indian or Alaska Native,Unknown or Not Stated,46,2020,1002-5,9,Suppressed,suppressed,0,zero
South Dakota,2020,Asian,Hispanic or Latino,46,2020,A,2135-2,Suppressed,suppressed,0,zero
South Dakota,2020,Asian,Not Hispanic or Latino,46,2020,A,2186-5,215,observed,0,zero
South Dakota,2020,Black or African American,Hispanic or Latino,46,2020,2054-5,2135-2,Suppressed,suppressed,0,zero
South Dakota,2020,Black or African American,Not Hispanic or Latino,46,2020,2054-5,2186-5,390,observed,0,zero
South Dakota,2020,Black or African American,Unknown or Not Stated,46,2020,2054-5,9,Suppressed,suppressed,0,zero
South Dakota,2020,More than one race,Hispanic or Latino,46,2020,M,2135-2,31,observed,0,zero
South Dakota,2020,More than one race,Not Hispanic or Latino,46,2020,M,2186-5,427,observed,0,zero
South Dakota,2020,Native Hawaiian or Other Pacific Islander,Hispanic or Latino,46,2020,NHOPI,2135-2,11,observed,0,zero
South Dakota,2020,Native Hawaiian or Other Pacific Islander,Not Hispanic or Latino,46,2020,NHOPI,2186-5,Suppressed,suppressed,0,zero
South Dakota,2020,White,Hispanic or Latino,46,2020,2106-3,2135-2,530,observed,0,zero
South Dakota,2020,White,Not Hispanic or Latino,46,2020,2106-3,2186-5,7740,observed,12,observed
South Dakota,2020,White,Unknown or Not Stated,46,2020,2106-3,9,Suppressed,suppressed,0,zero
South Dakota,2021,American Indian or Alaska Native,Hispanic or Latino,46,2021,1002-5,2135-2,85,observed,0,zero
South Dakota,2021,American Indian or Alaska Native,Not Hispanic or Latino,46,2021,1002-5,2186-5,1525,observed,Suppressed,suppressed
South Dakota,2021,American Indian or Alaska Native,Unknown or Not Stated,46,2021,1002-5,9,Suppressed,suppressed,0,zero
South Dakota,2021,Asian,Hispanic or Latino,46,2021,A,2135-2,10,observed,0,zero
South Dakota,2021,Asian,Not Hispanic or Latino,46,2021,A,2186-5,202,observed,0,zero
South Dakota,2021,Asian,Unknown or Not Stated,46,2021,A,9,Suppressed,suppressed,0,zero
South Dakota,2021,Black or African American,Hispanic or Latino,46,2021,2054-5,2135-2,24,observed,0,zero
South Dakota,2021,Black or African American,Not Hispanic or Latino,46,2021,2054-5,2186-5,385,observed,0,zero
South Dakota,2021,Black or African American,Unknown or Not Stated,46,2021,2054-5,9,Suppressed,suppressed,0,zero
South Dakota,2021,More than one race,Hispanic or Latino,46,2021,M,2135-2,32,observed,0,zero
South Dakota,2021,More than one race,Not Hispanic or Latino,46,2021,M,2186-5,428,observed,0,zero
South Dakota,2021,More than one race,Unknown or Not Stated,46,2021,M,9,Suppressed,suppressed,0,zero
South Dakota,2021,Native Hawaiian or Other Pacific Islander,Hispanic or Latino,46,2021,NHOPI,2135-2,Suppressed,suppressed,0,zero
South Dakota,2021,Native Hawaiian or Other Pacific Islander,Not Hispanic or Latino,46,2021,NHOPI,2186-5,Suppressed,suppressed,0,zero
South Dakota,2021,White,Hispanic or Latino,46,2021,2106-3,2135-2,537,observed,Suppressed,suppressed
South Dakota,2021,White,Not Hispanic or Latino,46,2021,2106-3,2186-5,8111,observed,12,observed
South Dakota,2021,White,Unknown or Not Stated,46,2021,2106-3,9,Suppressed,suppressed,0,zero
South Dakota,2022,American Indian or Alaska Native,Hispanic or Latino,46,2022,1002-5,2135-2,79,observed,0,zero
South Dakota,2022,American Indian or Alaska Native,Not Hispanic or Latino,46,2022,1002-5,2186-5,1463,observed,Suppressed,suppressed
South Dakota,2022,American Indian or Alaska Native,Unknown or Not Stated,46,2022,1002-5,9,Suppressed,suppressed,0,zero
South Dakota,2022,Asian,Hispanic or Latino,46,2022,A,2135-2,12,observed,0,zero
South Dakota,2022,Asian,Not Hispanic or Latino,46,2022,A,2186-5,191,observed,Suppressed,suppressed
South Dakota,2022,Asian,Unknown or Not Stated,46,2022,A,9,Suppressed,suppressed,0,zero
South Dakota,2022,Black or African American,Hispanic or Latino,46,2022,2054-5,2135-2,31,observed,0,zero
South Dakota,2022,Black or African American,Not Hispanic or Latino,46,2022,2054-5,2186-5,362,observed,0,zero
South Dakota,2022,Black or African American,Unknown or Not Stated,46,2022,2054-5,9,Suppressed,suppressed,0,zero
South Dakota,2022,More than one race,Hispanic or Latino,46,2022,M,2135-2,34,observed,0,zero
South Dakota,2022,More than one race,Not Hispanic or Latino,46,2022,M,2186-5,416,observed,0,zero
South Dakota,2022,More than one race,Unknown or Not Stated,46,2022,M,9,Suppressed,suppressed,0,zero
South Dakota,2022,Native Hawaiian or Other Pacific Islander,Hispanic or Latino,46,2022,NHOPI,2135-2,11,observed,0,zero
South Dakota,2022,Native Hawaiian or Other Pacific Islander,Not Hispanic or Latino,46,2022,NHOPI,2186-5,20,observed,0,zero
South Dakota,2022,White,Hispanic or Latino,46,2022,2106-3,2135-2,559,observed,Suppressed,suppressed
South Dakota,2022,White,Not Hispanic or Latino,46,2022,2106-3,2186-5,8008,observed,15,observed
South Dakota,2022,White,Unknown or Not Stated,46,2022,2106-3,9,Suppressed,suppressed,0,zero
South Dakota,2023,American Indian or Alaska Native,Hispanic or Latino,46,2023,1002-5,2135-2,80,observed,0,zero
South Dakota,2023,American Indian or Alaska Native,Not Hispanic or Latino,46,2023,1002-5,2186-5,1362,observed,Suppressed,suppressed
South Dakota,2023,American Indian or Alaska Native,Unknown or Not Stated,46,2023,1002-5,9,Suppressed,suppressed,0,zero
South Dakota,2023,Asian,Hispanic or Latino,46,2023,A,2135-2,Suppressed,suppressed,0,zero
South Dakota,2023,Asian,Not Hispanic or Latino,46,2023,A,2186-5,207,observed,0,zero
South Dakota,2023,Asian,Unknown or Not Stated,46,2023,A,9,Suppressed,suppressed,0,zero
South Dakota,2023,Black or African American,Hispanic or Latino,46,2023,2054-5,2135-2,23,observed,Suppressed,suppressed
South Dakota,2023,Black or African American,Not Hispanic or Latino,46,2023,2054-5,2186-5,345,observed,0,zero
South Dakota,2023,More than one race,Hispanic or Latino,46,2023,M,2135-2,28,observed,0,zero
South Dakota,2023,More than one race,Not Hispanic or Latino,46,2023,M,2186-5,418,observed,0,zero
South Dakota,2023,Native Hawaiian or Other Pacific Islander,Hispanic or Latino,46,2023,NHOPI,2135-2,11,observed,0,zero
South Dakota,2023,Native Hawaiian or Other Pacific Islander,Not Hispanic or Latino,46,2023,NHOPI,2186-5,12,observed,0,zero
South Dakota,2023,White,Hispanic or Latino,46,2023,2106-3,2135-2,690,observed,0,zero
South Dakota,2023,White,Not Hispanic or Latino,46,2023,2106-3,2186-5,8003,observed,Suppressed,suppressed
South Dakota,2023,White,Unknown or Not Stated,46,2023,2106-3,9,13,observed,0,zero
South Dakota,2024,American Indian or Alaska Native,Hispanic or Latino,46,2024,1002-5,2135-2,157,observed,0,zero
South Dakota,2024,American Indian or Alaska Native,Not Hispanic or Latino,46,2024,1002-5,2186-5,1400,observed,Suppressed,suppressed
South Dakota,2024,American Indian or Alaska Native,Unknown or Not Stated,46,2024,1002-5,9,Suppressed,suppressed,0,zero
South Dakota,2024,Asian,Hispanic or Latino,46,2024,A,2135-2,11,observed,0,zero
South Dakota,2024,Asian,Not Hispanic or Latino,46,2024,A,2186-5,196,observed,0,zero
South Dakota,2024,Black or African American,Hispanic or Latino,46,2024,2054-5,2135-2,40,observed,0,zero
South Dakota,2024,Black or African American,Not Hispanic or Latino,46,2024,2054-5,2186-5,367,observed,0,zero
South Dakota,2024,More than one race,Hispanic or Latino,46,2024,M,2135-2,54,observed,0,zero
South Dakota,2024,More than one race,Not Hispanic or Latino,46,2024,M,2186-5,374,observed,0,zero
South Dakota,2024,Native Hawaiian or Other Pacific Islander,Hispanic or Latino,46,2024,NHOPI,2135-2,Suppressed,suppressed,0,zero
South Dakota,2024,Native Hawaiian or Other Pacific Islander,Not Hispanic or Latino,46,2024,NHOPI,2186-5,19,observed,0,zero
South Dakota,2024,White,Hispanic or Latino,46,2024,2106-3,2135-2,696,observed,Suppressed,suppressed
South Dakota,2024,White,Not Hispanic or Latino,46,2024,2106-3,2186-5,8110,observed,Suppressed,suppressed
South Dakota,2024,White,Unknown or Not Stated,46,2024,2106-3,9,14,observed,0,zero
Tennessee,2016,American Indian or Alaska Native,Hispanic or Latino,47,2016,1002-5,2135-2,46,observed,0,zero
Tennessee,2016,American Indian or Alaska Native,Not Hispanic or Latino,47,2016,1002-5,2186-5,77,observed,0,zero
Tennessee,2016,Asian,Hispanic or Latino,47,2016,A,2135-2,205,observed,Suppressed,suppressed
Tennessee,2016,Asian,Not Hispanic or Latino,47,2016,A,2186-5,1875,observed,0,zero
Tennessee,2016,Asian,Unknown or Not Stated,47,2016,A,9,Suppressed,suppressed,0,zero
Tennessee,2016,Black or African American,Hispanic or Latino,47,2016,2054-5,2135-2,1494,observed,0,zero
Tennessee,2016,Black or African American,Not Hispanic or Latino,47,2016,2054-5,2186-5,15889,observed,Suppressed,suppressed
Tennessee,2016,Black or African American,Unknown or Not Stated,47,2016,2054-5,9,17,observed,0,zero
Tennessee,2016,More than one race,Hispanic or Latino,47,2016,M,2135-2,58,observed,0,zero
Tennessee,2016,More than one race,Not Hispanic or Latino,47,2016,M,2186-5,1298,observed,Suppressed,suppressed
Tennessee,2016,Native Hawaiian or Other Pacific Islander,Hispanic or Latino,47,2016,NHOPI,2135-2,39,observed,0,zero
Tennessee,2016,Native Hawaiian or Other Pacific Islander,Not Hispanic or Latino,47,2016,NHOPI,2186-5,86,observed,0,zero
Tennessee,2016,White,Hispanic or Latino,47,2016,2106-3,2135-2,5789,observed,Suppressed,suppressed
Tennessee,2016,White,Not Hispanic or Latino,47,2016,2106-3,2186-5,53866,observed,22,observed
Tennessee,2016,White,Unknown or Not Stated,47,2016,2106-3,9,67,observed,0,zero
Tennessee,2017,American Indian or Alaska Native,Hispanic or Latino,47,2017,1002-5,2135-2,46,observed,0,zero
Tennessee,2017,American Indian or Alaska Native,Not Hispanic or Latino,47,2017,1002-5,2186-5,90,observed,0,zero
Tennessee,2017,American Indian or Alaska Native,Unknown or Not Stated,47,2017,1002-5,9,Suppressed,suppressed,0,zero
Tennessee,2017,Asian,Hispanic or Latino,47,2017,A,2135-2,170,observed,Suppressed,suppressed
Tennessee,2017,Asian,Not Hispanic or Latino,47,2017,A,2186-5,1905,observed,0,zero
Tennessee,2017,Asian,Unknown or Not Stated,47,2017,A,9,Suppressed,suppressed,0,zero
Tennessee,2017,Black or African American,Hispanic or Latino,47,2017,2054-5,2135-2,1465,observed,0,zero
Tennessee,2017,Black or African American,Not Hispanic or Latino,47,2017,2054-5,2186-5,16050,observed,Suppressed,suppressed
Tennessee,2017,Black or African American,Unknown or Not Stated,47,2017,2054-5,9,22,observed,0,zero
Tennessee,2017,More than one race,Hispanic or Latino,47,2017,M,2135-2,74,observed,0,zero
Tennessee,2017,More than one race,Not Hispanic or Latino,47,2017,M,2186-5,1412,observed,0,zero
Tennessee,2017,More than one race,Unknown or Not Stated,47,2017,M,9,Suppressed,suppressed,0,zero
Tennessee,2017,Native Hawaiian or Other Pacific Islander,Hispanic or Latino,47,2017,NHOPI,2135-2,51,observed,0,zero
Tennessee,2017,Native Hawaiian or Other Pacific Islander,Not Hispanic or Latino,47,2017,NHOPI,2186-5,60,observed,0,zero
Tennessee,2017,White,Hispanic or Latino,47,2017,2106-3,2135-2,5878,observed,Suppressed,suppressed
Tennessee,2017,White,Not Hispanic or Latino,47,2017,2106-3,2186-5,53721,observed,21,observed
Tennessee,2017,White,Unknown or Not Stated,47,2017,2106-3,9,64,observed,Suppressed,suppressed
Tennessee,2018,American Indian or Alaska Native,Hispanic or Latino,47,2018,1002-5,2135-2,151,observed,0,zero
Tennessee,2018,American Indian or Alaska Native,Not Hispanic or Latino,47,2018,1002-5,2186-5,79,observed,0,zero
Tennessee,2018,American Indian or Alaska Native,Unknown or Not Stated,47,2018,1002-5,9,Suppressed,suppressed,0,zero
Tennessee,2018,Asian,Hispanic or Latino,47,2018,A,2135-2,105,observed,0,zero
Tennessee,2018,Asian,Not Hispanic or Latino,47,2018,A,2186-5,1877,observed,Suppressed,suppressed
Tennessee,2018,Asian,Unknown or Not Stated,47,2018,A,9,Suppressed,suppressed,0,zero
Tennessee,2018,Black or African American,Hispanic or Latino,47,2018,2054-5,2135-2,747,observed,0,zero
Tennessee,2018,Black or African American,Not Hispanic or Latino,47,2018,2054-5,2186-5,15921,observed,Suppressed,suppressed
Tennessee,2018,Black or African American,Unknown or Not Stated,47,2018,2054-5,9,56,observed,0,zero
Tennessee,2018,More than one race,Hispanic or Latino,47,2018,M,2135-2,91,observed,0,zero
Tennessee,2018,More than one race,Not Hispanic or Latino,47,2018,M,2186-5,1496,observed,Suppressed,suppressed
Tennessee,2018,More than one race,Unknown or Not Stated,47,2018,M,9,Suppressed,suppressed,0,zero
Tennessee,2018,Native Hawaiian or Other Pacific Islander,Hispanic or Latino,47,2018,NHOPI,2135-2,74,observed,0,zero
Tennessee,2018,Native Hawaiian or Other Pacific Islander,Not Hispanic or Latino,47,2018,NHOPI,2186-5,69,observed,0,zero
Tennessee,2018,White,Hispanic or Latino,47,2018,2106-3,2135-2,6656,observed,Suppressed,suppressed
Tennessee,2018,White,Not Hispanic or Latino,47,2018,2106-3,2186-5,53256,observed,15,observed
Tennessee,2018,White,Unknown or Not Stated,47,2018,2106-3,9,161,observed,0,zero
Tennessee,2019,American Indian or Alaska Native,Hispanic or Latino,47,2019,1002-5,2135-2,154,observed,0,zero
Tennessee,2019,American Indian or Alaska Native,Not Hispanic or Latino,47,2019,1002-5,2186-5,92,observed,0,zero
Tennessee,2019,American Indian or Alaska Native,Unknown or Not Stated,47,2019,1002-5,9,Suppressed,suppressed,0,zero
Tennessee,2019,Asian,Hispanic or Latino,47,2019,A,2135-2,218,observed,0,zero
Tennessee,2019,Asian,Not Hispanic or Latino,47,2019,A,2186-5,1811,observed,0,zero
Tennessee,2019,Asian,Unknown or Not Stated,47,2019,A,9,13,observed,0,zero
Tennessee,2019,Black or African American,Hispanic or Latino,47,2019,2054-5,2135-2,783,observed,Suppressed,suppressed
Tennessee,2019,Black or African American,Not Hispanic or Latino,47,2019,2054-5,2186-5,15972,observed,Suppressed,suppressed
Tennessee,2019,Black or African American,Unknown or Not Stated,47,2019,2054-5,9,106,observed,0,zero
Tennessee,2019,More than one race,Hispanic or Latino,47,2019,M,2135-2,87,observed,0,zero
Tennessee,2019,More than one race,Not Hispanic or Latino,47,2019,M,2186-5,1516,observed,0,zero
Tennessee,2019,More than one race,Unknown or Not Stated,47,2019,M,9,Suppressed,suppressed,0,zero
Tennessee,2019,Native Hawaiian or Other Pacific Islander,Hispanic or Latino,47,2019,NHOPI,2135-2,69,observed,0,zero
Tennessee,2019,Native Hawaiian or Other Pacific Islander,Not Hispanic or Latino,47,2019,NHOPI,2186-5,69,observed,0,zero
Tennessee,2019,White,Hispanic or Latino,47,2019,2106-3,2135-2,7126,observed,Suppressed,suppressed
Tennessee,2019,White,Not Hispanic or Latino,47,2019,2106-3,2186-5,52187,observed,15,observed
Tennessee,2019,White,Unknown or Not Stated,47,2019,2106-3,9,245,observed,0,zero
Tennessee,2020,American Indian or Alaska Native,Hispanic or Latino,47,2020,1002-5,2135-2,178,observed,0,zero
Tennessee,2020,American Indian or Alaska Native,Not Hispanic or Latino,47,2020,1002-5,2186-5,85,observed,0,zero
Tennessee,2020,Asian,Hispanic or Latino,47,2020,A,2135-2,138,observed,0,zero
Tennessee,2020,Asian,Not Hispanic or Latino,47,2020,A,2186-5,1767,observed,0,zero
Tennessee,2020,Asian,Unknown or Not Stated,47,2020,A,9,Suppressed,suppressed,0,zero
Tennessee,2020,Black or African American,Hispanic or Latino,47,2020,2054-5,2135-2,880,observed,Suppressed,suppressed
Tennessee,2020,Black or African American,Not Hispanic or Latino,47,2020,2054-5,2186-5,15413,observed,Suppressed,suppressed
Tennessee,2020,Black or African American,Unknown or Not Stated,47,2020,2054-5,9,56,observed,0,zero
Tennessee,2020,More than one race,Hispanic or Latino,47,2020,M,2135-2,99,observed,0,zero
Tennessee,2020,More than one race,Not Hispanic or Latino,47,2020,M,2186-5,1560,observed,Suppressed,suppressed
Tennessee,2020,More than one race,Unknown or Not Stated,47,2020,M,9,Suppressed,suppressed,0,zero
Tennessee,2020,Native Hawaiian or Other Pacific Islander,Hispanic or Latino,47,2020,NHOPI,2135-2,119,observed,0,zero
Tennessee,2020,Native Hawaiian or Other Pacific Islander,Not Hispanic or Latino,47,2020,NHOPI,2186-5,62,observed,0,zero
Tennessee,2020,White,Hispanic or Latino,47,2020,2106-3,2135-2,7514,observed,Suppressed,suppressed
Tennessee,2020,White,Not Hispanic or Latino,47,2020,2106-3,2186-5,50668,observed,27,observed
Tennessee,2020,White,Unknown or Not Stated,47,2020,2106-3,9,145,observed,0,zero
Tennessee,2021,American Indian or Alaska Native,Hispanic or Latino,47,2021,1002-5,2135-2,239,observed,0,zero
Tennessee,2021,American Indian or Alaska Native,Not Hispanic or Latino,47,2021,1002-5,2186-5,65,observed,0,zero
Tennessee,2021,Asian,Hispanic or Latino,47,2021,A,2135-2,92,observed,0,zero
Tennessee,2021,Asian,Not Hispanic or Latino,47,2021,A,2186-5,1760,observed,Suppressed,suppressed
Tennessee,2021,Asian,Unknown or Not Stated,47,2021,A,9,Suppressed,suppressed,0,zero
Tennessee,2021,Black or African American,Hispanic or Latino,47,2021,2054-5,2135-2,829,observed,0,zero
Tennessee,2021,Black or African American,Not Hispanic or Latino,47,2021,2054-5,2186-5,15204,observed,Suppressed,suppressed
Tennessee,2021,Black or African American,Unknown or Not Stated,47,2021,2054-5,9,34,observed,0,zero
Tennessee,2021,More than one race,Hispanic or Latino,47,2021,M,2135-2,112,observed,0,zero
Tennessee,2021,More than one race,Not Hispanic or Latino,47,2021,M,2186-5,1628,observed,0,zero
Tennessee,2021,More than one race,Unknown or Not Stated,47,2021,M,9,Suppressed,suppressed,0,zero
Tennessee,2021,Native Hawaiian or Other Pacific Islander,Hispanic or Latino,47,2021,NHOPI,2135-2,131,observed,0,zero
Tennessee,2021,Native Hawaiian or Other Pacific Islander,Not Hispanic or Latino,47,2021,NHOPI,2186-5,81,observed,0,zero
Tennessee,2021,Native Hawaiian or Other Pacific Islander,Unknown or Not Stated,47,2021,NHOPI,9,Suppressed,suppressed,0,zero
Tennessee,2021,White,Hispanic or Latino,47,2021,2106-3,2135-2,8048,observed,Suppressed,suppressed
Tennessee,2021,White,Not Hispanic or Latino,47,2021,2106-3,2186-5,53340,observed,18,observed
Tennessee,2021,White,Unknown or Not Stated,47,2021,2106-3,9,142,observed,Suppressed,suppressed
Tennessee,2022,American Indian or Alaska Native,Hispanic or Latino,47,2022,1002-5,2135-2,280,observed,0,zero
Tennessee,2022,American Indian or Alaska Native,Not Hispanic or Latino,47,2022,1002-5,2186-5,87,observed,0,zero
Tennessee,2022,Asian,Hispanic or Latino,47,2022,A,2135-2,165,observed,0,zero
Tennessee,2022,Asian,Not Hispanic or Latino,47,2022,A,2186-5,1877,observed,0,zero
Tennessee,2022,Asian,Unknown or Not Stated,47,2022,A,9,Suppressed,suppressed,0,zero
Tennessee,2022,Black or African American,Hispanic or Latino,47,2022,2054-5,2135-2,778,observed,0,zero
Tennessee,2022,Black or African American,Not Hispanic or Latino,47,2022,2054-5,2186-5,14514,observed,Suppressed,suppressed
Tennessee,2022,Black or African American,Unknown or Not Stated,47,2022,2054-5,9,36,observed,0,zero
Tennessee,2022,More than one race,Hispanic or Latino,47,2022,M,2135-2,135,observed,0,zero
Tennessee,2022,More than one race,Not Hispanic or Latino,47,2022,M,2186-5,1691,observed,Suppressed,suppressed
Tennessee,2022,Native Hawaiian or Other Pacific Islander,Hispanic or Latino,47,2022,NHOPI,2135-2,412,observed,0,zero
Tennessee,2022,Native Hawaiian or Other Pacific Islander,Not Hispanic or Latino,47,2022,NHOPI,2186-5,72,observed,0,zero
Tennessee,2022,Native Hawaiian or Other Pacific Islander,Unknown or Not Stated,47,2022,NHOPI,9,Suppressed,suppressed,0,zero
Tennessee,2022,White,Hispanic or Latino,47,2022,2106-3,2135-2,9278,observed,Suppressed,suppressed
Tennessee,2022,White,Not Hispanic or Latino,47,2022,2106-3,2186-5,52818,observed,16,observed
Tennessee,2022,White,Unknown or Not Stated,47,2022,2106-3,9,114,observed,0,zero
Tennessee,2023,American Indian or Alaska Native,Hispanic or Latino,47,2023,1002-5,2135-2,355,observed,0,zero
Tennessee,2023,American Indian or Alaska Native,Not Hispanic or Latino,47,2023,1002-5,2186-5,107,observed,0,zero
Tennessee,2023,Asian,Hispanic or Latino,47,2023,A,2135-2,173,observed,0,zero
Tennessee,2023,Asian,Not Hispanic or Latino,47,2023,A,2186-5,1804,observed,Suppressed,suppressed
Tennessee,2023,Asian,Unknown or Not Stated,47,2023,A,9,Suppressed,suppressed,0,zero
Tennessee,2023,Black or African American,Hispanic or Latino,47,2023,2054-5,2135-2,859,observed,0,zero
Tennessee,2023,Black or African American,Not Hispanic or Latino,47,2023,2054-5,2186-5,14377,observed,Suppressed,suppressed
Tennessee,2023,Black or African American,Unknown or Not Stated,47,2023,2054-5,9,31,observed,0,zero
Tennessee,2023,More than one race,Hispanic or Latino,47,2023,M,2135-2,122,observed,0,zero
Tennessee,2023,More than one race,Not Hispanic or Latino,47,2023,M,2186-5,1626,observed,Suppressed,suppressed
Tennessee,2023,More than one race,Unknown or Not Stated,47,2023,M,9,Suppressed,suppressed,0,zero
Tennessee,2023,Native Hawaiian or Other Pacific Islander,Hispanic or Latino,47,2023,NHOPI,2135-2,325,observed,0,zero
Tennessee,2023,Native Hawaiian or Other Pacific Islander,Not Hispanic or Latino,47,2023,NHOPI,2186-5,88,observed,0,zero
Tennessee,2023,Native Hawaiian or Other Pacific Islander,Unknown or Not Stated,47,2023,NHOPI,9,Suppressed,suppressed,0,zero
Tennessee,2023,White,Hispanic or Latino,47,2023,2106-3,2135-2,10061,observed,Suppressed,suppressed
Tennessee,2023,White,Not Hispanic or Latino,47,2023,2106-3,2186-5,52962,observed,21,observed
Tennessee,2023,White,Unknown or Not Stated,47,2023,2106-3,9,124,observed,0,zero
Tennessee,2024,American Indian or Alaska Native,Hispanic or Latino,47,2024,1002-5,2135-2,366,observed,Suppressed,suppressed
Tennessee,2024,American Indian or Alaska Native,Not Hispanic or Latino,47,2024,1002-5,2186-5,101,observed,0,zero
Tennessee,2024,Asian,Hispanic or Latino,47,2024,A,2135-2,158,observed,0,zero
Tennessee,2024,Asian,Not Hispanic or Latino,47,2024,A,2186-5,2070,observed,Suppressed,suppressed
Tennessee,2024,Asian,Unknown or Not Stated,47,2024,A,9,Suppressed,suppressed,0,zero
Tennessee,2024,Black or African American,Hispanic or Latino,47,2024,2054-5,2135-2,879,observed,0,zero
Tennessee,2024,Black or African American,Not Hispanic or Latino,47,2024,2054-5,2186-5,13004,observed,Suppressed,suppressed
Tennessee,2024,Black or African American,Unknown or Not Stated,47,2024,2054-5,9,16,observed,0,zero
Tennessee,2024,More than one race,Hispanic or Latino,47,2024,M,2135-2,126,observed,0,zero
Tennessee,2024,More than one race,Not Hispanic or Latino,47,2024,M,2186-5,1736,observed,Suppressed,suppressed
Tennessee,2024,More than one race,Unknown or Not Stated,47,2024,M,9,Suppressed,suppressed,0,zero
Tennessee,2024,Native Hawaiian or Other Pacific Islander,Hispanic or Latino,47,2024,NHOPI,2135-2,245,observed,0,zero
Tennessee,2024,Native Hawaiian or Other Pacific Islander,Not Hispanic or Latino,47,2024,NHOPI,2186-5,84,observed,0,zero
Tennessee,2024,Native Hawaiian or Other Pacific Islander,Unknown or Not Stated,47,2024,NHOPI,9,Suppressed,suppressed,0,zero
Tennessee,2024,White,Hispanic or Latino,47,2024,2106-3,2135-2,11727,observed,Suppressed,suppressed
Tennessee,2024,White,Not Hispanic or Latino,47,2024,2106-3,2186-5,53217,observed,27,observed
Tennessee,2024,White,Unknown or Not Stated,47,2024,2106-3,9,98,observed,0,zero
Texas,2016,American Indian or Alaska Native,Hispanic or Latino,48,2016,1002-5,2135-2,383,observed,0,zero
Texas,2016,American Indian or Alaska Native,Not Hispanic or Latino,48,2016,1002-5,2186-5,782,observed,0,zero
Texas,2016,American Indian or Alaska Native,Unknown or Not Stated,48,2016,1002-5,9,Suppressed,suppressed,0,zero
Texas,2016,Asian,Hispanic or Latino,48,2016,A,2135-2,1741,observed,Suppressed,suppressed
Texas,2016,Asian,Not Hispanic or Latino,48,2016,A,2186-5,20889,observed,Suppressed,suppressed
Texas,2016,Asian,Unknown or Not Stated,48,2016,A,9,17,observed,0,zero
Texas,2016,Black or African American,Hispanic or Latino,48,2016,2054-5,2135-2,6403,observed,Suppressed,suppressed
Texas,2016,Black or African American,Not Hispanic or Latino,48,2016,2054-5,2186-5,48562,observed,16,observed
Texas,2016,Black or African American,Unknown or Not Stated,48,2016,2054-5,9,36,observed,0,zero
Texas,2016,More than one race,Hispanic or Latino,48,2016,M,2135-2,542,observed,0,zero
Texas,2016,More than one race,Not Hispanic or Latino,48,2016,M,2186-5,4368,observed,Suppressed,suppressed
Texas,2016,More than one race,Unknown or Not Stated,48,2016,M,9,Suppressed,suppressed,0,zero
Texas,2016,Native Hawaiian or Other Pacific Islander,Hispanic or Latino,48,2016,NHOPI,2135-2,122,observed,0,zero
Texas,2016,Native Hawaiian or Other Pacific Islander,Not Hispanic or Latino,48,2016,NHOPI,2186-5,498,observed,0,zero
Texas,2016,Native Hawaiian or Other Pacific Islander,Unknown or Not Stated,48,2016,NHOPI,9,Suppressed,suppressed,0,zero
Texas,2016,White,Hispanic or Latino,48,2016,2106-3,2135-2,179202,observed,82,observed
Texas,2016,White,Not Hispanic or Latino,48,2016,2106-3,2186-5,134262,observed,50,observed
Texas,2016,White,Unknown or Not Stated,48,2016,2106-3,9,230,observed,Suppressed,suppressed
Texas,2017,American Indian or Alaska Native,Hispanic or Latino,48,2017,1002-5,2135-2,343,observed,0,zero
Texas,2017,American Indian or Alaska Native,Not Hispanic or Latino,48,2017,1002-5,2186-5,664,observed,0,zero
Texas,2017,American Indian or Alaska Native,Unknown or Not Stated,48,2017,1002-5,9,Suppressed,suppressed,0,zero
Texas,2017,Asian,Hispanic or Latino,48,2017,A,2135-2,1913,observed,Suppressed,suppressed
Texas,2017,Asian,Not Hispanic or Latino,48,2017,A,2186-5,20385,observed,Suppressed,suppressed
Texas,2017,Asian,Unknown or Not Stated,48,2017,A,9,25,observed,0,zero
Texas,2017,Black or African American,Hispanic or Latino,48,2017,2054-5,2135-2,6454,observed,Suppressed,suppressed
Texas,2017,Black or African American,Not Hispanic or Latino,48,2017,2054-5,2186-5,48242,observed,13,observed
Texas,2017,Black or African American,Unknown or Not Stated,48,2017,2054-5,9,58,observed,0,zero
Texas,2017,More than one race,Hispanic or Latino,48,2017,M,2135-2,561,observed,0,zero
Texas,2017,More than one race,Not Hispanic or Latino,48,2017,M,2186-5,4138,observed,Suppressed,suppressed
Texas,2017,More than one race,Unknown or Not Stated,48,2017,M,9,Suppressed,suppressed,0,zero
Texas,2017,Native Hawaiian or Other Pacific Islander,Hispanic or Latino,48,2017,NHOPI,2135-2,153,observed,0,zero
Texas,2017,Native Hawaiian or Other Pacific Islander,Not Hispanic or Latino,48,2017,NHOPI,2186-5,510,observed,0,zero
Texas,2017,Native Hawaiian or Other Pacific Islander,Unknown or Not Stated,48,2017,NHOPI,9,Suppressed,suppressed,0,zero
Texas,2017,White,Hispanic or Latino,48,2017,2106-3,2135-2,170792,observed,82,observed
Texas,2017,White,Not Hispanic or Latino,48,2017,2106-3,2186-5,127533,observed,32,observed
Texas,2017,White,Unknown or Not Stated,48,2017,2106-3,9,271,observed,0,zero
Texas,2018,American Indian or Alaska Native,Hispanic or Latino,48,2018,1002-5,2135-2,397,observed,0,zero
Texas,2018,American Indian or Alaska Native,Not Hispanic or Latino,48,2018,1002-5,2186-5,721,observed,Suppressed,suppressed
Texas,2018,Asian,Hispanic or Latino,48,2018,A,2135-2,537,observed,0,zero
Texas,2018,Asian,Not Hispanic or Latino,48,2018,A,2186-5,19850,observed,Suppressed,suppressed
Texas,2018,Asian,Unknown or Not Stated,48,2018,A,9,46,observed,0,zero
Texas,2018,Black or African American,Hispanic or Latino,48,2018,2054-5,2135-2,3323,observed,Suppressed,suppressed
Texas,2018,Black or African American,Not Hispanic or Latino,48,2018,2054-5,2186-5,48144,observed,15,observed
Texas,2018,Black or African American,Unknown or Not Stated,48,2018,2054-5,9,89,observed,0,zero
Texas,2018,More than one race,Hispanic or Latino,48,2018,M,2135-2,612,observed,0,zero
Texas,2018,More than one race,Not Hispanic or Latino,48,2018,M,2186-5,4318,observed,Suppressed,suppressed
Texas,2018,More than one race,Unknown or Not Stated,48,2018,M,9,Suppressed,suppressed,0,zero
Texas,2018,Native Hawaiian or Other Pacific Islander,Hispanic or Latino,48,2018,NHOPI,2135-2,135,observed,0,zero
Texas,2018,Native Hawaiian or Other Pacific Islander,Not Hispanic or Latino,48,2018,NHOPI,2186-5,487,observed,0,zero
Texas,2018,Native Hawaiian or Other Pacific Islander,Unknown or Not Stated,48,2018,NHOPI,9,Suppressed,suppressed,0,zero
Texas,2018,White,Hispanic or Latino,48,2018,2106-3,2135-2,174138,observed,115,observed
Texas,2018,White,Not Hispanic or Latino,48,2018,2106-3,2186-5,125549,observed,44,observed
Texas,2018,White,Unknown or Not Stated,48,2018,2106-3,9,271,observed,0,zero
Texas,2019,American Indian or Alaska Native,Hispanic or Latino,48,2019,1002-5,2135-2,406,observed,0,zero
Texas,2019,American Indian or Alaska Native,Not Hispanic or Latino,48,2019,1002-5,2186-5,689,observed,Suppressed,suppressed
Texas,2019,American Indian or Alaska Native,Unknown or Not Stated,48,2019,1002-5,9,Suppressed,suppressed,0,zero
Texas,2019,Asian,Hispanic or Latino,48,2019,A,2135-2,491,observed,0,zero
Texas,2019,Asian,Not Hispanic or Latino,48,2019,A,2186-5,19930,observed,Suppressed,suppressed
Texas,2019,Asian,Unknown or Not Stated,48,2019,A,9,33,observed,0,zero
Texas,2019,Black or African American,Hispanic or Latino,48,2019,2054-5,2135-2,3276,observed,Suppressed,suppressed
Texas,2019,Black or African American,Not Hispanic or Latino,48,2019,2054-5,2186-5,47326,observed,10,observed
Texas,2019,Black or African American,Unknown or Not Stated,48,2019,2054-5,9,89,observed,0,zero
Texas,2019,More than one race,Hispanic or Latino,48,2019,M,2135-2,661,observed,0,zero
Texas,2019,More than one race,Not Hispanic or Latino,48,2019,M,2186-5,4349,observed,Suppressed,suppressed
Texas,2019,More than one race,Unknown or Not Stated,48,2019,M,9,Suppressed,suppressed,0,zero
Texas,2019,Native Hawaiian or Other Pacific Islander,Hispanic or Latino,48,2019,NHOPI,2135-2,211,observed,0,zero
Texas,2019,Native Hawaiian or Other Pacific Islander,Not Hispanic or Latino,48,2019,NHOPI,2186-5,566,observed,0,zero
Texas,2019,Native Hawaiian or Other Pacific Islander,Unknown or Not Stated,48,2019,NHOPI,9,Suppressed,suppressed,0,zero
Texas,2019,White,Hispanic or Latino,48,2019,2106-3,2135-2,174644,observed,90,observed
Texas,2019,White,Not Hispanic or Latino,48,2019,2106-3,2186-5,124678,observed,36,observed
Texas,2019,White,Unknown or Not Stated,48,2019,2106-3,9,246,observed,0,zero
Texas,2020,American Indian or Alaska Native,Hispanic or Latino,48,2020,1002-5,2135-2,456,observed,0,zero
Texas,2020,American Indian or Alaska Native,Not Hispanic or Latino,48,2020,1002-5,2186-5,638,observed,Suppressed,suppressed
Texas,2020,American Indian or Alaska Native,Unknown or Not Stated,48,2020,1002-5,9,Suppressed,suppressed,0,zero
Texas,2020,Asian,Hispanic or Latino,48,2020,A,2135-2,469,observed,0,zero
Texas,2020,Asian,Not Hispanic or Latino,48,2020,A,2186-5,19064,observed,Suppressed,suppressed
Texas,2020,Asian,Unknown or Not Stated,48,2020,A,9,61,observed,0,zero
Texas,2020,Black or African American,Hispanic or Latino,48,2020,2054-5,2135-2,3245,observed,0,zero
Texas,2020,Black or African American,Not Hispanic or Latino,48,2020,2054-5,2186-5,46643,observed,15,observed
Texas,2020,Black or African American,Unknown or Not Stated,48,2020,2054-5,9,96,observed,0,zero
Texas,2020,More than one race,Hispanic or Latino,48,2020,M,2135-2,716,observed,0,zero
Texas,2020,More than one race,Not Hispanic or Latino,48,2020,M,2186-5,4600,observed,Suppressed,suppressed
Texas,2020,More than one race,Unknown or Not Stated,48,2020,M,9,Suppressed,suppressed,0,zero
Texas,2020,Native Hawaiian or Other Pacific Islander,Hispanic or Latino,48,2020,NHOPI,2135-2,208,observed,0,zero
Texas,2020,Native Hawaiian or Other Pacific Islander,Not Hispanic or Latino,48,2020,NHOPI,2186-5,543,observed,0,zero
Texas,2020,White,Hispanic or Latino,48,2020,2106-3,2135-2,170846,observed,72,observed
Texas,2020,White,Not Hispanic or Latino,48,2020,2106-3,2186-5,120329,observed,36,observed
Texas,2020,White,Unknown or Not Stated,48,2020,2106-3,9,269,observed,0,zero
Texas,2021,American Indian or Alaska Native,Hispanic or Latino,48,2021,1002-5,2135-2,524,observed,0,zero
Texas,2021,American Indian or Alaska Native,Not Hispanic or Latino,48,2021,1002-5,2186-5,610,observed,Suppressed,suppressed
Texas,2021,American Indian or Alaska Native,Unknown or Not Stated,48,2021,1002-5,9,Suppressed,suppressed,0,zero
Texas,2021,Asian,Hispanic or Latino,48,2021,A,2135-2,531,observed,0,zero
Texas,2021,Asian,Not Hispanic or Latino,48,2021,A,2186-5,19424,observed,Suppressed,suppressed
Texas,2021,Asian,Unknown or Not Stated,48,2021,A,9,96,observed,0,zero
Texas,2021,Black or African American,Hispanic or Latino,48,2021,2054-5,2135-2,3372,observed,Suppressed,suppressed
Texas,2021,Black or African American,Not Hispanic or Latino,48,2021,2054-5,2186-5,46371,observed,Suppressed,suppressed
Texas,2021,Black or African American,Unknown or Not Stated,48,2021,2054-5,9,151,observed,0,zero
Texas,2021,More than one race,Hispanic or Latino,48,2021,M,2135-2,798,observed,0,zero
Texas,2021,More than one race,Not Hispanic or Latino,48,2021,M,2186-5,4983,observed,Suppressed,suppressed
Texas,2021,More than one race,Unknown or Not Stated,48,2021,M,9,12,observed,0,zero
Texas,2021,Native Hawaiian or Other Pacific Islander,Hispanic or Latino,48,2021,NHOPI,2135-2,199,observed,0,zero
Texas,2021,Native Hawaiian or Other Pacific Islander,Not Hispanic or Latino,48,2021,NHOPI,2186-5,571,observed,0,zero
Texas,2021,Native Hawaiian or Other Pacific Islander,Unknown or Not Stated,48,2021,NHOPI,9,Suppressed,suppressed,0,zero
Texas,2021,White,Hispanic or Latino,48,2021,2106-3,2135-2,171962,observed,68,observed
Texas,2021,White,Not Hispanic or Latino,48,2021,2106-3,2186-5,123452,observed,25,observed
Texas,2021,White,Unknown or Not Stated,48,2021,2106-3,9,524,observed,0,zero
Texas,2022,American Indian or Alaska Native,Hispanic or Latino,48,2022,1002-5,2135-2,611,observed,0,zero
Texas,2022,American Indian or Alaska Native,Not Hispanic or Latino,48,2022,1002-5,2186-5,685,observed,0,zero
Texas,2022,American Indian or Alaska Native,Unknown or Not Stated,48,2022,1002-5,9,Suppressed,suppressed,0,zero
Texas,2022,Asian,Hispanic or Latino,48,2022,A,2135-2,568,observed,0,zero
Texas,2022,Asian,Not Hispanic or Latino,48,2022,A,2186-5,20794,observed,Suppressed,suppressed
Texas,2022,Asian,Unknown or Not Stated,48,2022,A,9,173,observed,0,zero
Texas,2022,Black or African American,Hispanic or Latino,48,2022,2054-5,2135-2,3631,observed,0,zero
Texas,2022,Black or African American,Not Hispanic or Latino,48,2022,2054-5,2186-5,47804,observed,20,observed
Texas,2022,Black or African American,Unknown or Not Stated,48,2022,2054-5,9,315,observed,0,zero
Texas,2022,More than one race,Hispanic or Latino,48,2022,M,2135-2,855,observed,0,zero
Texas,2022,More than one race,Not Hispanic or Latino,48,2022,M,2186-5,5571,observed,Suppressed,suppressed
Texas,2022,More than one race,Unknown or Not Stated,48,2022,M,9,19,observed,0,zero
Texas,2022,Native Hawaiian or Other Pacific Islander,Hispanic or Latino,48,2022,NHOPI,2135-2,228,observed,Suppressed,suppressed
Texas,2022,Native Hawaiian or Other Pacific Islander,Not Hispanic or Latino,48,2022,NHOPI,2186-5,579,observed,0,zero
Texas,2022,Native Hawaiian or Other Pacific Islander,Unknown or Not Stated,48,2022,NHOPI,9,Suppressed,suppressed,0,zero
Texas,2022,White,Hispanic or Latino,48,2022,2106-3,2135-2,184996,observed,67,observed
Texas,2022,White,Not Hispanic or Latino,48,2022,2106-3,2186-5,121868,observed,31,observed
Texas,2022,White,Unknown or Not Stated,48,2022,2106-3,9,1037,observed,0,zero
Texas,2023,American Indian or Alaska Native,Hispanic or Latino,48,2023,1002-5,2135-2,593,observed,0,zero
Texas,2023,American Indian or Alaska Native,Not Hispanic or Latino,48,2023,1002-5,2186-5,630,observed,Suppressed,suppressed
Texas,2023,American Indian or Alaska Native,Unknown or Not Stated,48,2023,1002-5,9,10,observed,0,zero
Texas,2023,Asian,Hispanic or Latino,48,2023,A,2135-2,659,observed,0,zero
Texas,2023,Asian,Not Hispanic or Latino,48,2023,A,2186-5,21694,observed,Suppressed,suppressed
Texas,2023,Asian,Unknown or Not Stated,48,2023,A,9,132,observed,0,zero
Texas,2023,Black or African American,Hispanic or Latino,48,2023,2054-5,2135-2,3943,observed,Suppressed,suppressed
Texas,2023,Black or African American,Not Hispanic or Latino,48,2023,2054-5,2186-5,47140,observed,13,observed
Texas,2023,Black or African American,Unknown or Not Stated,48,2023,2054-5,9,264,observed,0,zero
Texas,2023,More than one race,Hispanic or Latino,48,2023,M,2135-2,961,observed,Suppressed,suppressed
Texas,2023,More than one race,Not Hispanic or Latino,48,2023,M,2186-5,5505,observed,Suppressed,suppressed
Texas,2023,More than one race,Unknown or Not Stated,48,2023,M,9,18,observed,0,zero
Texas,2023,Native Hawaiian or Other Pacific Islander,Hispanic or Latino,48,2023,NHOPI,2135-2,207,observed,0,zero
Texas,2023,Native Hawaiian or Other Pacific Islander,Not Hispanic or Latino,48,2023,NHOPI,2186-5,607,observed,0,zero
Texas,2023,Native Hawaiian or Other Pacific Islander,Unknown or Not Stated,48,2023,NHOPI,9,Suppressed,suppressed,0,zero
Texas,2023,White,Hispanic or Latino,48,2023,2106-3,2135-2,185604,observed,57,observed
Texas,2023,White,Not Hispanic or Latino,48,2023,2106-3,2186-5,119189,observed,37,observed
Texas,2023,White,Unknown or Not Stated,48,2023,2106-3,9,788,observed,0,zero
Texas,2024,American Indian or Alaska Native,Hispanic or Latino,48,2024,1002-5,2135-2,615,observed,0,zero
Texas,2024,American Indian or Alaska Native,Not Hispanic or Latino,48,2024,1002-5,2186-5,584,observed,0,zero
Texas,2024,American Indian or Alaska Native,Unknown or Not Stated,48,2024,1002-5,9,11,observed,0,zero
Texas,2024,Asian,Hispanic or Latino,48,2024,A,2135-2,606,observed,0,zero
Texas,2024,Asian,Not Hispanic or Latino,48,2024,A,2186-5,23546,observed,10,observed
Texas,2024,Asian,Unknown or Not Stated,48,2024,A,9,175,observed,0,zero
Texas,2024,Black or African American,Hispanic or Latino,48,2024,2054-5,2135-2,3900,observed,0,zero
Texas,2024,Black or African American,Not Hispanic or Latino,48,2024,2054-5,2186-5,44543,observed,Suppressed,suppressed
Texas,2024,Black or African American,Unknown or Not Stated,48,2024,2054-5,9,276,observed,0,zero
Texas,2024,More than one race,Hispanic or Latino,48,2024,M,2135-2,1039,observed,0,zero
Texas,2024,More than one race,Not Hispanic or Latino,48,2024,M,2186-5,5778,observed,Suppressed,suppressed
Texas,2024,More than one race,Unknown or Not Stated,48,2024,M,9,20,observed,0,zero
Texas,2024,Native Hawaiian or Other Pacific Islander,Hispanic or Latino,48,2024,NHOPI,2135-2,219,observed,0,zero
Texas,2024,Native Hawaiian or Other Pacific Islander,Not Hispanic or Latino,48,2024,NHOPI,2186-5,608,observed,Suppressed,suppressed
Texas,2024,Native Hawaiian or Other Pacific Islander,Unknown or Not Stated,48,2024,NHOPI,9,Suppressed,suppressed,0,zero
Texas,2024,White,Hispanic or Latino,48,2024,2106-3,2135-2,189569,observed,70,observed
Texas,2024,White,Not Hispanic or Latino,48,2024,2106-3,2186-5,118491,observed,38,observed
Texas,2024,White,Unknown or Not Stated,48,2024,2106-3,9,843,observed,0,zero
Utah,2016,American Indian or Alaska Native,Hispanic or Latino,49,2016,1002-5,2135-2,82,observed,0,zero
Utah,2016,American Indian or Alaska Native,Not Hispanic or Latino,49,2016,1002-5,2186-5,467,observed,Suppressed,suppressed
Utah,2016,American Indian or Alaska Native,Unknown or Not Stated,49,2016,1002-5,9,Suppressed,suppressed,0,zero
Utah,2016,Asian,Hispanic or Latino,49,2016,A,2135-2,104,observed,0,zero
Utah,2016,Asian,Not Hispanic or Latino,49,2016,A,2186-5,1185,observed,Suppressed,suppressed
Utah,2016,Asian,Unknown or Not Stated,49,2016,A,9,41,observed,0,zero
Utah,2016,Black or African American,Hispanic or Latino,49,2016,2054-5,2135-2,107,observed,0,zero
Utah,2016,Black or African American,Not Hispanic or Latino,49,2016,2054-5,2186-5,523,observed,Suppressed,suppressed
Utah,2016,Black or African American,Unknown or Not Stated,49,2016,2054-5,9,32,observed,0,zero
Utah,2016,More than one race,Hispanic or Latino,49,2016,M,2135-2,140,observed,0,zero
Utah,2016,More than one race,Not Hispanic or Latino,49,2016,M,2186-5,959,observed,Suppressed,suppressed
Utah,2016,More than one race,Unknown or Not Stated,49,2016,M,9,12,observed,0,zero
Utah,2016,Native Hawaiian or Other Pacific Islander,Hispanic or Latino,49,2016,NHOPI,2135-2,51,observed,0,zero
Utah,2016,Native Hawaiian or Other Pacific Islander,Not Hispanic or Latino,49,2016,NHOPI,2186-5,401,observed,0,zero
Utah,2016,Native Hawaiian or Other Pacific Islander,Unknown or Not Stated,49,2016,NHOPI,9,17,observed,0,zero
Utah,2016,White,Hispanic or Latino,49,2016,2106-3,2135-2,7482,observed,Suppressed,suppressed
Utah,2016,White,Not Hispanic or Latino,49,2016,2106-3,2186-5,37791,observed,36,observed
Utah,2016,White,Unknown or Not Stated,49,2016,2106-3,9,1062,observed,Suppressed,suppressed
Utah,2017,American Indian or Alaska Native,Hispanic or Latino,49,2017,1002-5,2135-2,83,observed,0,zero
Utah,2017,American Indian or Alaska Native,Not Hispanic or Latino,49,2017,1002-5,2186-5,445,observed,Suppressed,suppressed
Utah,2017,American Indian or Alaska Native,Unknown or Not Stated,49,2017,1002-5,9,Suppressed,suppressed,0,zero
Utah,2017,Asian,Hispanic or Latino,49,2017,A,2135-2,71,observed,0,zero
Utah,2017,Asian,Not Hispanic or Latino,49,2017,A,2186-5,1233,observed,0,zero
Utah,2017,Asian,Unknown or Not Stated,49,2017,A,9,12,observed,0,zero
Utah,2017,Black or African American,Hispanic or Latino,49,2017,2054-5,2135-2,98,observed,Suppressed,suppressed
Utah,2017,Black or African American,Not Hispanic or Latino,49,2017,2054-5,2186-5,569,observed,Suppressed,suppressed
Utah,2017,Black or African American,Unknown or Not Stated,49,2017,2054-5,9,10,observed,0,zero
Utah,2017,More than one race,Hispanic or Latino,49,2017,M,2135-2,131,observed,0,zero
Utah,2017,More than one race,Not Hispanic or Latino,49,2017,M,2186-5,1091,observed,Suppressed,suppressed
Utah,2017,More than one race,Unknown or Not Stated,49,2017,M,9,Suppressed,suppressed,0,zero
Utah,2017,Native Hawaiian or Other Pacific Islander,Hispanic or Latino,49,2017,NHOPI,2135-2,48,observed,0,zero
Utah,2017,Native Hawaiian or Other Pacific Islander,Not Hispanic or Latino,49,2017,NHOPI,2186-5,469,observed,0,zero
Utah,2017,Native Hawaiian or Other Pacific Islander,Unknown or Not Stated,49,2017,NHOPI,9,Suppressed,suppressed,0,zero
Utah,2017,White,Hispanic or Latino,49,2017,2106-3,2135-2,7401,observed,10,observed
Utah,2017,White,Not Hispanic or Latino,49,2017,2106-3,2186-5,36492,observed,53,observed
Utah,2017,White,Unknown or Not Stated,49,2017,2106-3,9,412,observed,Suppressed,suppressed
Utah,2018,American Indian or Alaska Native,Hispanic or Latino,49,2018,1002-5,2135-2,102,observed,0,zero
Utah,2018,American Indian or Alaska Native,Not Hispanic or Latino,49,2018,1002-5,2186-5,418,observed,0,zero
Utah,2018,American Indian or Alaska Native,Unknown or Not Stated,49,2018,1002-5,9,Suppressed,suppressed,0,zero
Utah,2018,Asian,Hispanic or Latino,49,2018,A,2135-2,53,observed,0,zero
Utah,2018,Asian,Not Hispanic or Latino,49,2018,A,2186-5,1131,observed,Suppressed,suppressed
Utah,2018,Asian,Unknown or Not Stated,49,2018,A,9,40,observed,0,zero
Utah,2018,Black or African American,Hispanic or Latino,49,2018,2054-5,2135-2,98,observed,0,zero
Utah,2018,Black or African American,Not Hispanic or Latino,49,2018,2054-5,2186-5,521,observed,Suppressed,suppressed
Utah,2018,Black or African American,Unknown or Not Stated,49,2018,2054-5,9,28,observed,0,zero
Utah,2018,More than one race,Hispanic or Latino,49,2018,M,2135-2,205,observed,Suppressed,suppressed
Utah,2018,More than one race,Not Hispanic or Latino,49,2018,M,2186-5,1090,observed,Suppressed,suppressed
Utah,2018,More than one race,Unknown or Not Stated,49,2018,M,9,12,observed,0,zero
Utah,2018,Native Hawaiian or Other Pacific Islander,Hispanic or Latino,49,2018,NHOPI,2135-2,32,observed,0,zero
Utah,2018,Native Hawaiian or Other Pacific Islander,Not Hispanic or Latino,49,2018,NHOPI,2186-5,468,observed,Suppressed,suppressed
Utah,2018,Native Hawaiian or Other Pacific Islander,Unknown or Not Stated,49,2018,NHOPI,9,11,observed,0,zero
Utah,2018,White,Hispanic or Latino,49,2018,2106-3,2135-2,7643,observed,12,observed
Utah,2018,White,Not Hispanic or Latino,49,2018,2106-3,2186-5,34303,observed,43,observed
Utah,2018,White,Unknown or Not Stated,49,2018,2106-3,9,1048,observed,Suppressed,suppressed
Utah,2019,American Indian or Alaska Native,Hispanic or Latino,49,2019,1002-5,2135-2,101,observed,Suppressed,suppressed
Utah,2019,American Indian or Alaska Native,Not Hispanic or Latino,49,2019,1002-5,2186-5,357,observed,0,zero
Utah,2019,American Indian or Alaska Native,Unknown or Not Stated,49,2019,1002-5,9,16,observed,0,zero
Utah,2019,Asian,Hispanic or Latino,49,2019,A,2135-2,59,observed,0,zero
Utah,2019,Asian,Not Hispanic or Latino,49,2019,A,2186-5,1092,observed,Suppressed,suppressed
Utah,2019,Asian,Unknown or Not Stated,49,2019,A,9,78,observed,0,zero
Utah,2019,Black or African American,Hispanic or Latino,49,2019,2054-5,2135-2,126,observed,0,zero
Utah,2019,Black or African American,Not Hispanic or Latino,49,2019,2054-5,2186-5,580,observed,Suppressed,suppressed
Utah,2019,Black or African American,Unknown or Not Stated,49,2019,2054-5,9,53,observed,0,zero
Utah,2019,More than one race,Hispanic or Latino,49,2019,M,2135-2,180,observed,Suppressed,suppressed
Utah,2019,More than one race,Not Hispanic or Latino,49,2019,M,2186-5,1070,observed,Suppressed,suppressed
Utah,2019,More than one race,Unknown or Not Stated,49,2019,M,9,29,observed,0,zero
Utah,2019,Native Hawaiian or Other Pacific Islander,Hispanic or Latino,49,2019,NHOPI,2135-2,37,observed,0,zero
Utah,2019,Native Hawaiian or Other Pacific Islander,Not Hispanic or Latino,49,2019,NHOPI,2186-5,460,observed,0,zero
Utah,2019,Native Hawaiian or Other Pacific Islander,Unknown or Not Stated,49,2019,NHOPI,9,36,observed,0,zero
Utah,2019,White,Hispanic or Latino,49,2019,2106-3,2135-2,7636,observed,13,observed
Utah,2019,White,Not Hispanic or Latino,49,2019,2106-3,2186-5,33363,observed,26,observed
Utah,2019,White,Unknown or Not Stated,49,2019,2106-3,9,1553,observed,Suppressed,suppressed
Utah,2020,American Indian or Alaska Native,Hispanic or Latino,49,2020,1002-5,2135-2,121,observed,0,zero
Utah,2020,American Indian or Alaska Native,Not Hispanic or Latino,49,2020,1002-5,2186-5,341,observed,Suppressed,suppressed
Utah,2020,American Indian or Alaska Native,Unknown or Not Stated,49,2020,1002-5,9,Suppressed,suppressed,0,zero
Utah,2020,Asian,Hispanic or Latino,49,2020,A,2135-2,64,observed,0,zero
Utah,2020,Asian,Not Hispanic or Latino,49,2020,A,2186-5,1146,observed,0,zero
Utah,2020,Asian,Unknown or Not Stated,49,2020,A,9,25,observed,0,zero
Utah,2020,Black or African American,Hispanic or Latino,49,2020,2054-5,2135-2,113,observed,0,zero
Utah,2020,Black or African American,Not Hispanic or Latino,49,2020,2054-5,2186-5,576,observed,Suppressed,suppressed
Utah,2020,Black or African American,Unknown or Not Stated,49,2020,2054-5,9,28,observed,Suppressed,suppressed
Utah,2020,More than one race,Hispanic or Latino,49,2020,M,2135-2,218,observed,0,zero
Utah,2020,More than one race,Not Hispanic or Latino,49,2020,M,2186-5,1119,observed,Suppressed,suppressed
Utah,2020,More than one race,Unknown or Not Stated,49,2020,M,9,Suppressed,suppressed,0,zero
Utah,2020,Native Hawaiian or Other Pacific Islander,Hispanic or Latino,49,2020,NHOPI,2135-2,39,observed,0,zero
Utah,2020,Native Hawaiian or Other Pacific Islander,Not Hispanic or Latino,49,2020,NHOPI,2186-5,518,observed,Suppressed,suppressed
Utah,2020,Native Hawaiian or Other Pacific Islander,Unknown or Not Stated,49,2020,NHOPI,9,12,observed,0,zero
Utah,2020,White,Hispanic or Latino,49,2020,2106-3,2135-2,7605,observed,20,observed
Utah,2020,White,Not Hispanic or Latino,49,2020,2106-3,2186-5,33145,observed,63,observed
Utah,2020,White,Unknown or Not Stated,49,2020,2106-3,9,617,observed,Suppressed,suppressed
Utah,2021,American Indian or Alaska Native,Hispanic or Latino,49,2021,1002-5,2135-2,128,observed,Suppressed,suppressed
Utah,2021,American Indian or Alaska Native,Not Hispanic or Latino,49,2021,1002-5,2186-5,360,observed,0,zero
Utah,2021,American Indian or Alaska Native,Unknown or Not Stated,49,2021,1002-5,9,Suppressed,suppressed,0,zero
Utah,2021,Asian,Hispanic or Latino,49,2021,A,2135-2,64,observed,0,zero
Utah,2021,Asian,Not Hispanic or Latino,49,2021,A,2186-5,1187,observed,Suppressed,suppressed
Utah,2021,Asian,Unknown or Not Stated,49,2021,A,9,25,observed,0,zero
Utah,2021,Black or African American,Hispanic or Latino,49,2021,2054-5,2135-2,134,observed,Suppressed,suppressed
Utah,2021,Black or African American,Not Hispanic or Latino,49,2021,2054-5,2186-5,594,observed,Suppressed,suppressed
Utah,2021,Black or African American,Unknown or Not Stated,49,2021,2054-5,9,19,observed,0,zero
Utah,2021,More than one race,Hispanic or Latino,49,2021,M,2135-2,220,observed,0,zero
Utah,2021,More than one race,Not Hispanic or Latino,49,2021,M,2186-5,1306,observed,Suppressed,suppressed
Utah,2021,More than one race,Unknown or Not Stated,49,2021,M,9,Suppressed,suppressed,0,zero
Utah,2021,Native Hawaiian or Other Pacific Islander,Hispanic or Latino,49,2021,NHOPI,2135-2,32,observed,0,zero
Utah,2021,Native Hawaiian or Other Pacific Islander,Not Hispanic or Latino,49,2021,NHOPI,2186-5,475,observed,0,zero
Utah,2021,Native Hawaiian or Other Pacific Islander,Unknown or Not Stated,49,2021,NHOPI,9,14,observed,0,zero
Utah,2021,White,Hispanic or Latino,49,2021,2106-3,2135-2,7780,observed,19,observed
Utah,2021,White,Not Hispanic or Latino,49,2021,2106-3,2186-5,33789,observed,40,observed
Utah,2021,White,Unknown or Not Stated,49,2021,2106-3,9,571,observed,Suppressed,suppressed
Utah,2022,American Indian or Alaska Native,Hispanic or Latino,49,2022,1002-5,2135-2,154,observed,Suppressed,suppressed
Utah,2022,American Indian or Alaska Native,Not Hispanic or Latino,49,2022,1002-5,2186-5,303,observed,0,zero
Utah,2022,American Indian or Alaska Native,Unknown or Not Stated,49,2022,1002-5,9,10,observed,0,zero
Utah,2022,Asian,Hispanic or Latino,49,2022,A,2135-2,68,observed,0,zero
Utah,2022,Asian,Not Hispanic or Latino,49,2022,A,2186-5,1210,observed,Suppressed,suppressed
Utah,2022,Asian,Unknown or Not Stated,49,2022,A,9,18,observed,0,zero
Utah,2022,Black or African American,Hispanic or Latino,49,2022,2054-5,2135-2,166,observed,0,zero
Utah,2022,Black or African American,Not Hispanic or Latino,49,2022,2054-5,2186-5,606,observed,0,zero
Utah,2022,Black or African American,Unknown or Not Stated,49,2022,2054-5,9,19,observed,0,zero
Utah,2022,More than one race,Hispanic or Latino,49,2022,M,2135-2,203,observed,0,zero
Utah,2022,More than one race,Not Hispanic or Latino,49,2022,M,2186-5,1199,observed,Suppressed,suppressed
Utah,2022,More than one race,Unknown or Not Stated,49,2022,M,9,Suppressed,suppressed,0,zero
Utah,2022,Native Hawaiian or Other Pacific Islander,Hispanic or Latino,49,2022,NHOPI,2135-2,37,observed,0,zero
Utah,2022,Native Hawaiian or Other Pacific Islander,Not Hispanic or Latino,49,2022,NHOPI,2186-5,575,observed,Suppressed,suppressed
Utah,2022,Native Hawaiian or Other Pacific Islander,Unknown or Not Stated,49,2022,NHOPI,9,Suppressed,suppressed,0,zero
Utah,2022,White,Hispanic or Latino,49,2022,2106-3,2135-2,8292,observed,11,observed
Utah,2022,White,Not Hispanic or Latino,49,2022,2106-3,2186-5,32461,observed,46,observed
Utah,2022,White,Unknown or Not Stated,49,2022,2106-3,9,434,observed,Suppressed,suppressed
Utah,2023,American Indian or Alaska Native,Hispanic or Latino,49,2023,1002-5,2135-2,138,observed,0,zero
Utah,2023,American Indian or Alaska Native,Not Hispanic or Latino,49,2023,1002-5,2186-5,342,observed,Suppressed,suppressed
Utah,2023,American Indian or Alaska Native,Unknown or Not Stated,49,2023,1002-5,9,Suppressed,suppressed,0,zero
Utah,2023,Asian,Hispanic or Latino,49,2023,A,2135-2,61,observed,0,zero
Utah,2023,Asian,Not Hispanic or Latino,49,2023,A,2186-5,1155,observed,Suppressed,suppressed
Utah,2023,Asian,Unknown or Not Stated,49,2023,A,9,10,observed,0,zero
Utah,2023,Black or African American,Hispanic or Latino,49,2023,2054-5,2135-2,186,observed,0,zero
Utah,2023,Black or African American,Not Hispanic or Latino,49,2023,2054-5,2186-5,653,observed,Suppressed,suppressed
Utah,2023,Black or African American,Unknown or Not Stated,49,2023,2054-5,9,14,observed,0,zero
Utah,2023,More than one race,Hispanic or Latino,49,2023,M,2135-2,208,observed,0,zero
Utah,2023,More than one race,Not Hispanic or Latino,49,2023,M,2186-5,1169,observed,0,zero
Utah,2023,More than one race,Unknown or Not Stated,49,2023,M,9,Suppressed,suppressed,0,zero
Utah,2023,Native Hawaiian or Other Pacific Islander,Hispanic or Latino,49,2023,NHOPI,2135-2,38,observed,0,zero
Utah,2023,Native Hawaiian or Other Pacific Islander,Not Hispanic or Latino,49,2023,NHOPI,2186-5,580,observed,Suppressed,suppressed
Utah,2023,Native Hawaiian or Other Pacific Islander,Unknown or Not Stated,49,2023,NHOPI,9,Suppressed,suppressed,0,zero
Utah,2023,White,Hispanic or Latino,49,2023,2106-3,2135-2,8605,observed,10,observed
Utah,2023,White,Not Hispanic or Latino,49,2023,2106-3,2186-5,31629,observed,34,observed
Utah,2023,White,Unknown or Not Stated,49,2023,2106-3,9,221,observed,Suppressed,suppressed
Utah,2024,American Indian or Alaska Native,Hispanic or Latino,49,2024,1002-5,2135-2,210,observed,0,zero
Utah,2024,American Indian or Alaska Native,Not Hispanic or Latino,49,2024,1002-5,2186-5,322,observed,0,zero
Utah,2024,American Indian or Alaska Native,Unknown or Not Stated,49,2024,1002-5,9,Suppressed,suppressed,0,zero
Utah,2024,Asian,Hispanic or Latino,49,2024,A,2135-2,83,observed,0,zero
Utah,2024,Asian,Not Hispanic or Latino,49,2024,A,2186-5,1232,observed,Suppressed,suppressed
Utah,2024,Asian,Unknown or Not Stated,49,2024,A,9,11,observed,0,zero
Utah,2024,Black or African American,Hispanic or Latino,49,2024,2054-5,2135-2,201,observed,Suppressed,suppressed
Utah,2024,Black or African American,Not Hispanic or Latino,49,2024,2054-5,2186-5,649,observed,0,zero
Utah,2024,Black or African American,Unknown or Not Stated,49,2024,2054-5,9,17,observed,0,zero
Utah,2024,More than one race,Hispanic or Latino,49,2024,M,2135-2,178,observed,0,zero
Utah,2024,More than one race,Not Hispanic or Latino,49,2024,M,2186-5,1255,observed,Suppressed,suppressed
Utah,2024,More than one race,Unknown or Not Stated,49,2024,M,9,Suppressed,suppressed,0,zero
Utah,2024,Native Hawaiian or Other Pacific Islander,Hispanic or Latino,49,2024,NHOPI,2135-2,82,observed,0,zero
Utah,2024,Native Hawaiian or Other Pacific Islander,Not Hispanic or Latino,49,2024,NHOPI,2186-5,818,observed,Suppressed,suppressed
Utah,2024,Native Hawaiian or Other Pacific Islander,Unknown or Not Stated,49,2024,NHOPI,9,19,observed,0,zero
Utah,2024,White,Hispanic or Latino,49,2024,2106-3,2135-2,9567,observed,11,observed
Utah,2024,White,Not Hispanic or Latino,49,2024,2106-3,2186-5,31644,observed,38,observed
Utah,2024,White,Unknown or Not Stated,49,2024,2106-3,9,365,observed,0,zero
Vermont,2016,American Indian or Alaska Native,Hispanic or Latino,50,2016,1002-5,2135-2,Suppressed,suppressed,0,zero
Vermont,2016,American Indian or Alaska Native,Not Hispanic or Latino,50,2016,1002-5,2186-5,11,observed,0,zero
Vermont,2016,Asian,Hispanic or Latino,50,2016,A,2135-2,Suppressed,suppressed,0,zero
Vermont,2016,Asian,Not Hispanic or Latino,50,2016,A,2186-5,154,observed,0,zero
Vermont,2016,Asian,Unknown or Not Stated,50,2016,A,9,12,observed,0,zero
Vermont,2016,Black or African American,Hispanic or Latino,50,2016,2054-5,2135-2,Suppressed,suppressed,0,zero
Vermont,2016,Black or African American,Not Hispanic or Latino,50,2016,2054-5,2186-5,70,observed,0,zero
Vermont,2016,Black or African American,Unknown or Not Stated,50,2016,2054-5,9,18,observed,0,zero
Vermont,2016,More than one race,Hispanic or Latino,50,2016,M,2135-2,Suppressed,suppressed,0,zero
Vermont,2016,More than one race,Not Hispanic or Latino,50,2016,M,2186-5,67,observed,0,zero
Vermont,2016,More than one race,Unknown or Not Stated,50,2016,M,9,Suppressed,suppressed,0,zero
Vermont,2016,Native Hawaiian or Other Pacific Islander,Hispanic or Latino,50,2016,NHOPI,2135-2,Suppressed,suppressed,0,zero
Vermont,2016,Native Hawaiian or Other Pacific Islander,Not Hispanic or Latino,50,2016,NHOPI,2186-5,Suppressed,suppressed,0,zero
Vermont,2016,White,Hispanic or Latino,50,2016,2106-3,2135-2,119,observed,0,zero
Vermont,2016,White,Not Hispanic or Latino,50,2016,2106-3,2186-5,5208,observed,0,zero
Vermont,2016,White,Unknown or Not Stated,50,2016,2106-3,9,77,observed,0,zero
Vermont,2017,American Indian or Alaska Native,Hispanic or Latino,50,2017,1002-5,2135-2,Suppressed,suppressed,0,zero
Vermont,2017,American Indian or Alaska Native,Not Hispanic or Latino,50,2017,1002-5,2186-5,14,observed,0,zero
Vermont,2017,Asian,Hispanic or Latino,50,2017,A,2135-2,Suppressed,suppressed,0,zero
Vermont,2017,Asian,Not Hispanic or Latino,50,2017,A,2186-5,159,observed,0,zero
Vermont,2017,Asian,Unknown or Not Stated,50,2017,A,9,Suppressed,suppressed,0,zero
Vermont,2017,Black or African American,Hispanic or Latino,50,2017,2054-5,2135-2,Suppressed,suppressed,0,zero
Vermont,2017,Black or African American,Not Hispanic or Latino,50,2017,2054-5,2186-5,115,observed,0,zero
Vermont,2017,Black or African American,Unknown or Not Stated,50,2017,2054-5,9,Suppressed,suppressed,0,zero
Vermont,2017,More than one race,Hispanic or Latino,50,2017,M,2135-2,Suppressed,suppressed,0,zero
Vermont,2017,More than one race,Not Hispanic or Latino,50,2017,M,2186-5,59,observed,0,zero
Vermont,2017,Native Hawaiian or Other Pacific Islander,Hispanic or Latino,50,2017,NHOPI,2135-2,Suppressed,suppressed,0,zero
Vermont,2017,Native Hawaiian or Other Pacific Islander,Not Hispanic or Latino,50,2017,NHOPI,2186-5,Suppressed,suppressed,0,zero
Vermont,2017,White,Hispanic or Latino,50,2017,2106-3,2135-2,103,observed,0,zero
Vermont,2017,White,Not Hispanic or Latino,50,2017,2106-3,2186-5,5134,observed,Suppressed,suppressed
Vermont,2017,White,Unknown or Not Stated,50,2017,2106-3,9,37,observed,0,zero
Vermont,2018,American Indian or Alaska Native,Hispanic or Latino,50,2018,1002-5,2135-2,Suppressed,suppressed,0,zero
Vermont,2018,American Indian or Alaska Native,Not Hispanic or Latino,50,2018,1002-5,2186-5,11,observed,0,zero
Vermont,2018,Asian,Hispanic or Latino,50,2018,A,2135-2,Suppressed,suppressed,0,zero
Vermont,2018,Asian,Not Hispanic or Latino,50,2018,A,2186-5,152,observed,0,zero
Vermont,2018,Asian,Unknown or Not Stated,50,2018,A,9,Suppressed,suppressed,0,zero
Vermont,2018,Black or African American,Hispanic or Latino,50,2018,2054-5,2135-2,Suppressed,suppressed,0,zero
Vermont,2018,Black or African American,Not Hispanic or Latino,50,2018,2054-5,2186-5,118,observed,0,zero
Vermont,2018,Black or African American,Unknown or Not Stated,50,2018,2054-5,9,Suppressed,suppressed,0,zero
Vermont,2018,More than one race,Hispanic or Latino,50,2018,M,2135-2,Suppressed,suppressed,0,zero
Vermont,2018,More than one race,Not Hispanic or Latino,50,2018,M,2186-5,59,observed,0,zero
Vermont,2018,Native Hawaiian or Other Pacific Islander,Not Hispanic or Latino,50,2018,NHOPI,2186-5,Suppressed,suppressed,0,zero
Vermont,2018,White,Hispanic or Latino,50,2018,2106-3,2135-2,106,observed,0,zero
Vermont,2018,White,Not Hispanic or Latino,50,2018,2106-3,2186-5,4934,observed,0,zero
Vermont,2018,White,Unknown or Not Stated,50,2018,2106-3,9,32,observed,0,zero
Vermont,2019,American Indian or Alaska Native,Hispanic or Latino,50,2019,1002-5,2135-2,Suppressed,suppressed,0,zero
Vermont,2019,American Indian or Alaska Native,Not Hispanic or Latino,50,2019,1002-5,2186-5,10,observed,0,zero
Vermont,2019,Asian,Hispanic or Latino,50,2019,A,2135-2,Suppressed,suppressed,0,zero
Vermont,2019,Asian,Not Hispanic or Latino,50,2019,A,2186-5,122,observed,0,zero
Vermont,2019,Asian,Unknown or Not Stated,50,2019,A,9,Suppressed,suppressed,0,zero
Vermont,2019,Black or African American,Hispanic or Latino,50,2019,2054-5,2135-2,10,observed,0,zero
Vermont,2019,Black or African American,Not Hispanic or Latino,50,2019,2054-5,2186-5,133,observed,0,zero
Vermont,2019,More than one race,Hispanic or Latino,50,2019,M,2135-2,Suppressed,suppressed,0,zero
Vermont,2019,More than one race,Not Hispanic or Latino,50,2019,M,2186-5,77,observed,0,zero
Vermont,2019,More than one race,Unknown or Not Stated,50,2019,M,9,Suppressed,suppressed,0,zero
Vermont,2019,Native Hawaiian or Other Pacific Islander,Not Hispanic or Latino,50,2019,NHOPI,2186-5,Suppressed,suppressed,0,zero
Vermont,2019,White,Hispanic or Latino,50,2019,2106-3,2135-2,108,observed,0,zero
Vermont,2019,White,Not Hispanic or Latino,50,2019,2106-3,2186-5,4856,observed,Suppressed,suppressed
Vermont,2019,White,Unknown or Not Stated,50,2019,2106-3,9,36,observed,0,zero
Vermont,2020,American Indian or Alaska Native,Hispanic or Latino,50,2020,1002-5,2135-2,Suppressed,suppressed,0,zero
Vermont,2020,American Indian or Alaska Native,Not Hispanic or Latino,50,2020,1002-5,2186-5,15,observed,0,zero
Vermont,2020,American Indian or Alaska Native,Unknown or Not Stated,50,2020,1002-5,9,Suppressed,suppressed,0,zero
Vermont,2020,Asian,Hispanic or Latino,50,2020,A,2135-2,Suppressed,suppressed,0,zero
Vermont,2020,Asian,Not Hispanic or Latino,50,2020,A,2186-5,137,observed,0,zero
Vermont,2020,Black or African American,Hispanic or Latino,50,2020,2054-5,2135-2,15,observed,0,zero
Vermont,2020,Black or African American,Not Hispanic or Latino,50,2020,2054-5,2186-5,108,observed,0,zero
Vermont,2020,Black or African American,Unknown or Not Stated,50,2020,2054-5,9,Suppressed,suppressed,0,zero
Vermont,2020,More than one race,Hispanic or Latino,50,2020,M,2135-2,Suppressed,suppressed,0,zero
Vermont,2020,More than one race,Not Hispanic or Latino,50,2020,M,2186-5,68,observed,0,zero
Vermont,2020,Native Hawaiian or Other Pacific Islander,Hispanic or Latino,50,2020,NHOPI,2135-2,Suppressed,suppressed,0,zero
Vermont,2020,White,Hispanic or Latino,50,2020,2106-3,2135-2,104,observed,0,zero
Vermont,2020,White,Not Hispanic or Latino,50,2020,2106-3,2186-5,4646,observed,0,zero
Vermont,2020,White,Unknown or Not Stated,50,2020,2106-3,9,22,observed,0,zero
Vermont,2021,American Indian or Alaska Native,Hispanic or Latino,50,2021,1002-5,2135-2,Suppressed,suppressed,0,zero
Vermont,2021,American Indian or Alaska Native,Not Hispanic or Latino,50,2021,1002-5,2186-5,13,observed,0,zero
Vermont,2021,Asian,Hispanic or Latino,50,2021,A,2135-2,Suppressed,suppressed,0,zero
Vermont,2021,Asian,Not Hispanic or Latino,50,2021,A,2186-5,122,observed,0,zero
Vermont,2021,Asian,Unknown or Not Stated,50,2021,A,9,Suppressed,suppressed,0,zero
Vermont,2021,Black or African American,Hispanic or Latino,50,2021,2054-5,2135-2,Suppressed,suppressed,0,zero
Vermont,2021,Black or African American,Not Hispanic or Latino,50,2021,2054-5,2186-5,137,observed,0,zero
Vermont,2021,Black or African American,Unknown or Not Stated,50,2021,2054-5,9,Suppressed,suppressed,0,zero
Vermont,2021,More than one race,Hispanic or Latino,50,2021,M,2135-2,Suppressed,suppressed,0,zero
Vermont,2021,More than one race,Not Hispanic or Latino,50,2021,M,2186-5,68,observed,0,zero
Vermont,2021,More than one race,Unknown or Not Stated,50,2021,M,9,Suppressed,suppressed,0,zero
Vermont,2021,Native Hawaiian or Other Pacific Islander,Not Hispanic or Latino,50,2021,NHOPI,2186-5,Suppressed,suppressed,0,zero
Vermont,2021,White,Hispanic or Latino,50,2021,2106-3,2135-2,129,observed,0,zero
Vermont,2021,White,Not Hispanic or Latino,50,2021,2106-3,2186-5,4863,observed,Suppressed,suppressed
Vermont,2021,White,Unknown or Not Stated,50,2021,2106-3,9,24,observed,0,zero
Vermont,2022,American Indian or Alaska Native,Hispanic or Latino,50,2022,1002-5,2135-2,Suppressed,suppressed,0,zero
Vermont,2022,American Indian or Alaska Native,Not Hispanic or Latino,50,2022,1002-5,2186-5,13,observed,0,zero
Vermont,2022,Asian,Hispanic or Latino,50,2022,A,2135-2,Suppressed,suppressed,0,zero
Vermont,2022,Asian,Not Hispanic or Latino,50,2022,A,2186-5,145,observed,0,zero
Vermont,2022,Black or African American,Hispanic or Latino,50,2022,2054-5,2135-2,Suppressed,suppressed,0,zero
Vermont,2022,Black or African American,Not Hispanic or Latino,50,2022,2054-5,2186-5,116,observed,0,zero
Vermont,2022,Black or African American,Unknown or Not Stated,50,2022,2054-5,9,Suppressed,suppressed,0,zero
Vermont,2022,More than one race,Hispanic or Latino,50,2022,M,2135-2,Suppressed,suppressed,0,zero
Vermont,2022,More than one race,Not Hispanic or Latino,50,2022,M,2186-5,100,observed,0,zero
Vermont,2022,White,Hispanic or Latino,50,2022,2106-3,2135-2,148,observed,0,zero
Vermont,2022,White,Not Hispanic or Latino,50,2022,2106-3,2186-5,4754,observed,0,zero
Vermont,2022,White,Unknown or Not Stated,50,2022,2106-3,9,22,observed,0,zero
Vermont,2023,American Indian or Alaska Native,Hispanic or Latino,50,2023,1002-5,2135-2,Suppressed,suppressed,0,zero
Vermont,2023,American Indian or Alaska Native,Not Hispanic or Latino,50,2023,1002-5,2186-5,12,observed,0,zero
Vermont,2023,Asian,Hispanic or Latino,50,2023,A,2135-2,Suppressed,suppressed,0,zero
Vermont,2023,Asian,Not Hispanic or Latino,50,2023,A,2186-5,143,observed,0,zero
Vermont,2023,Asian,Unknown or Not Stated,50,2023,A,9,Suppressed,suppressed,0,zero
Vermont,2023,Black or African American,Hispanic or Latino,50,2023,2054-5,2135-2,Suppressed,suppressed,0,zero
Vermont,2023,Black or African American,Not Hispanic or Latino,50,2023,2054-5,2186-5,123,observed,0,zero
Vermont,2023,Black or African American,Unknown or Not Stated,50,2023,2054-5,9,Suppressed,suppressed,0,zero
Vermont,2023,More than one race,Hispanic or Latino,50,2023,M,2135-2,Suppressed,suppressed,0,zero
Vermont,2023,More than one race,Not Hispanic or Latino,50,2023,M,2186-5,91,observed,0,zero
Vermont,2023,Native Hawaiian or Other Pacific Islander,Hispanic or Latino,50,2023,NHOPI,2135-2,Suppressed,suppressed,0,zero
Vermont,2023,Native Hawaiian or Other Pacific Islander,Not Hispanic or Latino,50,2023,NHOPI,2186-5,Suppressed,suppressed,0,zero
Vermont,2023,White,Hispanic or Latino,50,2023,2106-3,2135-2,128,observed,0,zero
Vermont,2023,White,Not Hispanic or Latino,50,2023,2106-3,2186-5,4526,observed,0,zero
Vermont,2023,White,Unknown or Not Stated,50,2023,2106-3,9,11,observed,0,zero
Vermont,2024,American Indian or Alaska Native,Hispanic or Latino,50,2024,1002-5,2135-2,Suppressed,suppressed,0,zero
Vermont,2024,American Indian or Alaska Native,Not Hispanic or Latino,50,2024,1002-5,2186-5,10,observed,0,zero
Vermont,2024,American Indian or Alaska Native,Unknown or Not Stated,50,2024,1002-5,9,Suppressed,suppressed,0,zero
Vermont,2024,Asian,Hispanic or Latino,50,2024,A,2135-2,Suppressed,suppressed,0,zero
Vermont,2024,Asian,Not Hispanic or Latino,50,2024,A,2186-5,108,observed,0,zero
Vermont,2024,Black or African American,Hispanic or Latino,50,2024,2054-5,2135-2,12,observed,0,zero
Vermont,2024,Black or African American,Not Hispanic or Latino,50,2024,2054-5,2186-5,140,observed,0,zero
Vermont,2024,Black or African American,Unknown or Not Stated,50,2024,2054-5,9,Suppressed,suppressed,0,zero
Vermont,2024,More than one race,Hispanic or Latino,50,2024,M,2135-2,Suppressed,suppressed,0,zero
Vermont,2024,More than one race,Not Hispanic or Latino,50,2024,M,2186-5,86,observed,0,zero
Vermont,2024,Native Hawaiian or Other Pacific Islander,Not Hispanic or Latino,50,2024,NHOPI,2186-5,Suppressed,suppressed,0,zero
Vermont,2024,White,Hispanic or Latino,50,2024,2106-3,2135-2,173,observed,0,zero
Vermont,2024,White,Not Hispanic or Latino,50,2024,2106-3,2186-5,4460,observed,Suppressed,suppressed
Vermont,2024,White,Unknown or Not Stated,50,2024,2106-3,9,Suppressed,suppressed,0,zero
Virginia,2016,American Indian or Alaska Native,Hispanic or Latino,51,2016,1002-5,2135-2,42,observed,0,zero
Virginia,2016,American Indian or Alaska Native,Not Hispanic or Latino,51,2016,1002-5,2186-5,152,observed,0,zero
Virginia,2016,Asian,Hispanic or Latino,51,2016,A,2135-2,1080,observed,Suppressed,suppressed
Virginia,2016,Asian,Not Hispanic or Latino,51,2016,A,2186-5,7909,observed,Suppressed,suppressed
Virginia,2016,Asian,Unknown or Not Stated,51,2016,A,9,13,observed,0,zero
Virginia,2016,Black or African American,Hispanic or Latino,51,2016,2054-5,2135-2,1927,observed,Suppressed,suppressed
Virginia,2016,Black or African American,Not Hispanic or Latino,51,2016,2054-5,2186-5,20782,observed,Suppressed,suppressed
Virginia,2016,Black or African American,Unknown or Not Stated,51,2016,2054-5,9,81,observed,0,zero
Virginia,2016,More than one race,Hispanic or Latino,51,2016,M,2135-2,94,observed,0,zero
Virginia,2016,More than one race,Not Hispanic or Latino,51,2016,M,2186-5,1472,observed,Suppressed,suppressed
Virginia,2016,More than one race,Unknown or Not Stated,51,2016,M,9,Suppressed,suppressed,0,zero
Virginia,2016,Native Hawaiian or Other Pacific Islander,Hispanic or Latino,51,2016,NHOPI,2135-2,73,observed,0,zero
Virginia,2016,Native Hawaiian or Other Pacific Islander,Not Hispanic or Latino,51,2016,NHOPI,2186-5,131,observed,0,zero
Virginia,2016,White,Hispanic or Latino,51,2016,2106-3,2135-2,11014,observed,Suppressed,suppressed
Virginia,2016,White,Not Hispanic or Latino,51,2016,2106-3,2186-5,57469,observed,26,observed
Virginia,2016,White,Unknown or Not Stated,51,2016,2106-3,9,218,observed,Suppressed,suppressed
Virginia,2017,American Indian or Alaska Native,Hispanic or Latino,51,2017,1002-5,2135-2,40,observed,0,zero
Virginia,2017,American Indian or Alaska Native,Not Hispanic or Latino,51,2017,1002-5,2186-5,155,observed,0,zero
Virginia,2017,Asian,Hispanic or Latino,51,2017,A,2135-2,1018,observed,Suppressed,suppressed
Virginia,2017,Asian,Not Hispanic or Latino,51,2017,A,2186-5,7670,observed,Suppressed,suppressed
Virginia,2017,Asian,Unknown or Not Stated,51,2017,A,9,Suppressed,suppressed,0,zero
Virginia,2017,Black or African American,Hispanic or Latino,51,2017,2054-5,2135-2,1903,observed,0,zero
Virginia,2017,Black or African American,Not Hispanic or Latino,51,2017,2054-5,2186-5,21101,observed,Suppressed,suppressed
Virginia,2017,Black or African American,Unknown or Not Stated,51,2017,2054-5,9,51,observed,0,zero
Virginia,2017,More than one race,Hispanic or Latino,51,2017,M,2135-2,136,observed,0,zero
Virginia,2017,More than one race,Not Hispanic or Latino,51,2017,M,2186-5,1604,observed,Suppressed,suppressed
Virginia,2017,Native Hawaiian or Other Pacific Islander,Hispanic or Latino,51,2017,NHOPI,2135-2,101,observed,Suppressed,suppressed
Virginia,2017,Native Hawaiian or Other Pacific Islander,Not Hispanic or Latino,51,2017,NHOPI,2186-5,125,observed,0,zero
Virginia,2017,Native Hawaiian or Other Pacific Islander,Unknown or Not Stated,51,2017,NHOPI,9,Suppressed,suppressed,0,zero
Virginia,2017,White,Hispanic or Latino,51,2017,2106-3,2135-2,10801,observed,Suppressed,suppressed
Virginia,2017,White,Not Hispanic or Latino,51,2017,2106-3,2186-5,55540,observed,14,observed
Virginia,2017,White,Unknown or Not Stated,51,2017,2106-3,9,138,observed,0,zero
Virginia,2018,American Indian or Alaska Native,Hispanic or Latino,51,2018,1002-5,2135-2,76,observed,0,zero
Virginia,2018,American Indian or Alaska Native,Not Hispanic or Latino,51,2018,1002-5,2186-5,157,observed,0,zero
Virginia,2018,American Indian or Alaska Native,Unknown or Not Stated,51,2018,1002-5,9,Suppressed,suppressed,0,zero
Virginia,2018,Asian,Hispanic or Latino,51,2018,A,2135-2,431,observed,0,zero
Virginia,2018,Asian,Not Hispanic or Latino,51,2018,A,2186-5,7625,observed,Suppressed,suppressed
Virginia,2018,Asian,Unknown or Not Stated,51,2018,A,9,Suppressed,suppressed,0,zero
Virginia,2018,Black or African American,Hispanic or Latino,51,2018,2054-5,2135-2,1412,observed,Suppressed,suppressed
Virginia,2018,Black or African American,Not Hispanic or Latino,51,2018,2054-5,2186-5,20860,observed,Suppressed,suppressed
Virginia,2018,Black or African American,Unknown or Not Stated,51,2018,2054-5,9,40,observed,0,zero
Virginia,2018,More than one race,Hispanic or Latino,51,2018,M,2135-2,134,observed,0,zero
Virginia,2018,More than one race,Not Hispanic or Latino,51,2018,M,2186-5,1797,observed,Suppressed,suppressed
Virginia,2018,More than one race,Unknown or Not Stated,51,2018,M,9,Suppressed,suppressed,0,zero
Virginia,2018,Native Hawaiian or Other Pacific Islander,Hispanic or Latino,51,2018,NHOPI,2135-2,184,observed,Suppressed,suppressed
Virginia,2018,Native Hawaiian or Other Pacific Islander,Not Hispanic or Latino,51,2018,NHOPI,2186-5,103,observed,0,zero
Virginia,2018,Native Hawaiian or Other Pacific Islander,Unknown or Not Stated,51,2018,NHOPI,9,Suppressed,suppressed,0,zero
Virginia,2018,White,Hispanic or Latino,51,2018,2106-3,2135-2,12160,observed,Suppressed,suppressed
Virginia,2018,White,Not Hispanic or Latino,51,2018,2106-3,2186-5,54798,observed,26,observed
Virginia,2018,White,Unknown or Not Stated,51,2018,2106-3,9,56,observed,0,zero
Virginia,2019,American Indian or Alaska Native,Hispanic or Latino,51,2019,1002-5,2135-2,71,observed,0,zero
Virginia,2019,American Indian or Alaska Native,Not Hispanic or Latino,51,2019,1002-5,2186-5,144,observed,0,zero
Virginia,2019,Asian,Hispanic or Latino,51,2019,A,2135-2,383,observed,0,zero
Virginia,2019,Asian,Not Hispanic or Latino,51,2019,A,2186-5,7524,observed,Suppressed,suppressed
Virginia,2019,Asian,Unknown or Not Stated,51,2019,A,9,Suppressed,suppressed,0,zero
Virginia,2019,Black or African American,Hispanic or Latino,51,2019,2054-5,2135-2,1396,observed,0,zero
Virginia,2019,Black or African American,Not Hispanic or Latino,51,2019,2054-5,2186-5,20339,observed,Suppressed,suppressed
Virginia,2019,Black or African American,Unknown or Not Stated,51,2019,2054-5,9,30,observed,0,zero
Virginia,2019,More than one race,Hispanic or Latino,51,2019,M,2135-2,131,observed,0,zero
Virginia,2019,More than one race,Not Hispanic or Latino,51,2019,M,2186-5,1754,observed,0,zero
Virginia,2019,More than one race,Unknown or Not Stated,51,2019,M,9,Suppressed,suppressed,0,zero
Virginia,2019,Native Hawaiian or Other Pacific Islander,Hispanic or Latino,51,2019,NHOPI,2135-2,277,observed,Suppressed,suppressed
Virginia,2019,Native Hawaiian or Other Pacific Islander,Not Hispanic or Latino,51,2019,NHOPI,2186-5,127,observed,0,zero
Virginia,2019,White,Hispanic or Latino,51,2019,2106-3,2135-2,12184,observed,Suppressed,suppressed
Virginia,2019,White,Not Hispanic or Latino,51,2019,2106-3,2186-5,52997,observed,25,observed
Virginia,2019,White,Unknown or Not Stated,51,2019,2106-3,9,64,observed,0,zero
Virginia,2020,American Indian or Alaska Native,Hispanic or Latino,51,2020,1002-5,2135-2,146,observed,0,zero
Virginia,2020,American Indian or Alaska Native,Not Hispanic or Latino,51,2020,1002-5,2186-5,146,observed,0,zero
Virginia,2020,Asian,Hispanic or Latino,51,2020,A,2135-2,406,observed,0,zero
Virginia,2020,Asian,Not Hispanic or Latino,51,2020,A,2186-5,6945,observed,Suppressed,suppressed
Virginia,2020,Asian,Unknown or Not Stated,51,2020,A,9,Suppressed,suppressed,0,zero
Virginia,2020,Black or African American,Hispanic or Latino,51,2020,2054-5,2135-2,1407,observed,0,zero
Virginia,2020,Black or African American,Not Hispanic or Latino,51,2020,2054-5,2186-5,19622,observed,Suppressed,suppressed
Virginia,2020,Black or African American,Unknown or Not Stated,51,2020,2054-5,9,28,observed,0,zero
Virginia,2020,More than one race,Hispanic or Latino,51,2020,M,2135-2,159,observed,0,zero
Virginia,2020,More than one race,Not Hispanic or Latino,51,2020,M,2186-5,1886,observed,0,zero
Virginia,2020,Native Hawaiian or Other Pacific Islander,Hispanic or Latino,51,2020,NHOPI,2135-2,187,observed,0,zero
Virginia,2020,Native Hawaiian or Other Pacific Islander,Not Hispanic or Latino,51,2020,NHOPI,2186-5,116,observed,0,zero
Virginia,2020,Native Hawaiian or Other Pacific Islander,Unknown or Not Stated,51,2020,NHOPI,9,Suppressed,suppressed,0,zero
Virginia,2020,White,Hispanic or Latino,51,2020,2106-3,2135-2,12501,observed,Suppressed,suppressed
Virginia,2020,White,Not Hispanic or Latino,51,2020,2106-3,2186-5,51120,observed,24,observed
Virginia,2020,White,Unknown or Not Stated,51,2020,2106-3,9,75,observed,0,zero
Virginia,2021,American Indian or Alaska Native,Hispanic or Latino,51,2021,1002-5,2135-2,195,observed,0,zero
Virginia,2021,American Indian or Alaska Native,Not Hispanic or Latino,51,2021,1002-5,2186-5,134,observed,0,zero
Virginia,2021,Asian,Hispanic or Latino,51,2021,A,2135-2,381,observed,0,zero
Virginia,2021,Asian,Not Hispanic or Latino,51,2021,A,2186-5,6956,observed,Suppressed,suppressed
Virginia,2021,Asian,Unknown or Not Stated,51,2021,A,9,40,observed,0,zero
Virginia,2021,Black or African American,Hispanic or Latino,51,2021,2054-5,2135-2,1684,observed,0,zero
Virginia,2021,Black or African American,Not Hispanic or Latino,51,2021,2054-5,2186-5,19170,observed,Suppressed,suppressed
Virginia,2021,Black or African American,Unknown or Not Stated,51,2021,2054-5,9,72,observed,0,zero
Virginia,2021,More than one race,Hispanic or Latino,51,2021,M,2135-2,154,observed,0,zero
Virginia,2021,More than one race,Not Hispanic or Latino,51,2021,M,2186-5,2027,observed,Suppressed,suppressed
Virginia,2021,More than one race,Unknown or Not Stated,51,2021,M,9,Suppressed,suppressed,0,zero
Virginia,2021,Native Hawaiian or Other Pacific Islander,Hispanic or Latino,51,2021,NHOPI,2135-2,244,observed,Suppressed,suppressed
Virginia,2021,Native Hawaiian or Other Pacific Islander,Not Hispanic or Latino,51,2021,NHOPI,2186-5,103,observed,0,zero
Virginia,2021,Native Hawaiian or Other Pacific Islander,Unknown or Not Stated,51,2021,NHOPI,9,Suppressed,suppressed,0,zero
Virginia,2021,White,Hispanic or Latino,51,2021,2106-3,2135-2,12386,observed,Suppressed,suppressed
Virginia,2021,White,Not Hispanic or Latino,51,2021,2106-3,2186-5,52069,observed,20,observed
Virginia,2021,White,Unknown or Not Stated,51,2021,2106-3,9,205,observed,0,zero
Virginia,2022,American Indian or Alaska Native,Hispanic or Latino,51,2022,1002-5,2135-2,268,observed,Suppressed,suppressed
Virginia,2022,American Indian or Alaska Native,Not Hispanic or Latino,51,2022,1002-5,2186-5,151,observed,0,zero
Virginia,2022,American Indian or Alaska Native,Unknown or Not Stated,51,2022,1002-5,9,Suppressed,suppressed,0,zero
Virginia,2022,Asian,Hispanic or Latino,51,2022,A,2135-2,429,observed,0,zero
Virginia,2022,Asian,Not Hispanic or Latino,51,2022,A,2186-5,7140,observed,Suppressed,suppressed
Virginia,2022,Asian,Unknown or Not Stated,51,2022,A,9,64,observed,0,zero
Virginia,2022,Black or African American,Hispanic or Latino,51,2022,2054-5,2135-2,1619,observed,0,zero
Virginia,2022,Black or African American,Not Hispanic or Latino,51,2022,2054-5,2186-5,18543,observed,Suppressed,suppressed
Virginia,2022,Black or African American,Unknown or Not Stated,51,2022,2054-5,9,83,observed,0,zero
Virginia,2022,More than one race,Hispanic or Latino,51,2022,M,2135-2,170,observed,0,zero
Virginia,2022,More than one race,Not Hispanic or Latino,51,2022,M,2186-5,2235,observed,Suppressed,suppressed
Virginia,2022,More than one race,Unknown or Not Stated,51,2022,M,9,Suppressed,suppressed,0,zero
Virginia,2022,Native Hawaiian or Other Pacific Islander,Hispanic or Latino,51,2022,NHOPI,2135-2,352,observed,0,zero
Virginia,2022,Native Hawaiian or Other Pacific Islander,Not Hispanic or Latino,51,2022,NHOPI,2186-5,114,observed,0,zero
Virginia,2022,Native Hawaiian or Other Pacific Islander,Unknown or Not Stated,51,2022,NHOPI,9,Suppressed,suppressed,0,zero
Virginia,2022,White,Hispanic or Latino,51,2022,2106-3,2135-2,13105,observed,Suppressed,suppressed
Virginia,2022,White,Not Hispanic or Latino,51,2022,2106-3,2186-5,51085,observed,24,observed
Virginia,2022,White,Unknown or Not Stated,51,2022,2106-3,9,265,observed,0,zero
Virginia,2023,American Indian or Alaska Native,Hispanic or Latino,51,2023,1002-5,2135-2,264,observed,Suppressed,suppressed
Virginia,2023,American Indian or Alaska Native,Not Hispanic or Latino,51,2023,1002-5,2186-5,111,observed,0,zero
Virginia,2023,American Indian or Alaska Native,Unknown or Not Stated,51,2023,1002-5,9,Suppressed,suppressed,0,zero
Virginia,2023,Asian,Hispanic or Latino,51,2023,A,2135-2,388,observed,0,zero
Virginia,2023,Asian,Not Hispanic or Latino,51,2023,A,2186-5,6810,observed,Suppressed,suppressed
Virginia,2023,Asian,Unknown or Not Stated,51,2023,A,9,44,observed,0,zero
Virginia,2023,Black or African American,Hispanic or Latino,51,2023,2054-5,2135-2,1805,observed,0,zero
Virginia,2023,Black or African American,Not Hispanic or Latino,51,2023,2054-5,2186-5,17607,observed,Suppressed,suppressed
Virginia,2023,Black or African American,Unknown or Not Stated,51,2023,2054-5,9,59,observed,0,zero
Virginia,2023,More than one race,Hispanic or Latino,51,2023,M,2135-2,159,observed,0,zero
Virginia,2023,More than one race,Not Hispanic or Latino,51,2023,M,2186-5,2282,observed,Suppressed,suppressed
Virginia,2023,More than one race,Unknown or Not Stated,51,2023,M,9,Suppressed,suppressed,0,zero
Virginia,2023,Native Hawaiian or Other Pacific Islander,Hispanic or Latino,51,2023,NHOPI,2135-2,248,observed,0,zero
Virginia,2023,Native Hawaiian or Other Pacific Islander,Not Hispanic or Latino,51,2023,NHOPI,2186-5,115,observed,0,zero
Virginia,2023,White,Hispanic or Latino,51,2023,2106-3,2135-2,13358,observed,Suppressed,suppressed
Virginia,2023,White,Not Hispanic or Latino,51,2023,2106-3,2186-5,49171,observed,11,observed
Virginia,2023,White,Unknown or Not Stated,51,2023,2106-3,9,224,observed,0,zero
Virginia,2024,American Indian or Alaska Native,Hispanic or Latino,51,2024,1002-5,2135-2,145,observed,0,zero
Virginia,2024,American Indian or Alaska Native,Not Hispanic or Latino,51,2024,1002-5,2186-5,117,observed,0,zero
Virginia,2024,American Indian or Alaska Native,Unknown or Not Stated,51,2024,1002-5,9,Suppressed,suppressed,0,zero
Virginia,2024,Asian,Hispanic or Latino,51,2024,A,2135-2,611,observed,0,zero
Virginia,2024,Asian,Not Hispanic or Latino,51,2024,A,2186-5,7123,observed,0,zero
Virginia,2024,Asian,Unknown or Not Stated,51,2024,A,9,64,observed,0,zero
Virginia,2024,Black or African American,Hispanic or Latino,51,2024,2054-5,2135-2,1777,observed,0,zero
Virginia,2024,Black or African American,Not Hispanic or Latino,51,2024,2054-5,2186-5,17318,observed,Suppressed,suppressed
Virginia,2024,Black or African American,Unknown or Not Stated,51,2024,2054-5,9,70,observed,0,zero
Virginia,2024,More than one race,Hispanic or Latino,51,2024,M,2135-2,196,observed,0,zero
Virginia,2024,More than one race,Not Hispanic or Latino,51,2024,M,2186-5,2508,observed,Suppressed,suppressed
Virginia,2024,More than one race,Unknown or Not Stated,51,2024,M,9,Suppressed,suppressed,0,zero
Virginia,2024,Native Hawaiian or Other Pacific Islander,Hispanic or Latino,51,2024,NHOPI,2135-2,185,observed,0,zero
Virginia,2024,Native Hawaiian or Other Pacific Islander,Not Hispanic or Latino,51,2024,NHOPI,2186-5,131,observed,0,zero
Virginia,2024,Native Hawaiian or Other Pacific Islander,Unknown or Not Stated,51,2024,NHOPI,9,Suppressed,suppressed,0,zero
Virginia,2024,White,Hispanic or Latino,51,2024,2106-3,2135-2,14382,observed,Suppressed,suppressed
Virginia,2024,White,Not Hispanic or Latino,51,2024,2106-3,2186-5,49182,observed,15,observed
Virginia,2024,White,Unknown or Not Stated,51,2024,2106-3,9,241,observed,0,zero
Washington,2016,American Indian or Alaska Native,Hispanic or Latino,53,2016,1002-5,2135-2,491,observed,Suppressed,suppressed
Washington,2016,American Indian or Alaska Native,Not Hispanic or Latino,53,2016,1002-5,2186-5,1309,observed,Suppressed,suppressed
Washington,2016,American Indian or Alaska Native,Unknown or Not Stated,53,2016,1002-5,9,70,observed,0,zero
Washington,2016,Asian,Hispanic or Latino,53,2016,A,2135-2,776,observed,0,zero
Washington,2016,Asian,Not Hispanic or Latino,53,2016,A,2186-5,8875,observed,Suppressed,suppressed
Washington,2016,Asian,Unknown or Not Stated,53,2016,A,9,238,observed,0,zero
Washington,2016,Black or African American,Hispanic or Latino,53,2016,2054-5,2135-2,641,observed,0,zero
Washington,2016,Black or African American,Not Hispanic or Latino,53,2016,2054-5,2186-5,3862,observed,Suppressed,suppressed
Washington,2016,Black or African American,Unknown or Not Stated,53,2016,2054-5,9,281,observed,0,zero
Washington,2016,More than one race,Hispanic or Latino,53,2016,M,2135-2,408,observed,0,zero
Washington,2016,More than one race,Not Hispanic or Latino,53,2016,M,2186-5,3542,observed,Suppressed,suppressed
Washington,2016,More than one race,Unknown or Not Stated,53,2016,M,9,63,observed,0,zero
Washington,2016,Native Hawaiian or Other Pacific Islander,Hispanic or Latino,53,2016,NHOPI,2135-2,145,observed,0,zero
Washington,2016,Native Hawaiian or Other Pacific Islander,Not Hispanic or Latino,53,2016,NHOPI,2186-5,1183,observed,Suppressed,suppressed
Washington,2016,Native Hawaiian or Other Pacific Islander,Unknown or Not Stated,53,2016,NHOPI,9,42,observed,0,zero
Washington,2016,White,Hispanic or Latino,53,2016,2106-3,2135-2,14072,observed,23,observed
Washington,2016,White,Not Hispanic or Latino,53,2016,2106-3,2186-5,53320,observed,34,observed
Washington,2016,White,Unknown or Not Stated,53,2016,2106-3,9,1187,observed,0,zero
Washington,2017,American Indian or Alaska Native,Hispanic or Latino,53,2017,1002-5,2135-2,476,observed,0,zero
Washington,2017,American Indian or Alaska Native,Not Hispanic or Latino,53,2017,1002-5,2186-5,1112,observed,0,zero
Washington,2017,American Indian or Alaska Native,Unknown or Not Stated,53,2017,1002-5,9,72,observed,0,zero
Washington,2017,Asian,Hispanic or Latino,53,2017,A,2135-2,751,observed,Suppressed,suppressed
Washington,2017,Asian,Not Hispanic or Latino,53,2017,A,2186-5,8836,observed,Suppressed,suppressed
Washington,2017,Asian,Unknown or Not Stated,53,2017,A,9,282,observed,Suppressed,suppressed
Washington,2017,Black or African American,Hispanic or Latino,53,2017,2054-5,2135-2,667,observed,0,zero
Washington,2017,Black or African American,Not Hispanic or Latino,53,2017,2054-5,2186-5,3944,observed,Suppressed,suppressed
Washington,2017,Black or African American,Unknown or Not Stated,53,2017,2054-5,9,369,observed,Suppressed,suppressed
Washington,2017,More than one race,Hispanic or Latino,53,2017,M,2135-2,414,observed,0,zero
Washington,2017,More than one race,Not Hispanic or Latino,53,2017,M,2186-5,3563,observed,Suppressed,suppressed
Washington,2017,More than one race,Unknown or Not Stated,53,2017,M,9,66,observed,Suppressed,suppressed
Washington,2017,Native Hawaiian or Other Pacific Islander,Hispanic or Latino,53,2017,NHOPI,2135-2,165,observed,0,zero
Washington,2017,Native Hawaiian or Other Pacific Islander,Not Hispanic or Latino,53,2017,NHOPI,2186-5,1164,observed,Suppressed,suppressed
Washington,2017,Native Hawaiian or Other Pacific Islander,Unknown or Not Stated,53,2017,NHOPI,9,66,observed,0,zero
Washington,2017,White,Hispanic or Latino,53,2017,2106-3,2135-2,13500,observed,11,observed
Washington,2017,White,Not Hispanic or Latino,53,2017,2106-3,2186-5,50679,observed,27,observed
Washington,2017,White,Unknown or Not Stated,53,2017,2106-3,9,1436,observed,0,zero
Washington,2018,American Indian or Alaska Native,Hispanic or Latino,53,2018,1002-5,2135-2,539,observed,0,zero
Washington,2018,American Indian or Alaska Native,Not Hispanic or Latino,53,2018,1002-5,2186-5,1166,observed,Suppressed,suppressed
Washington,2018,American Indian or Alaska Native,Unknown or Not Stated,53,2018,1002-5,9,70,observed,0,zero
Washington,2018,Asian,Hispanic or Latino,53,2018,A,2135-2,287,observed,0,zero
Washington,2018,Asian,Not Hispanic or Latino,53,2018,A,2186-5,8729,observed,Suppressed,suppressed
Washington,2018,Asian,Unknown or Not Stated,53,2018,A,9,335,observed,0,zero
Washington,2018,Black or African American,Hispanic or Latino,53,2018,2054-5,2135-2,607,observed,0,zero
Washington,2018,Black or African American,Not Hispanic or Latino,53,2018,2054-5,2186-5,3922,observed,Suppressed,suppressed
Washington,2018,Black or African American,Unknown or Not Stated,53,2018,2054-5,9,359,observed,0,zero
Washington,2018,More than one race,Hispanic or Latino,53,2018,M,2135-2,431,observed,0,zero
Washington,2018,More than one race,Not Hispanic or Latino,53,2018,M,2186-5,3696,observed,Suppressed,suppressed
Washington,2018,More than one race,Unknown or Not Stated,53,2018,M,9,59,observed,0,zero
Washington,2018,Native Hawaiian or Other Pacific Islander,Hispanic or Latino,53,2018,NHOPI,2135-2,140,observed,0,zero
Washington,2018,Native Hawaiian or Other Pacific Islander,Not Hispanic or Latino,53,2018,NHOPI,2186-5,1159,observed,Suppressed,suppressed
Washington,2018,Native Hawaiian or Other Pacific Islander,Unknown or Not Stated,53,2018,NHOPI,9,59,observed,0,zero
Washington,2018,White,Hispanic or Latino,53,2018,2106-3,2135-2,14069,observed,15,observed
Washington,2018,White,Not Hispanic or Latino,53,2018,2106-3,2186-5,49019,observed,45,observed
Washington,2018,White,Unknown or Not Stated,53,2018,2106-3,9,1439,observed,0,zero
Washington,2019,American Indian or Alaska Native,Hispanic or Latino,53,2019,1002-5,2135-2,595,observed,0,zero
Washington,2019,American Indian or Alaska Native,Not Hispanic or Latino,53,2019,1002-5,2186-5,1018,observed,0,zero
Washington,2019,American Indian or Alaska Native,Unknown or Not Stated,53,2019,1002-5,9,90,observed,0,zero
Washington,2019,Asian,Hispanic or Latino,53,2019,A,2135-2,352,observed,Suppressed,suppressed
Washington,2019,Asian,Not Hispanic or Latino,53,2019,A,2186-5,8856,observed,Suppressed,suppressed
Washington,2019,Asian,Unknown or Not Stated,53,2019,A,9,461,observed,0,zero
Washington,2019,Black or African American,Hispanic or Latino,53,2019,2054-5,2135-2,746,observed,Suppressed,suppressed
Washington,2019,Black or African American,Not Hispanic or Latino,53,2019,2054-5,2186-5,3813,observed,Suppressed,suppressed
Washington,2019,Black or African American,Unknown or Not Stated,53,2019,2054-5,9,379,observed,0,zero
Washington,2019,More than one race,Hispanic or Latino,53,2019,M,2135-2,446,observed,0,zero
Washington,2019,More than one race,Not Hispanic or Latino,53,2019,M,2186-5,3635,observed,Suppressed,suppressed
Washington,2019,More than one race,Unknown or Not Stated,53,2019,M,9,72,observed,0,zero
Washington,2019,Native Hawaiian or Other Pacific Islander,Hispanic or Latino,53,2019,NHOPI,2135-2,148,observed,0,zero
Washington,2019,Native Hawaiian or Other Pacific Islander,Not Hispanic or Latino,53,2019,NHOPI,2186-5,1204,observed,Suppressed,suppressed
Washington,2019,Native Hawaiian or Other Pacific Islander,Unknown or Not Stated,53,2019,NHOPI,9,95,observed,0,zero
Washington,2019,White,Hispanic or Latino,53,2019,2106-3,2135-2,13874,observed,12,observed
Washington,2019,White,Not Hispanic or Latino,53,2019,2106-3,2186-5,47435,observed,25,observed
Washington,2019,White,Unknown or Not Stated,53,2019,2106-3,9,1676,observed,Suppressed,suppressed
Washington,2020,American Indian or Alaska Native,Hispanic or Latino,53,2020,1002-5,2135-2,566,observed,0,zero
Washington,2020,American Indian or Alaska Native,Not Hispanic or Latino,53,2020,1002-5,2186-5,1002,observed,Suppressed,suppressed
Washington,2020,American Indian or Alaska Native,Unknown or Not Stated,53,2020,1002-5,9,76,observed,0,zero
Washington,2020,Asian,Hispanic or Latino,53,2020,A,2135-2,350,observed,Suppressed,suppressed
Washington,2020,Asian,Not Hispanic or Latino,53,2020,A,2186-5,8429,observed,Suppressed,suppressed
Washington,2020,Asian,Unknown or Not Stated,53,2020,A,9,407,observed,0,zero
Washington,2020,Black or African American,Hispanic or Latino,53,2020,2054-5,2135-2,669,observed,Suppressed,suppressed
Washington,2020,Black or African American,Not Hispanic or Latino,53,2020,2054-5,2186-5,3841,observed,0,zero
Washington,2020,Black or African American,Unknown or Not Stated,53,2020,2054-5,9,402,observed,Suppressed,suppressed
Washington,2020,More than one race,Hispanic or Latino,53,2020,M,2135-2,461,observed,0,zero
Washington,2020,More than one race,Not Hispanic or Latino,53,2020,M,2186-5,3640,observed,Suppressed,suppressed
Washington,2020,More than one race,Unknown or Not Stated,53,2020,M,9,74,observed,0,zero
Washington,2020,Native Hawaiian or Other Pacific Islander,Hispanic or Latino,53,2020,NHOPI,2135-2,124,observed,0,zero
Washington,2020,Native Hawaiian or Other Pacific Islander,Not Hispanic or Latino,53,2020,NHOPI,2186-5,1231,observed,0,zero
Washington,2020,Native Hawaiian or Other Pacific Islander,Unknown or Not Stated,53,2020,NHOPI,9,97,observed,0,zero
Washington,2020,White,Hispanic or Latino,53,2020,2106-3,2135-2,13850,observed,14,observed
Washington,2020,White,Not Hispanic or Latino,53,2020,2106-3,2186-5,46199,observed,16,observed
Washington,2020,White,Unknown or Not Stated,53,2020,2106-3,9,1668,observed,Suppressed,suppressed
Washington,2021,American Indian or Alaska Native,Hispanic or Latino,53,2021,1002-5,2135-2,652,observed,Suppressed,suppressed
Washington,2021,American Indian or Alaska Native,Not Hispanic or Latino,53,2021,1002-5,2186-5,928,observed,Suppressed,suppressed
Washington,2021,American Indian or Alaska Native,Unknown or Not Stated,53,2021,1002-5,9,83,observed,0,zero
Washington,2021,Asian,Hispanic or Latino,53,2021,A,2135-2,370,observed,0,zero
Washington,2021,Asian,Not Hispanic or Latino,53,2021,A,2186-5,8817,observed,Suppressed,suppressed
Washington,2021,Asian,Unknown or Not Stated,53,2021,A,9,412,observed,Suppressed,suppressed
Washington,2021,Black or African American,Hispanic or Latino,53,2021,2054-5,2135-2,672,observed,Suppressed,suppressed
Washington,2021,Black or African American,Not Hispanic or Latino,53,2021,2054-5,2186-5,3698,observed,Suppressed,suppressed
Washington,2021,Black or African American,Unknown or Not Stated,53,2021,2054-5,9,394,observed,Suppressed,suppressed
Washington,2021,More than one race,Hispanic or Latino,53,2021,M,2135-2,496,observed,0,zero
Washington,2021,More than one race,Not Hispanic or Latino,53,2021,M,2186-5,3727,observed,Suppressed,suppressed
Washington,2021,More than one race,Unknown or Not Stated,53,2021,M,9,65,observed,0,zero
Washington,2021,Native Hawaiian or Other Pacific Islander,Hispanic or Latino,53,2021,NHOPI,2135-2,152,observed,0,zero
Washington,2021,Native Hawaiian or Other Pacific Islander,Not Hispanic or Latino,53,2021,NHOPI,2186-5,1181,observed,Suppressed,suppressed
Washington,2021,Native Hawaiian or Other Pacific Islander,Unknown or Not Stated,53,2021,NHOPI,9,100,observed,0,zero
Washington,2021,White,Hispanic or Latino,53,2021,2106-3,2135-2,13918,observed,12,observed
Washington,2021,White,Not Hispanic or Latino,53,2021,2106-3,2186-5,46187,observed,23,observed
Washington,2021,White,Unknown or Not Stated,53,2021,2106-3,9,2059,observed,Suppressed,suppressed
Washington,2022,American Indian or Alaska Native,Hispanic or Latino,53,2022,1002-5,2135-2,695,observed,0,zero
Washington,2022,American Indian or Alaska Native,Not Hispanic or Latino,53,2022,1002-5,2186-5,861,observed,Suppressed,suppressed
Washington,2022,American Indian or Alaska Native,Unknown or Not Stated,53,2022,1002-5,9,62,observed,0,zero
Washington,2022,Asian,Hispanic or Latino,53,2022,A,2135-2,338,observed,0,zero
Washington,2022,Asian,Not Hispanic or Latino,53,2022,A,2186-5,9159,observed,Suppressed,suppressed
Washington,2022,Asian,Unknown or Not Stated,53,2022,A,9,455,observed,Suppressed,suppressed
Washington,2022,Black or African American,Hispanic or Latino,53,2022,2054-5,2135-2,723,observed,0,zero
Washington,2022,Black or African American,Not Hispanic or Latino,53,2022,2054-5,2186-5,3797,observed,Suppressed,suppressed
Washington,2022,Black or African American,Unknown or Not Stated,53,2022,2054-5,9,422,observed,0,zero
Washington,2022,More than one race,Hispanic or Latino,53,2022,M,2135-2,543,observed,0,zero
Washington,2022,More than one race,Not Hispanic or Latino,53,2022,M,2186-5,3895,observed,0,zero
Washington,2022,More than one race,Unknown or Not Stated,53,2022,M,9,57,observed,0,zero
Washington,2022,Native Hawaiian or Other Pacific Islander,Hispanic or Latino,53,2022,NHOPI,2135-2,157,observed,0,zero
Washington,2022,Native Hawaiian or Other Pacific Islander,Not Hispanic or Latino,53,2022,NHOPI,2186-5,1284,observed,0,zero
Washington,2022,Native Hawaiian or Other Pacific Islander,Unknown or Not Stated,53,2022,NHOPI,9,125,observed,0,zero
Washington,2022,White,Hispanic or Latino,53,2022,2106-3,2135-2,14734,observed,Suppressed,suppressed
Washington,2022,White,Not Hispanic or Latino,53,2022,2106-3,2186-5,44084,observed,20,observed
Washington,2022,White,Unknown or Not Stated,53,2022,2106-3,9,1942,observed,0,zero
Washington,2023,American Indian or Alaska Native,Hispanic or Latino,53,2023,1002-5,2135-2,635,observed,0,zero
Washington,2023,American Indian or Alaska Native,Not Hispanic or Latino,53,2023,1002-5,2186-5,828,observed,Suppressed,suppressed
Washington,2023,American Indian or Alaska Native,Unknown or Not Stated,53,2023,1002-5,9,64,observed,0,zero
Washington,2023,Asian,Hispanic or Latino,53,2023,A,2135-2,332,observed,0,zero
Washington,2023,Asian,Not Hispanic or Latino,53,2023,A,2186-5,9032,observed,Suppressed,suppressed
Washington,2023,Asian,Unknown or Not Stated,53,2023,A,9,491,observed,0,zero
Washington,2023,Black or African American,Hispanic or Latino,53,2023,2054-5,2135-2,654,observed,0,zero
Washington,2023,Black or African American,Not Hispanic or Latino,53,2023,2054-5,2186-5,3653,observed,Suppressed,suppressed
Washington,2023,Black or African American,Unknown or Not Stated,53,2023,2054-5,9,386,observed,0,zero
Washington,2023,More than one race,Hispanic or Latino,53,2023,M,2135-2,479,observed,0,zero
Washington,2023,More than one race,Not Hispanic or Latino,53,2023,M,2186-5,3819,observed,Suppressed,suppressed
Washington,2023,More than one race,Unknown or Not Stated,53,2023,M,9,73,observed,0,zero
Washington,2023,Native Hawaiian or Other Pacific Islander,Hispanic or Latino,53,2023,NHOPI,2135-2,145,observed,0,zero
Washington,2023,Native Hawaiian or Other Pacific Islander,Not Hispanic or Latino,53,2023,NHOPI,2186-5,1348,observed,0,zero
Washington,2023,Native Hawaiian or Other Pacific Islander,Unknown or Not Stated,53,2023,NHOPI,9,128,observed,0,zero
Washington,2023,White,Hispanic or Latino,53,2023,2106-3,2135-2,14900,observed,11,observed
Washington,2023,White,Not Hispanic or Latino,53,2023,2106-3,2186-5,42237,observed,19,observed
Washington,2023,White,Unknown or Not Stated,53,2023,2106-3,9,1728,observed,0,zero
Washington,2024,American Indian or Alaska Native,Hispanic or Latino,53,2024,1002-5,2135-2,693,observed,0,zero
Washington,2024,American Indian or Alaska Native,Not Hispanic or Latino,53,2024,1002-5,2186-5,868,observed,Suppressed,suppressed
Washington,2024,American Indian or Alaska Native,Unknown or Not Stated,53,2024,1002-5,9,82,observed,0,zero
Washington,2024,Asian,Hispanic or Latino,53,2024,A,2135-2,365,observed,0,zero
Washington,2024,Asian,Not Hispanic or Latino,53,2024,A,2186-5,9587,observed,Suppressed,suppressed
Washington,2024,Asian,Unknown or Not Stated,53,2024,A,9,536,observed,0,zero
Washington,2024,Black or African American,Hispanic or Latino,53,2024,2054-5,2135-2,680,observed,0,zero
Washington,2024,Black or African American,Not Hispanic or Latino,53,2024,2054-5,2186-5,3780,observed,Suppressed,suppressed
Washington,2024,Black or African American,Unknown or Not Stated,53,2024,2054-5,9,449,observed,0,zero
Washington,2024,More than one race,Hispanic or Latino,53,2024,M,2135-2,525,observed,0,zero
Washington,2024,More than one race,Not Hispanic or Latino,53,2024,M,2186-5,3898,observed,Suppressed,suppressed
Washington,2024,More than one race,Unknown or Not Stated,53,2024,M,9,59,observed,0,zero
Washington,2024,Native Hawaiian or Other Pacific Islander,Hispanic or Latino,53,2024,NHOPI,2135-2,169,observed,0,zero
Washington,2024,Native Hawaiian or Other Pacific Islander,Not Hispanic or Latino,53,2024,NHOPI,2186-5,1357,observed,0,zero
Washington,2024,Native Hawaiian or Other Pacific Islander,Unknown or Not Stated,53,2024,NHOPI,9,136,observed,0,zero
Washington,2024,White,Hispanic or Latino,53,2024,2106-3,2135-2,15708,observed,13,observed
Washington,2024,White,Not Hispanic or Latino,53,2024,2106-3,2186-5,42258,observed,17,observed
Washington,2024,White,Unknown or Not Stated,53,2024,2106-3,9,1968,observed,Suppressed,suppressed
West Virginia,2016,American Indian or Alaska Native,Hispanic or Latino,54,2016,1002-5,2135-2,Suppressed,suppressed,0,zero
West Virginia,2016,American Indian or Alaska Native,Not Hispanic or Latino,54,2016,1002-5,2186-5,17,observed,0,zero
West Virginia,2016,American Indian or Alaska Native,Unknown or Not Stated,54,2016,1002-5,9,Suppressed,suppressed,0,zero
West Virginia,2016,Asian,Hispanic or Latino,54,2016,A,2135-2,13,observed,0,zero
West Virginia,2016,Asian,Not Hispanic or Latino,54,2016,A,2186-5,170,observed,0,zero
West Virginia,2016,Asian,Unknown or Not Stated,54,2016,A,9,Suppressed,suppressed,0,zero
West Virginia,2016,Black or African American,Hispanic or Latino,54,2016,2054-5,2135-2,26,observed,0,zero
West Virginia,2016,Black or African American,Not Hispanic or Latino,54,2016,2054-5,2186-5,587,observed,0,zero
West Virginia,2016,Black or African American,Unknown or Not Stated,54,2016,2054-5,9,15,observed,0,zero
West Virginia,2016,More than one race,Hispanic or Latino,54,2016,M,2135-2,18,observed,0,zero
West Virginia,2016,More than one race,Not Hispanic or Latino,54,2016,M,2186-5,304,observed,0,zero
West Virginia,2016,More than one race,Unknown or Not Stated,54,2016,M,9,Suppressed,suppressed,0,zero
West Virginia,2016,Native Hawaiian or Other Pacific Islander,Hispanic or Latino,54,2016,NHOPI,2135-2,Suppressed,suppressed,0,zero
West Virginia,2016,Native Hawaiian or Other Pacific Islander,Not Hispanic or Latino,54,2016,NHOPI,2186-5,Suppressed,suppressed,0,zero
West Virginia,2016,White,Hispanic or Latino,54,2016,2106-3,2135-2,313,observed,Suppressed,suppressed
West Virginia,2016,White,Not Hispanic or Latino,54,2016,2106-3,2186-5,17460,observed,10,observed
West Virginia,2016,White,Unknown or Not Stated,54,2016,2106-3,9,133,observed,0,zero
West Virginia,2017,American Indian or Alaska Native,Hispanic or Latino,54,2017,1002-5,2135-2,Suppressed,suppressed,0,zero
West Virginia,2017,American Indian or Alaska Native,Not Hispanic or Latino,54,2017,1002-5,2186-5,15,observed,0,zero
West Virginia,2017,Asian,Hispanic or Latino,54,2017,A,2135-2,Suppressed,suppressed,0,zero
West Virginia,2017,Asian,Not Hispanic or Latino,54,2017,A,2186-5,201,observed,0,zero
West Virginia,2017,Asian,Unknown or Not Stated,54,2017,A,9,Suppressed,suppressed,0,zero
West Virginia,2017,Black or African American,Hispanic or Latino,54,2017,2054-5,2135-2,24,observed,0,zero
West Virginia,2017,Black or African American,Not Hispanic or Latino,54,2017,2054-5,2186-5,629,observed,0,zero
West Virginia,2017,Black or African American,Unknown or Not Stated,54,2017,2054-5,9,Suppressed,suppressed,0,zero
West Virginia,2017,More than one race,Hispanic or Latino,54,2017,M,2135-2,16,observed,0,zero
West Virginia,2017,More than one race,Not Hispanic or Latino,54,2017,M,2186-5,364,observed,0,zero
West Virginia,2017,More than one race,Unknown or Not Stated,54,2017,M,9,Suppressed,suppressed,0,zero
West Virginia,2017,Native Hawaiian or Other Pacific Islander,Hispanic or Latino,54,2017,NHOPI,2135-2,Suppressed,suppressed,0,zero
West Virginia,2017,Native Hawaiian or Other Pacific Islander,Not Hispanic or Latino,54,2017,NHOPI,2186-5,11,observed,0,zero
West Virginia,2017,White,Hispanic or Latino,54,2017,2106-3,2135-2,333,observed,0,zero
West Virginia,2017,White,Not Hispanic or Latino,54,2017,2106-3,2186-5,16943,observed,16,observed
West Virginia,2017,White,Unknown or Not Stated,54,2017,2106-3,9,102,observed,0,zero
West Virginia,2018,American Indian or Alaska Native,Hispanic or Latino,54,2018,1002-5,2135-2,Suppressed,suppressed,0,zero
West Virginia,2018,American Indian or Alaska Native,Not Hispanic or Latino,54,2018,1002-5,2186-5,14,observed,0,zero
West Virginia,2018,Asian,Hispanic or Latino,54,2018,A,2135-2,Suppressed,suppressed,0,zero
West Virginia,2018,Asian,Not Hispanic or Latino,54,2018,A,2186-5,176,observed,0,zero
West Virginia,2018,Black or African American,Hispanic or Latino,54,2018,2054-5,2135-2,28,observed,0,zero
West Virginia,2018,Black or African American,Not Hispanic or Latino,54,2018,2054-5,2186-5,626,observed,0,zero
West Virginia,2018,Black or African American,Unknown or Not Stated,54,2018,2054-5,9,10,observed,0,zero
West Virginia,2018,More than one race,Hispanic or Latino,54,2018,M,2135-2,25,observed,0,zero
West Virginia,2018,More than one race,Not Hispanic or Latino,54,2018,M,2186-5,325,observed,Suppressed,suppressed
West Virginia,2018,More than one race,Unknown or Not Stated,54,2018,M,9,Suppressed,suppressed,0,zero
West Virginia,2018,Native Hawaiian or Other Pacific Islander,Hispanic or Latino,54,2018,NHOPI,2135-2,Suppressed,suppressed,0,zero
West Virginia,2018,Native Hawaiian or Other Pacific Islander,Not Hispanic or Latino,54,2018,NHOPI,2186-5,Suppressed,suppressed,0,zero
West Virginia,2018,White,Hispanic or Latino,54,2018,2106-3,2135-2,312,observed,0,zero
West Virginia,2018,White,Not Hispanic or Latino,54,2018,2106-3,2186-5,16621,observed,12,observed
West Virginia,2018,White,Unknown or Not Stated,54,2018,2106-3,9,91,observed,0,zero
West Virginia,2019,American Indian or Alaska Native,Hispanic or Latino,54,2019,1002-5,2135-2,10,observed,0,zero
West Virginia,2019,American Indian or Alaska Native,Not Hispanic or Latino,54,2019,1002-5,2186-5,Suppressed,suppressed,0,zero
West Virginia,2019,Asian,Hispanic or Latino,54,2019,A,2135-2,Suppressed,suppressed,0,zero
West Virginia,2019,Asian,Not Hispanic or Latino,54,2019,A,2186-5,173,observed,0,zero
West Virginia,2019,Black or African American,Hispanic or Latino,54,2019,2054-5,2135-2,26,observed,0,zero
West Virginia,2019,Black or African American,Not Hispanic or Latino,54,2019,2054-5,2186-5,620,observed,Suppressed,suppressed
West Virginia,2019,Black or African American,Unknown or Not Stated,54,2019,2054-5,9,Suppressed,suppressed,0,zero
West Virginia,2019,More than one race,Hispanic or Latino,54,2019,M,2135-2,27,observed,0,zero
West Virginia,2019,More than one race,Not Hispanic or Latino,54,2019,M,2186-5,411,observed,0,zero
West Virginia,2019,More than one race,Unknown or Not Stated,54,2019,M,9,Suppressed,suppressed,0,zero
West Virginia,2019,Native Hawaiian or Other Pacific Islander,Hispanic or Latino,54,2019,NHOPI,2135-2,Suppressed,suppressed,0,zero
West Virginia,2019,Native Hawaiian or Other Pacific Islander,Not Hispanic or Latino,54,2019,NHOPI,2186-5,Suppressed,suppressed,0,zero
West Virginia,2019,White,Hispanic or Latino,54,2019,2106-3,2135-2,316,observed,Suppressed,suppressed
West Virginia,2019,White,Not Hispanic or Latino,54,2019,2106-3,2186-5,16476,observed,11,observed
West Virginia,2019,White,Unknown or Not Stated,54,2019,2106-3,9,52,observed,0,zero
West Virginia,2020,American Indian or Alaska Native,Hispanic or Latino,54,2020,1002-5,2135-2,Suppressed,suppressed,0,zero
West Virginia,2020,American Indian or Alaska Native,Not Hispanic or Latino,54,2020,1002-5,2186-5,16,observed,0,zero
West Virginia,2020,Asian,Hispanic or Latino,54,2020,A,2135-2,Suppressed,suppressed,0,zero
West Virginia,2020,Asian,Not Hispanic or Latino,54,2020,A,2186-5,160,observed,0,zero
West Virginia,2020,Asian,Unknown or Not Stated,54,2020,A,9,Suppressed,suppressed,0,zero
West Virginia,2020,Black or African American,Hispanic or Latino,54,2020,2054-5,2135-2,30,observed,Suppressed,suppressed
West Virginia,2020,Black or African American,Not Hispanic or Latino,54,2020,2054-5,2186-5,603,observed,Suppressed,suppressed
West Virginia,2020,Black or African American,Unknown or Not Stated,54,2020,2054-5,9,Suppressed,suppressed,0,zero
West Virginia,2020,More than one race,Hispanic or Latino,54,2020,M,2135-2,23,observed,0,zero
West Virginia,2020,More than one race,Not Hispanic or Latino,54,2020,M,2186-5,376,observed,0,zero
West Virginia,2020,More than one race,Unknown or Not Stated,54,2020,M,9,Suppressed,suppressed,0,zero
West Virginia,2020,Native Hawaiian or Other Pacific Islander,Hispanic or Latino,54,2020,NHOPI,2135-2,Suppressed,suppressed,0,zero
West Virginia,2020,Native Hawaiian or Other Pacific Islander,Not Hispanic or Latino,54,2020,NHOPI,2186-5,Suppressed,suppressed,0,zero
West Virginia,2020,White,Hispanic or Latino,54,2020,2106-3,2135-2,306,observed,0,zero
West Virginia,2020,White,Not Hispanic or Latino,54,2020,2106-3,2186-5,15698,observed,15,observed
West Virginia,2020,White,Unknown or Not Stated,54,2020,2106-3,9,82,observed,0,zero
West Virginia,2021,American Indian or Alaska Native,Hispanic or Latino,54,2021,1002-5,2135-2,Suppressed,suppressed,0,zero
West Virginia,2021,American Indian or Alaska Native,Not Hispanic or Latino,54,2021,1002-5,2186-5,20,observed,0,zero
West Virginia,2021,Asian,Hispanic or Latino,54,2021,A,2135-2,Suppressed,suppressed,0,zero
West Virginia,2021,Asian,Not Hispanic or Latino,54,2021,A,2186-5,181,observed,Suppressed,suppressed
West Virginia,2021,Black or African American,Hispanic or Latino,54,2021,2054-5,2135-2,16,observed,0,zero
West Virginia,2021,Black or African American,Not Hispanic or Latino,54,2021,2054-5,2186-5,543,observed,0,zero
West Virginia,2021,Black or African American,Unknown or Not Stated,54,2021,2054-5,9,Suppressed,suppressed,0,zero
West Virginia,2021,More than one race,Hispanic or Latino,54,2021,M,2135-2,25,observed,0,zero
West Virginia,2021,More than one race,Not Hispanic or Latino,54,2021,M,2186-5,385,observed,0,zero
West Virginia,2021,More than one race,Unknown or Not Stated,54,2021,M,9,Suppressed,suppressed,0,zero
West Virginia,2021,Native Hawaiian or Other Pacific Islander,Hispanic or Latino,54,2021,NHOPI,2135-2,Suppressed,suppressed,0,zero
West Virginia,2021,Native Hawaiian or Other Pacific Islander,Not Hispanic or Latino,54,2021,NHOPI,2186-5,Suppressed,suppressed,0,zero
West Virginia,2021,White,Hispanic or Latino,54,2021,2106-3,2135-2,295,observed,Suppressed,suppressed
West Virginia,2021,White,Not Hispanic or Latino,54,2021,2106-3,2186-5,15643,observed,Suppressed,suppressed
West Virginia,2021,White,Unknown or Not Stated,54,2021,2106-3,9,73,observed,0,zero
West Virginia,2022,American Indian or Alaska Native,Hispanic or Latino,54,2022,1002-5,2135-2,11,observed,0,zero
West Virginia,2022,American Indian or Alaska Native,Not Hispanic or Latino,54,2022,1002-5,2186-5,14,observed,0,zero
West Virginia,2022,Asian,Hispanic or Latino,54,2022,A,2135-2,Suppressed,suppressed,0,zero
West Virginia,2022,Asian,Not Hispanic or Latino,54,2022,A,2186-5,178,observed,0,zero
West Virginia,2022,Asian,Unknown or Not Stated,54,2022,A,9,Suppressed,suppressed,0,zero
West Virginia,2022,Black or African American,Hispanic or Latino,54,2022,2054-5,2135-2,29,observed,0,zero
West Virginia,2022,Black or African American,Not Hispanic or Latino,54,2022,2054-5,2186-5,566,observed,0,zero
West Virginia,2022,Black or African American,Unknown or Not Stated,54,2022,2054-5,9,Suppressed,suppressed,0,zero
West Virginia,2022,More than one race,Hispanic or Latino,54,2022,M,2135-2,22,observed,0,zero
West Virginia,2022,More than one race,Not Hispanic or Latino,54,2022,M,2186-5,396,observed,0,zero
West Virginia,2022,More than one race,Unknown or Not Stated,54,2022,M,9,Suppressed,suppressed,0,zero
West Virginia,2022,Native Hawaiian or Other Pacific Islander,Hispanic or Latino,54,2022,NHOPI,2135-2,Suppressed,suppressed,0,zero
West Virginia,2022,Native Hawaiian or Other Pacific Islander,Not Hispanic or Latino,54,2022,NHOPI,2186-5,Suppressed,suppressed,0,zero
West Virginia,2022,White,Hispanic or Latino,54,2022,2106-3,2135-2,342,observed,0,zero
West Virginia,2022,White,Not Hispanic or Latino,54,2022,2106-3,2186-5,15300,observed,Suppressed,suppressed
West Virginia,2022,White,Unknown or Not Stated,54,2022,2106-3,9,50,observed,0,zero
West Virginia,2023,American Indian or Alaska Native,Hispanic or Latino,54,2023,1002-5,2135-2,15,observed,0,zero
West Virginia,2023,American Indian or Alaska Native,Not Hispanic or Latino,54,2023,1002-5,2186-5,16,observed,0,zero
West Virginia,2023,Asian,Hispanic or Latino,54,2023,A,2135-2,Suppressed,suppressed,0,zero
West Virginia,2023,Asian,Not Hispanic or Latino,54,2023,A,2186-5,178,observed,0,zero
West Virginia,2023,Black or African American,Hispanic or Latino,54,2023,2054-5,2135-2,42,observed,0,zero
West Virginia,2023,Black or African American,Not Hispanic or Latino,54,2023,2054-5,2186-5,573,observed,Suppressed,suppressed
West Virginia,2023,Black or African American,Unknown or Not Stated,54,2023,2054-5,9,Suppressed,suppressed,0,zero
West Virginia,2023,More than one race,Hispanic or Latino,54,2023,M,2135-2,26,observed,Suppressed,suppressed
West Virginia,2023,More than one race,Not Hispanic or Latino,54,2023,M,2186-5,422,observed,0,zero
West Virginia,2023,More than one race,Unknown or Not Stated,54,2023,M,9,Suppressed,suppressed,0,zero
West Virginia,2023,Native Hawaiian or Other Pacific Islander,Hispanic or Latino,54,2023,NHOPI,2135-2,Suppressed,suppressed,0,zero
West Virginia,2023,Native Hawaiian or Other Pacific Islander,Not Hispanic or Latino,54,2023,NHOPI,2186-5,Suppressed,suppressed,0,zero
West Virginia,2023,White,Hispanic or Latino,54,2023,2106-3,2135-2,415,observed,0,zero
West Virginia,2023,White,Not Hispanic or Latino,54,2023,2106-3,2186-5,14852,observed,11,observed
West Virginia,2023,White,Unknown or Not Stated,54,2023,2106-3,9,50,observed,0,zero
West Virginia,2024,American Indian or Alaska Native,Hispanic or Latino,54,2024,1002-5,2135-2,12,observed,0,zero
West Virginia,2024,American Indian or Alaska Native,Not Hispanic or Latino,54,2024,1002-5,2186-5,Suppressed,suppressed,0,zero
West Virginia,2024,Asian,Hispanic or Latino,54,2024,A,2135-2,12,observed,0,zero
West Virginia,2024,Asian,Not Hispanic or Latino,54,2024,A,2186-5,175,observed,0,zero
West Virginia,2024,Black or African American,Hispanic or Latino,54,2024,2054-5,2135-2,51,observed,0,zero
West Virginia,2024,Black or African American,Not Hispanic or Latino,54,2024,2054-5,2186-5,586,observed,Suppressed,suppressed
West Virginia,2024,Black or African American,Unknown or Not Stated,54,2024,2054-5,9,Suppressed,suppressed,0,zero
West Virginia,2024,More than one race,Hispanic or Latino,54,2024,M,2135-2,25,observed,0,zero
West Virginia,2024,More than one race,Not Hispanic or Latino,54,2024,M,2186-5,420,observed,0,zero
West Virginia,2024,More than one race,Unknown or Not Stated,54,2024,M,9,Suppressed,suppressed,0,zero
West Virginia,2024,Native Hawaiian or Other Pacific Islander,Hispanic or Latino,54,2024,NHOPI,2135-2,Suppressed,suppressed,0,zero
West Virginia,2024,Native Hawaiian or Other Pacific Islander,Not Hispanic or Latino,54,2024,NHOPI,2186-5,Suppressed,suppressed,0,zero
West Virginia,2024,White,Hispanic or Latino,54,2024,2106-3,2135-2,472,observed,Suppressed,suppressed
West Virginia,2024,White,Not Hispanic or Latino,54,2024,2106-3,2186-5,15212,observed,Suppressed,suppressed
West Virginia,2024,White,Unknown or Not Stated,54,2024,2106-3,9,37,observed,0,zero
Wisconsin,2016,American Indian or Alaska Native,Hispanic or Latino,55,2016,1002-5,2135-2,127,observed,0,zero
Wisconsin,2016,American Indian or Alaska Native,Not Hispanic or Latino,55,2016,1002-5,2186-5,689,observed,Suppressed,suppressed
Wisconsin,2016,American Indian or Alaska Native,Unknown or Not Stated,55,2016,1002-5,9,Suppressed,suppressed,0,zero
Wisconsin,2016,Asian,Hispanic or Latino,55,2016,A,2135-2,79,observed,0,zero
Wisconsin,2016,Asian,Not Hispanic or Latino,55,2016,A,2186-5,3220,observed,Suppressed,suppressed
Wisconsin,2016,Asian,Unknown or Not Stated,55,2016,A,9,25,observed,0,zero
Wisconsin,2016,Black or African American,Hispanic or Latino,55,2016,2054-5,2135-2,244,observed,0,zero
Wisconsin,2016,Black or African American,Not Hispanic or Latino,55,2016,2054-5,2186-5,6569,observed,Suppressed,suppressed
Wisconsin,2016,Black or African American,Unknown or Not Stated,55,2016,2054-5,9,35,observed,0,zero
Wisconsin,2016,More than one race,Hispanic or Latino,55,2016,M,2135-2,135,observed,0,zero
Wisconsin,2016,More than one race,Not Hispanic or Latino,55,2016,M,2186-5,1337,observed,Suppressed,suppressed
Wisconsin,2016,More than one race,Unknown or Not Stated,55,2016,M,9,Suppressed,suppressed,0,zero
Wisconsin,2016,Native Hawaiian or Other Pacific Islander,Hispanic or Latino,55,2016,NHOPI,2135-2,Suppressed,suppressed,0,zero
Wisconsin,2016,Native Hawaiian or Other Pacific Islander,Not Hispanic or Latino,55,2016,NHOPI,2186-5,25,observed,0,zero
Wisconsin,2016,White,Hispanic or Latino,55,2016,2106-3,2135-2,5914,observed,Suppressed,suppressed
Wisconsin,2016,White,Not Hispanic or Latino,55,2016,2106-3,2186-5,47994,observed,38,observed
Wisconsin,2016,White,Unknown or Not Stated,55,2016,2106-3,9,208,observed,Suppressed,suppressed
Wisconsin,2017,American Indian or Alaska Native,Hispanic or Latino,55,2017,1002-5,2135-2,119,observed,0,zero
Wisconsin,2017,American Indian or Alaska Native,Not Hispanic or Latino,55,2017,1002-5,2186-5,715,observed,0,zero
Wisconsin,2017,American Indian or Alaska Native,Unknown or Not Stated,55,2017,1002-5,9,11,observed,0,zero
Wisconsin,2017,Asian,Hispanic or Latino,55,2017,A,2135-2,71,observed,0,zero
Wisconsin,2017,Asian,Not Hispanic or Latino,55,2017,A,2186-5,3017,observed,Suppressed,suppressed
Wisconsin,2017,Asian,Unknown or Not Stated,55,2017,A,9,26,observed,0,zero
Wisconsin,2017,Black or African American,Hispanic or Latino,55,2017,2054-5,2135-2,237,observed,0,zero
Wisconsin,2017,Black or African American,Not Hispanic or Latino,55,2017,2054-5,2186-5,6864,observed,Suppressed,suppressed
Wisconsin,2017,Black or African American,Unknown or Not Stated,55,2017,2054-5,9,47,observed,0,zero
Wisconsin,2017,More than one race,Hispanic or Latino,55,2017,M,2135-2,145,observed,Suppressed,suppressed
Wisconsin,2017,More than one race,Not Hispanic or Latino,55,2017,M,2186-5,1364,observed,0,zero
Wisconsin,2017,More than one race,Unknown or Not Stated,55,2017,M,9,Suppressed,suppressed,0,zero
Wisconsin,2017,Native Hawaiian or Other Pacific Islander,Hispanic or Latino,55,2017,NHOPI,2135-2,Suppressed,suppressed,0,zero
Wisconsin,2017,Native Hawaiian or Other Pacific Islander,Not Hispanic or Latino,55,2017,NHOPI,2186-5,30,observed,0,zero
Wisconsin,2017,Native Hawaiian or Other Pacific Islander,Unknown or Not Stated,55,2017,NHOPI,9,Suppressed,suppressed,0,zero
Wisconsin,2017,White,Hispanic or Latino,55,2017,2106-3,2135-2,5792,observed,10,observed
Wisconsin,2017,White,Not Hispanic or Latino,55,2017,2106-3,2186-5,46309,observed,44,observed
Wisconsin,2017,White,Unknown or Not Stated,55,2017,2106-3,9,215,observed,Suppressed,suppressed
Wisconsin,2018,American Indian or Alaska Native,Hispanic or Latino,55,2018,1002-5,2135-2,141,observed,0,zero
Wisconsin,2018,American Indian or Alaska Native,Not Hispanic or Latino,55,2018,1002-5,2186-5,678,observed,Suppressed,suppressed
Wisconsin,2018,American Indian or Alaska Native,Unknown or Not Stated,55,2018,1002-5,9,Suppressed,suppressed,0,zero
Wisconsin,2018,Asian,Hispanic or Latino,55,2018,A,2135-2,43,observed,0,zero
Wisconsin,2018,Asian,Not Hispanic or Latino,55,2018,A,2186-5,3155,observed,Suppressed,suppressed
Wisconsin,2018,Asian,Unknown or Not Stated,55,2018,A,9,20,observed,0,zero
Wisconsin,2018,Black or African American,Hispanic or Latino,55,2018,2054-5,2135-2,210,observed,0,zero
Wisconsin,2018,Black or African American,Not Hispanic or Latino,55,2018,2054-5,2186-5,6622,observed,10,observed
Wisconsin,2018,Black or African American,Unknown or Not Stated,55,2018,2054-5,9,35,observed,Suppressed,suppressed
Wisconsin,2018,More than one race,Hispanic or Latino,55,2018,M,2135-2,161,observed,0,zero
Wisconsin,2018,More than one race,Not Hispanic or Latino,55,2018,M,2186-5,1352,observed,0,zero
Wisconsin,2018,More than one race,Unknown or Not Stated,55,2018,M,9,Suppressed,suppressed,0,zero
Wisconsin,2018,Native Hawaiian or Other Pacific Islander,Hispanic or Latino,55,2018,NHOPI,2135-2,Suppressed,suppressed,0,zero
Wisconsin,2018,Native Hawaiian or Other Pacific Islander,Not Hispanic or Latino,55,2018,NHOPI,2186-5,29,observed,0,zero
Wisconsin,2018,White,Hispanic or Latino,55,2018,2106-3,2135-2,5804,observed,Suppressed,suppressed
Wisconsin,2018,White,Not Hispanic or Latino,55,2018,2106-3,2186-5,45654,observed,44,observed
Wisconsin,2018,White,Unknown or Not Stated,55,2018,2106-3,9,178,observed,0,zero
Wisconsin,2019,American Indian or Alaska Native,Hispanic or Latino,55,2019,1002-5,2135-2,114,observed,0,zero
Wisconsin,2019,American Indian or Alaska Native,Not Hispanic or Latino,55,2019,1002-5,2186-5,632,observed,0,zero
Wisconsin,2019,American Indian or Alaska Native,Unknown or Not Stated,55,2019,1002-5,9,Suppressed,suppressed,0,zero
Wisconsin,2019,Asian,Hispanic or Latino,55,2019,A,2135-2,44,observed,0,zero
Wisconsin,2019,Asian,Not Hispanic or Latino,55,2019,A,2186-5,2942,observed,Suppressed,suppressed
Wisconsin,2019,Asian,Unknown or Not Stated,55,2019,A,9,Suppressed,suppressed,0,zero
Wisconsin,2019,Black or African American,Hispanic or Latino,55,2019,2054-5,2135-2,215,observed,Suppressed,suppressed
Wisconsin,2019,Black or African American,Not Hispanic or Latino,55,2019,2054-5,2186-5,6859,observed,Suppressed,suppressed
Wisconsin,2019,Black or African American,Unknown or Not Stated,55,2019,2054-5,9,18,observed,0,zero
Wisconsin,2019,More than one race,Hispanic or Latino,55,2019,M,2135-2,140,observed,0,zero
Wisconsin,2019,More than one race,Not Hispanic or Latino,55,2019,M,2186-5,1391,observed,0,zero
Wisconsin,2019,More than one race,Unknown or Not Stated,55,2019,M,9,Suppressed,suppressed,0,zero
Wisconsin,2019,Native Hawaiian or Other Pacific Islander,Hispanic or Latino,55,2019,NHOPI,2135-2,Suppressed,suppressed,0,zero
Wisconsin,2019,Native Hawaiian or Other Pacific Islander,Not Hispanic or Latino,55,2019,NHOPI,2186-5,32,observed,0,zero
Wisconsin,2019,White,Hispanic or Latino,55,2019,2106-3,2135-2,5945,observed,Suppressed,suppressed
Wisconsin,2019,White,Not Hispanic or Latino,55,2019,2106-3,2186-5,44784,observed,39,observed
Wisconsin,2019,White,Unknown or Not Stated,55,2019,2106-3,9,131,observed,Suppressed,suppressed
Wisconsin,2020,American Indian or Alaska Native,Hispanic or Latino,55,2020,1002-5,2135-2,129,observed,Suppressed,suppressed
Wisconsin,2020,American Indian or Alaska Native,Not Hispanic or Latino,55,2020,1002-5,2186-5,573,observed,Suppressed,suppressed
Wisconsin,2020,American Indian or Alaska Native,Unknown or Not Stated,55,2020,1002-5,9,Suppressed,suppressed,0,zero
Wisconsin,2020,Asian,Hispanic or Latino,55,2020,A,2135-2,61,observed,0,zero
Wisconsin,2020,Asian,Not Hispanic or Latino,55,2020,A,2186-5,2870,observed,Suppressed,suppressed
Wisconsin,2020,Asian,Unknown or Not Stated,55,2020,A,9,Suppressed,suppressed,0,zero
Wisconsin,2020,Black or African American,Hispanic or Latino,55,2020,2054-5,2135-2,251,observed,0,zero
Wisconsin,2020,Black or African American,Not Hispanic or Latino,55,2020,2054-5,2186-5,6429,observed,Suppressed,suppressed
Wisconsin,2020,Black or African American,Unknown or Not Stated,55,2020,2054-5,9,18,observed,0,zero
Wisconsin,2020,More than one race,Hispanic or Latino,55,2020,M,2135-2,173,observed,0,zero
Wisconsin,2020,More than one race,Not Hispanic or Latino,55,2020,M,2186-5,1329,observed,0,zero
Wisconsin,2020,More than one race,Unknown or Not Stated,55,2020,M,9,Suppressed,suppressed,0,zero
Wisconsin,2020,Native Hawaiian or Other Pacific Islander,Hispanic or Latino,55,2020,NHOPI,2135-2,Suppressed,suppressed,0,zero
Wisconsin,2020,Native Hawaiian or Other Pacific Islander,Not Hispanic or Latino,55,2020,NHOPI,2186-5,25,observed,0,zero
Wisconsin,2020,Native Hawaiian or Other Pacific Islander,Unknown or Not Stated,55,2020,NHOPI,9,Suppressed,suppressed,0,zero
Wisconsin,2020,White,Hispanic or Latino,55,2020,2106-3,2135-2,5821,observed,10,observed
Wisconsin,2020,White,Not Hispanic or Latino,55,2020,2106-3,2186-5,42715,observed,51,observed
Wisconsin,2020,White,Unknown or Not Stated,55,2020,2106-3,9,178,observed,0,zero
Wisconsin,2021,American Indian or Alaska Native,Hispanic or Latino,55,2021,1002-5,2135-2,155,observed,0,zero
Wisconsin,2021,American Indian or Alaska Native,Not Hispanic or Latino,55,2021,1002-5,2186-5,546,observed,Suppressed,suppressed
Wisconsin,2021,American Indian or Alaska Native,Unknown or Not Stated,55,2021,1002-5,9,Suppressed,suppressed,0,zero
Wisconsin,2021,Asian,Hispanic or Latino,55,2021,A,2135-2,41,observed,0,zero
Wisconsin,2021,Asian,Not Hispanic or Latino,55,2021,A,2186-5,2692,observed,Suppressed,suppressed
Wisconsin,2021,Asian,Unknown or Not Stated,55,2021,A,9,13,observed,0,zero
Wisconsin,2021,Black or African American,Hispanic or Latino,55,2021,2054-5,2135-2,277,observed,0,zero
Wisconsin,2021,Black or African American,Not Hispanic or Latino,55,2021,2054-5,2186-5,5964,observed,Suppressed,suppressed
Wisconsin,2021,Black or African American,Unknown or Not Stated,55,2021,2054-5,9,24,observed,0,zero
Wisconsin,2021,More than one race,Hispanic or Latino,55,2021,M,2135-2,214,observed,Suppressed,suppressed
Wisconsin,2021,More than one race,Not Hispanic or Latino,55,2021,M,2186-5,1390,observed,Suppressed,suppressed
Wisconsin,2021,More than one race,Unknown or Not Stated,55,2021,M,9,Suppressed,suppressed,0,zero
Wisconsin,2021,Native Hawaiian or Other Pacific Islander,Hispanic or Latino,55,2021,NHOPI,2135-2,Suppressed,suppressed,0,zero
Wisconsin,2021,Native Hawaiian or Other Pacific Islander,Not Hispanic or Latino,55,2021,NHOPI,2186-5,24,observed,0,zero
Wisconsin,2021,White,Hispanic or Latino,55,2021,2106-3,2135-2,6229,observed,Suppressed,suppressed
Wisconsin,2021,White,Not Hispanic or Latino,55,2021,2106-3,2186-5,43991,observed,41,observed
Wisconsin,2021,White,Unknown or Not Stated,55,2021,2106-3,9,199,observed,0,zero
Wisconsin,2022,American Indian or Alaska Native,Hispanic or Latino,55,2022,1002-5,2135-2,96,observed,0,zero
Wisconsin,2022,American Indian or Alaska Native,Not Hispanic or Latino,55,2022,1002-5,2186-5,499,observed,0,zero
Wisconsin,2022,American Indian or Alaska Native,Unknown or Not Stated,55,2022,1002-5,9,11,observed,0,zero
Wisconsin,2022,Asian,Hispanic or Latino,55,2022,A,2135-2,42,observed,0,zero
Wisconsin,2022,Asian,Not Hispanic or Latino,55,2022,A,2186-5,2661,observed,Suppressed,suppressed
Wisconsin,2022,Asian,Unknown or Not Stated,55,2022,A,9,23,observed,0,zero
Wisconsin,2022,Black or African American,Hispanic or Latino,55,2022,2054-5,2135-2,280,observed,0,zero
Wisconsin,2022,Black or African American,Not Hispanic or Latino,55,2022,2054-5,2186-5,5688,observed,Suppressed,suppressed
Wisconsin,2022,Black or African American,Unknown or Not Stated,55,2022,2054-5,9,42,observed,0,zero
Wisconsin,2022,More than one race,Hispanic or Latino,55,2022,M,2135-2,211,observed,0,zero
Wisconsin,2022,More than one race,Not Hispanic or Latino,55,2022,M,2186-5,1364,observed,Suppressed,suppressed
Wisconsin,2022,More than one race,Unknown or Not Stated,55,2022,M,9,13,observed,0,zero
Wisconsin,2022,Native Hawaiian or Other Pacific Islander,Hispanic or Latino,55,2022,NHOPI,2135-2,Suppressed,suppressed,0,zero
Wisconsin,2022,Native Hawaiian or Other Pacific Islander,Not Hispanic or Latino,55,2022,NHOPI,2186-5,34,observed,0,zero
Wisconsin,2022,White,Hispanic or Latino,55,2022,2106-3,2135-2,6339,observed,Suppressed,suppressed
Wisconsin,2022,White,Not Hispanic or Latino,55,2022,2106-3,2186-5,42455,observed,29,observed
Wisconsin,2022,White,Unknown or Not Stated,55,2022,2106-3,9,288,observed,0,zero
Wisconsin,2023,American Indian or Alaska Native,Hispanic or Latino,55,2023,1002-5,2135-2,113,observed,0,zero
Wisconsin,2023,American Indian or Alaska Native,Not Hispanic or Latino,55,2023,1002-5,2186-5,486,observed,0,zero
Wisconsin,2023,American Indian or Alaska Native,Unknown or Not Stated,55,2023,1002-5,9,Suppressed,suppressed,0,zero
Wisconsin,2023,Asian,Hispanic or Latino,55,2023,A,2135-2,45,observed,0,zero
Wisconsin,2023,Asian,Not Hispanic or Latino,55,2023,A,2186-5,2651,observed,Suppressed,suppressed
Wisconsin,2023,Asian,Unknown or Not Stated,55,2023,A,9,42,observed,0,zero
Wisconsin,2023,Black or African American,Hispanic or Latino,55,2023,2054-5,2135-2,300,observed,0,zero
Wisconsin,2023,Black or African American,Not Hispanic or Latino,55,2023,2054-5,2186-5,5592,observed,Suppressed,suppressed
Wisconsin,2023,Black or African American,Unknown or Not Stated,55,2023,2054-5,9,70,observed,Suppressed,suppressed
Wisconsin,2023,More than one race,Hispanic or Latino,55,2023,M,2135-2,183,observed,0,zero
Wisconsin,2023,More than one race,Not Hispanic or Latino,55,2023,M,2186-5,1383,observed,Suppressed,suppressed
Wisconsin,2023,More than one race,Unknown or Not Stated,55,2023,M,9,14,observed,0,zero
Wisconsin,2023,Native Hawaiian or Other Pacific Islander,Hispanic or Latino,55,2023,NHOPI,2135-2,11,observed,0,zero
Wisconsin,2023,Native Hawaiian or Other Pacific Islander,Not Hispanic or Latino,55,2023,NHOPI,2186-5,22,observed,0,zero
Wisconsin,2023,White,Hispanic or Latino,55,2023,2106-3,2135-2,6939,observed,Suppressed,suppressed
Wisconsin,2023,White,Not Hispanic or Latino,55,2023,2106-3,2186-5,41471,observed,49,observed
Wisconsin,2023,White,Unknown or Not Stated,55,2023,2106-3,9,424,observed,0,zero
Wisconsin,2024,American Indian or Alaska Native,Hispanic or Latino,55,2024,1002-5,2135-2,127,observed,0,zero
Wisconsin,2024,American Indian or Alaska Native,Not Hispanic or Latino,55,2024,1002-5,2186-5,450,observed,0,zero
Wisconsin,2024,American Indian or Alaska Native,Unknown or Not Stated,55,2024,1002-5,9,Suppressed,suppressed,0,zero
Wisconsin,2024,Asian,Hispanic or Latino,55,2024,A,2135-2,55,observed,0,zero
Wisconsin,2024,Asian,Not Hispanic or Latino,55,2024,A,2186-5,2789,observed,Suppressed,suppressed
Wisconsin,2024,Asian,Unknown or Not Stated,55,2024,A,9,41,observed,0,zero
Wisconsin,2024,Black or African American,Hispanic or Latino,55,2024,2054-5,2135-2,318,observed,Suppressed,suppressed
Wisconsin,2024,Black or African American,Not Hispanic or Latino,55,2024,2054-5,2186-5,5467,observed,Suppressed,suppressed
Wisconsin,2024,Black or African American,Unknown or Not Stated,55,2024,2054-5,9,49,observed,0,zero
Wisconsin,2024,More than one race,Hispanic or Latino,55,2024,M,2135-2,222,observed,0,zero
Wisconsin,2024,More than one race,Not Hispanic or Latino,55,2024,M,2186-5,1372,observed,0,zero
Wisconsin,2024,More than one race,Unknown or Not Stated,55,2024,M,9,11,observed,0,zero
Wisconsin,2024,Native Hawaiian or Other Pacific Islander,Hispanic or Latino,55,2024,NHOPI,2135-2,Suppressed,suppressed,0,zero
Wisconsin,2024,Native Hawaiian or Other Pacific Islander,Not Hispanic or Latino,55,2024,NHOPI,2186-5,27,observed,0,zero
Wisconsin,2024,Native Hawaiian or Other Pacific Islander,Unknown or Not Stated,55,2024,NHOPI,9,Suppressed,suppressed,0,zero
Wisconsin,2024,White,Hispanic or Latino,55,2024,2106-3,2135-2,7515,observed,Suppressed,suppressed
Wisconsin,2024,White,Not Hispanic or Latino,55,2024,2106-3,2186-5,40779,observed,32,observed
Wisconsin,2024,White,Unknown or Not Stated,55,2024,2106-3,9,448,observed,Suppressed,suppressed
Wyoming,2016,American Indian or Alaska Native,Hispanic or Latino,56,2016,1002-5,2135-2,32,observed,0,zero
Wyoming,2016,American Indian or Alaska Native,Not Hispanic or Latino,56,2016,1002-5,2186-5,200,observed,Suppressed,suppressed
Wyoming,2016,American Indian or Alaska Native,Unknown or Not Stated,56,2016,1002-5,9,13,observed,0,zero
Wyoming,2016,Asian,Hispanic or Latino,56,2016,A,2135-2,10,observed,0,zero
Wyoming,2016,Asian,Not Hispanic or Latino,56,2016,A,2186-5,100,observed,0,zero
Wyoming,2016,Asian,Unknown or Not Stated,56,2016,A,9,Suppressed,suppressed,0,zero
Wyoming,2016,Black or African American,Hispanic or Latino,56,2016,2054-5,2135-2,29,observed,0,zero
Wyoming,2016,Black or African American,Not Hispanic or Latino,56,2016,2054-5,2186-5,63,observed,0,zero
Wyoming,2016,Black or African American,Unknown or Not Stated,56,2016,2054-5,9,Suppressed,suppressed,0,zero
Wyoming,2016,More than one race,Hispanic or Latino,56,2016,M,2135-2,25,observed,0,zero
Wyoming,2016,More than one race,Not Hispanic or Latino,56,2016,M,2186-5,135,observed,0,zero
Wyoming,2016,Native Hawaiian or Other Pacific Islander,Hispanic or Latino,56,2016,NHOPI,2135-2,Suppressed,suppressed,0,zero
Wyoming,2016,Native Hawaiian or Other Pacific Islander,Not Hispanic or Latino,56,2016,NHOPI,2186-5,Suppressed,suppressed,0,zero
Wyoming,2016,White,Hispanic or Latino,56,2016,2106-3,2135-2,876,observed,0,zero
Wyoming,2016,White,Not Hispanic or Latino,56,2016,2106-3,2186-5,5763,observed,Suppressed,suppressed
Wyoming,2016,White,Unknown or Not Stated,56,2016,2106-3,9,130,observed,0,zero
Wyoming,2017,American Indian or Alaska Native,Hispanic or Latino,56,2017,1002-5,2135-2,35,observed,0,zero
Wyoming,2017,American Indian or Alaska Native,Not Hispanic or Latino,56,2017,1002-5,2186-5,201,observed,0,zero
Wyoming,2017,American Indian or Alaska Native,Unknown or Not Stated,56,2017,1002-5,9,13,observed,0,zero
Wyoming,2017,Asian,Hispanic or Latino,56,2017,A,2135-2,12,observed,0,zero
Wyoming,2017,Asian,Not Hispanic or Latino,56,2017,A,2186-5,79,observed,0,zero
Wyoming,2017,Asian,Unknown or Not Stated,56,2017,A,9,Suppressed,suppressed,0,zero
Wyoming,2017,Black or African American,Hispanic or Latino,56,2017,2054-5,2135-2,24,observed,0,zero
Wyoming,2017,Black or African American,Not Hispanic or Latino,56,2017,2054-5,2186-5,45,observed,0,zero
Wyoming,2017,Black or African American,Unknown or Not Stated,56,2017,2054-5,9,Suppressed,suppressed,0,zero
Wyoming,2017,More than one race,Hispanic or Latino,56,2017,M,2135-2,32,observed,0,zero
Wyoming,2017,More than one race,Not Hispanic or Latino,56,2017,M,2186-5,138,observed,0,zero
Wyoming,2017,More than one race,Unknown or Not Stated,56,2017,M,9,Suppressed,suppressed,0,zero
Wyoming,2017,Native Hawaiian or Other Pacific Islander,Hispanic or Latino,56,2017,NHOPI,2135-2,Suppressed,suppressed,0,zero
Wyoming,2017,Native Hawaiian or Other Pacific Islander,Not Hispanic or Latino,56,2017,NHOPI,2186-5,Suppressed,suppressed,0,zero
Wyoming,2017,White,Hispanic or Latino,56,2017,2106-3,2135-2,785,observed,0,zero
Wyoming,2017,White,Not Hispanic or Latino,56,2017,2106-3,2186-5,5426,observed,Suppressed,suppressed
Wyoming,2017,White,Unknown or Not Stated,56,2017,2106-3,9,95,observed,0,zero
Wyoming,2018,American Indian or Alaska Native,Hispanic or Latino,56,2018,1002-5,2135-2,20,observed,0,zero
Wyoming,2018,American Indian or Alaska Native,Not Hispanic or Latino,56,2018,1002-5,2186-5,212,observed,0,zero
Wyoming,2018,American Indian or Alaska Native,Unknown or Not Stated,56,2018,1002-5,9,15,observed,0,zero
Wyoming,2018,Asian,Hispanic or Latino,56,2018,A,2135-2,Suppressed,suppressed,0,zero
Wyoming,2018,Asian,Not Hispanic or Latino,56,2018,A,2186-5,72,observed,0,zero
Wyoming,2018,Asian,Unknown or Not Stated,56,2018,A,9,Suppressed,suppressed,0,zero
Wyoming,2018,Black or African American,Hispanic or Latino,56,2018,2054-5,2135-2,17,observed,0,zero
Wyoming,2018,Black or African American,Not Hispanic or Latino,56,2018,2054-5,2186-5,57,observed,0,zero
Wyoming,2018,Black or African American,Unknown or Not Stated,56,2018,2054-5,9,Suppressed,suppressed,0,zero
Wyoming,2018,More than one race,Hispanic or Latino,56,2018,M,2135-2,32,observed,0,zero
Wyoming,2018,More than one race,Not Hispanic or Latino,56,2018,M,2186-5,134,observed,0,zero
Wyoming,2018,More than one race,Unknown or Not Stated,56,2018,M,9,Suppressed,suppressed,0,zero
Wyoming,2018,Native Hawaiian or Other Pacific Islander,Hispanic or Latino,56,2018,NHOPI,2135-2,Suppressed,suppressed,0,zero
Wyoming,2018,Native Hawaiian or Other Pacific Islander,Not Hispanic or Latino,56,2018,NHOPI,2186-5,Suppressed,suppressed,0,zero
Wyoming,2018,White,Hispanic or Latino,56,2018,2106-3,2135-2,767,observed,0,zero
Wyoming,2018,White,Not Hispanic or Latino,56,2018,2106-3,2186-5,5078,observed,Suppressed,suppressed
Wyoming,2018,White,Unknown or Not Stated,56,2018,2106-3,9,128,observed,0,zero
Wyoming,2019,American Indian or Alaska Native,Hispanic or Latino,56,2019,1002-5,2135-2,27,observed,0,zero
Wyoming,2019,American Indian or Alaska Native,Not Hispanic or Latino,56,2019,1002-5,2186-5,191,observed,0,zero
Wyoming,2019,American Indian or Alaska Native,Unknown or Not Stated,56,2019,1002-5,9,Suppressed,suppressed,0,zero
Wyoming,2019,Asian,Hispanic or Latino,56,2019,A,2135-2,Suppressed,suppressed,0,zero
Wyoming,2019,Asian,Not Hispanic or Latino,56,2019,A,2186-5,73,observed,0,zero
Wyoming,2019,Asian,Unknown or Not Stated,56,2019,A,9,Suppressed,suppressed,0,zero
Wyoming,2019,Black or African American,Hispanic or Latino,56,2019,2054-5,2135-2,16,observed,0,zero
Wyoming,2019,Black or African American,Not Hispanic or Latino,56,2019,2054-5,2186-5,61,observed,0,zero
Wyoming,2019,Black or African American,Unknown or Not Stated,56,2019,2054-5,9,Suppressed,suppressed,0,zero
Wyoming,2019,More than one race,Hispanic or Latino,56,2019,M,2135-2,32,observed,0,zero
Wyoming,2019,More than one race,Not Hispanic or Latino,56,2019,M,2186-5,121,observed,0,zero
Wyoming,2019,Native Hawaiian or Other Pacific Islander,Hispanic or Latino,56,2019,NHOPI,2135-2,Suppressed,suppressed,0,zero
Wyoming,2019,Native Hawaiian or Other Pacific Islander,Not Hispanic or Latino,56,2019,NHOPI,2186-5,Suppressed,suppressed,0,zero
Wyoming,2019,White,Hispanic or Latino,56,2019,2106-3,2135-2,750,observed,Suppressed,suppressed
Wyoming,2019,White,Not Hispanic or Latino,56,2019,2106-3,2186-5,5158,observed,Suppressed,suppressed
Wyoming,2019,White,Unknown or Not Stated,56,2019,2106-3,9,105,observed,0,zero
Wyoming,2020,American Indian or Alaska Native,Hispanic or Latino,56,2020,1002-5,2135-2,42,observed,0,zero
Wyoming,2020,American Indian or Alaska Native,Not Hispanic or Latino,56,2020,1002-5,2186-5,176,observed,0,zero
Wyoming,2020,American Indian or Alaska Native,Unknown or Not Stated,56,2020,1002-5,9,Suppressed,suppressed,0,zero
Wyoming,2020,Asian,Hispanic or Latino,56,2020,A,2135-2,Suppressed,suppressed,0,zero
Wyoming,2020,Asian,Not Hispanic or Latino,56,2020,A,2186-5,58,observed,0,zero
Wyoming,2020,Asian,Unknown or Not Stated,56,2020,A,9,Suppressed,suppressed,0,zero
Wyoming,2020,Black or African American,Hispanic or Latino,56,2020,2054-5,2135-2,16,observed,0,zero
Wyoming,2020,Black or African American,Not Hispanic or Latino,56,2020,2054-5,2186-5,55,observed,0,zero
Wyoming,2020,Black or African American,Unknown or Not Stated,56,2020,2054-5,9,Suppressed,suppressed,0,zero
Wyoming,2020,More than one race,Hispanic or Latino,56,2020,M,2135-2,27,observed,0,zero
Wyoming,2020,More than one race,Not Hispanic or Latino,56,2020,M,2186-5,129,observed,0,zero
Wyoming,2020,More than one race,Unknown or Not Stated,56,2020,M,9,Suppressed,suppressed,0,zero
Wyoming,2020,Native Hawaiian or Other Pacific Islander,Hispanic or Latino,56,2020,NHOPI,2135-2,Suppressed,suppressed,0,zero
Wyoming,2020,Native Hawaiian or Other Pacific Islander,Not Hispanic or Latino,56,2020,NHOPI,2186-5,Suppressed,suppressed,0,zero
Wyoming,2020,White,Hispanic or Latino,56,2020,2106-3,2135-2,730,observed,0,zero
Wyoming,2020,White,Not Hispanic or Latino,56,2020,2106-3,2186-5,4762,observed,Suppressed,suppressed
Wyoming,2020,White,Unknown or Not Stated,56,2020,2106-3,9,99,observed,Suppressed,suppressed
Wyoming,2021,American Indian or Alaska Native,Hispanic or Latino,56,2021,1002-5,2135-2,30,observed,0,zero
Wyoming,2021,American Indian or Alaska Native,Not Hispanic or Latino,56,2021,1002-5,2186-5,179,observed,0,zero
Wyoming,2021,American Indian or Alaska Native,Unknown or Not Stated,56,2021,1002-5,9,21,observed,0,zero
Wyoming,2021,Asian,Hispanic or Latino,56,2021,A,2135-2,Suppressed,suppressed,0,zero
Wyoming,2021,Asian,Not Hispanic or Latino,56,2021,A,2186-5,67,observed,Suppressed,suppressed
Wyoming,2021,Asian,Unknown or Not Stated,56,2021,A,9,Suppressed,suppressed,0,zero
Wyoming,2021,Black or African American,Hispanic or Latino,56,2021,2054-5,2135-2,Suppressed,suppressed,0,zero
Wyoming,2021,Black or African American,Not Hispanic or Latino,56,2021,2054-5,2186-5,48,observed,0,zero
Wyoming,2021,Black or African American,Unknown or Not Stated,56,2021,2054-5,9,Suppressed,suppressed,0,zero
Wyoming,2021,More than one race,Hispanic or Latino,56,2021,M,2135-2,24,observed,0,zero
Wyoming,2021,More than one race,Not Hispanic or Latino,56,2021,M,2186-5,142,observed,0,zero
Wyoming,2021,More than one race,Unknown or Not Stated,56,2021,M,9,Suppressed,suppressed,0,zero
Wyoming,2021,Native Hawaiian or Other Pacific Islander,Hispanic or Latino,56,2021,NHOPI,2135-2,Suppressed,suppressed,0,zero
Wyoming,2021,Native Hawaiian or Other Pacific Islander,Not Hispanic or Latino,56,2021,NHOPI,2186-5,Suppressed,suppressed,0,zero
Wyoming,2021,Native Hawaiian or Other Pacific Islander,Unknown or Not Stated,56,2021,NHOPI,9,Suppressed,suppressed,0,zero
Wyoming,2021,White,Hispanic or Latino,56,2021,2106-3,2135-2,684,observed,0,zero
Wyoming,2021,White,Not Hispanic or Latino,56,2021,2106-3,2186-5,4882,observed,Suppressed,suppressed
Wyoming,2021,White,Unknown or Not Stated,56,2021,2106-3,9,134,observed,0,zero
Wyoming,2022,American Indian or Alaska Native,Hispanic or Latino,56,2022,1002-5,2135-2,32,observed,0,zero
Wyoming,2022,American Indian or Alaska Native,Not Hispanic or Latino,56,2022,1002-5,2186-5,178,observed,0,zero
Wyoming,2022,American Indian or Alaska Native,Unknown or Not Stated,56,2022,1002-5,9,16,observed,0,zero
Wyoming,2022,Asian,Hispanic or Latino,56,2022,A,2135-2,11,observed,0,zero
Wyoming,2022,Asian,Not Hispanic or Latino,56,2022,A,2186-5,64,observed,0,zero
Wyoming,2022,Asian,Unknown or Not Stated,56,2022,A,9,Suppressed,suppressed,0,zero
Wyoming,2022,Black or African American,Hispanic or Latino,56,2022,2054-5,2135-2,15,observed,0,zero
Wyoming,2022,Black or African American,Not Hispanic or Latino,56,2022,2054-5,2186-5,46,observed,0,zero
Wyoming,2022,Black or African American,Unknown or Not Stated,56,2022,2054-5,9,Suppressed,suppressed,0,zero
Wyoming,2022,More than one race,Hispanic or Latino,56,2022,M,2135-2,30,observed,0,zero
Wyoming,2022,More than one race,Not Hispanic or Latino,56,2022,M,2186-5,142,observed,0,zero
Wyoming,2022,More than one race,Unknown or Not Stated,56,2022,M,9,Suppressed,suppressed,0,zero
Wyoming,2022,Native Hawaiian or Other Pacific Islander,Hispanic or Latino,56,2022,NHOPI,2135-2,Suppressed,suppressed,0,zero
Wyoming,2022,Native Hawaiian or Other Pacific Islander,Not Hispanic or Latino,56,2022,NHOPI,2186-5,Suppressed,suppressed,0,zero
Wyoming,2022,Native Hawaiian or Other Pacific Islander,Unknown or Not Stated,56,2022,NHOPI,9,Suppressed,suppressed,0,zero
Wyoming,2022,White,Hispanic or Latino,56,2022,2106-3,2135-2,745,observed,Suppressed,suppressed
Wyoming,2022,White,Not Hispanic or Latino,56,2022,2106-3,2186-5,4622,observed,Suppressed,suppressed
Wyoming,2022,White,Unknown or Not Stated,56,2022,2106-3,9,127,observed,0,zero
Wyoming,2023,American Indian or Alaska Native,Hispanic or Latino,56,2023,1002-5,2135-2,36,observed,0,zero
Wyoming,2023,American Indian or Alaska Native,Not Hispanic or Latino,56,2023,1002-5,2186-5,150,observed,0,zero
Wyoming,2023,American Indian or Alaska Native,Unknown or Not Stated,56,2023,1002-5,9,12,observed,0,zero
Wyoming,2023,Asian,Hispanic or Latino,56,2023,A,2135-2,Suppressed,suppressed,0,zero
Wyoming,2023,Asian,Not Hispanic or Latino,56,2023,A,2186-5,68,observed,Suppressed,suppressed
Wyoming,2023,Asian,Unknown or Not Stated,56,2023,A,9,Suppressed,suppressed,0,zero
Wyoming,2023,Black or African American,Hispanic or Latino,56,2023,2054-5,2135-2,22,observed,0,zero
Wyoming,2023,Black or African American,Not Hispanic or Latino,56,2023,2054-5,2186-5,38,observed,0,zero
Wyoming,2023,Black or African American,Unknown or Not Stated,56,2023,2054-5,9,Suppressed,suppressed,0,zero
Wyoming,2023,More than one race,Hispanic or Latino,56,2023,M,2135-2,29,observed,0,zero
Wyoming,2023,More than one race,Not Hispanic or Latino,56,2023,M,2186-5,140,observed,0,zero
Wyoming,2023,More than one race,Unknown or Not Stated,56,2023,M,9,Suppressed,suppressed,0,zero
Wyoming,2023,Native Hawaiian or Other Pacific Islander,Hispanic or Latino,56,2023,NHOPI,2135-2,Suppressed,suppressed,0,zero
Wyoming,2023,Native Hawaiian or Other Pacific Islander,Not Hispanic or Latino,56,2023,NHOPI,2186-5,Suppressed,suppressed,0,zero
Wyoming,2023,White,Hispanic or Latino,56,2023,2106-3,2135-2,766,observed,0,zero
Wyoming,2023,White,Not Hispanic or Latino,56,2023,2106-3,2186-5,4553,observed,Suppressed,suppressed
Wyoming,2023,White,Unknown or Not Stated,56,2023,2106-3,9,148,observed,0,zero
Wyoming,2024,American Indian or Alaska Native,Hispanic or Latino,56,2024,1002-5,2135-2,48,observed,0,zero
Wyoming,2024,American Indian or Alaska Native,Not Hispanic or Latino,56,2024,1002-5,2186-5,156,observed,0,zero
Wyoming,2024,American Indian or Alaska Native,Unknown or Not Stated,56,2024,1002-5,9,14,observed,0,zero
Wyoming,2024,Asian,Hispanic or Latino,56,2024,A,2135-2,Suppressed,suppressed,0,zero
Wyoming,2024,Asian,Not Hispanic or Latino,56,2024,A,2186-5,65,observed,0,zero
Wyoming,2024,Asian,Unknown or Not Stated,56,2024,A,9,Suppressed,suppressed,0,zero
Wyoming,2024,Black or African American,Hispanic or Latino,56,2024,2054-5,2135-2,20,observed,0,zero
Wyoming,2024,Black or African American,Not Hispanic or Latino,56,2024,2054-5,2186-5,42,observed,0,zero
Wyoming,2024,More than one race,Hispanic or Latino,56,2024,M,2135-2,26,observed,0,zero
Wyoming,2024,More than one race,Not Hispanic or Latino,56,2024,M,2186-5,136,observed,0,zero
Wyoming,2024,More than one race,Unknown or Not Stated,56,2024,M,9,Suppressed,suppressed,0,zero
Wyoming,2024,Native Hawaiian or Other Pacific Islander,Hispanic or Latino,56,2024,NHOPI,2135-2,Suppressed,suppressed,0,zero
Wyoming,2024,Native Hawaiian or Other Pacific Islander,Not Hispanic or Latino,56,2024,NHOPI,2186-5,Suppressed,suppressed,0,zero
Wyoming,2024,White,Hispanic or Latino,56,2024,2106-3,2135-2,822,observed,Suppressed,suppressed
Wyoming,2024,White,Not Hispanic or Latino,56,2024,2106-3,2186-5,4587,observed,Suppressed,suppressed
Wyoming,2024,White,Unknown or Not Stated,56,2024,2106-3,9,150,observed,0,zero
